// Auto-generated from escenari/clouds_8c.png
// 320x640 -> 20x40 tiles of 16x16
// 606 unique tiles, 3 bitplanes
#pragma once
#include <exec/types.h>

#define BG_TILESET_SIZE 606
#define BG_TILE_W       16
#define BG_TILE_H       16
#define BG_TILE_BYTES   96
#define BG_MAP_COLS     20
#define BG_MAP_ROWS     40
#define BG_MAP_TOTAL    800
#define BG_BPL          3

#define BG_PAL_AMIGA_COUNT 16
static const UWORD bg_pal_amiga[16] = {
    0x0999,  // 0
    0x09AA,  // 1
    0x0AAB,  // 2
    0x0ABB,  // 3
    0x0BBC,  // 4
    0x0CCD,  // 5
    0x0DDD,  // 6
    0x0FFF,  // 7  -- blanc per HUD (color 7) i qualsevol pixel bg d'index 7
    0x0000,  // 8
    0x0000,  // 9
    0x0000,  // 10
    0x0000,  // 11
    0x0000,  // 12
    0x0000,  // 13
    0x0000,  // 14
    0x0000,  // 15
};

static const UBYTE bg_tiles[606][BG_TILE_BYTES] = {
    /*   0 */ {0x00,0x00,0x15,0x55,0x02,0x22,0x15,0x55,0x09,0x55,0x05,0x55,0xAA,0x2A,0x00,0x00,
                 0x0A,0xAA,0x00,0x00,0xAA,0xAA,0x00,0x00,0x2A,0xB6,0x05,0x55,0x88,0x1C,0x05,0x55,
                 0x00,0x00,0x2A,0xAA,0x62,0x22,0xAA,0xAA,0x14,0x00,0xBA,0xAA,0x15,0xD5,0xBF,0xFF,
                 0x15,0x55,0xBF,0xFF,0x15,0x55,0xBF,0xFF,0x15,0x41,0xBA,0xAA,0x15,0xC1,0xBA,0xAA,
                 0x00,0x00,0x00,0x00,0x1D,0xDD,0x7F,0xFF,0x7F,0xFF,0x7F,0xFF,0x7F,0xFF,0x7F,0xFF,
                 0x7F,0xFF,0x7F,0xFF,0x7F,0xFF,0x7F,0xFF,0x7F,0xFF,0x7F,0xFF,0x7F,0xFF,0x7F,0xFF,},
    /*   1 */ {0x00,0x00,0x55,0x55,0xA2,0x22,0x55,0x55,0x55,0x55,0x55,0x55,0x2A,0x2A,0x00,0x00,
                 0xAA,0xAA,0x00,0x00,0xAA,0xAA,0x00,0x00,0xAA,0xAA,0x55,0x40,0x0A,0x2A,0x50,0x00,
                 0x00,0x00,0xAA,0xAA,0xA2,0x22,0xAA,0xAA,0x00,0x00,0xAA,0xAA,0xD5,0xD5,0xFF,0xFF,
                 0x55,0x55,0xFF,0xFF,0x55,0x55,0xFF,0xFF,0x55,0x55,0xAA,0xBF,0xD5,0xD5,0xAF,0xFF,
                 0x00,0x00,0x00,0x00,0x5D,0xDD,0xFF,0xFF,0xFF,0xFF,0xFF,0xFF,0xFF,0xFF,0xFF,0xFF,
                 0xFF,0xFF,0xFF,0xFF,0xFF,0xFF,0xFF,0xFF,0xFF,0xFF,0xFF,0xFF,0xFF,0xFF,0xFF,0xFF,},
    /*   2 */ {0x00,0x00,0x55,0x55,0xA2,0x22,0x55,0x55,0x55,0x55,0x55,0x55,0x2A,0x2A,0x00,0x00,
                 0xAA,0xAA,0x00,0x00,0xAA,0xAA,0x00,0x00,0xAA,0xAA,0x00,0x00,0x2A,0x2A,0x00,0x00,
                 0x00,0x00,0xAA,0xAA,0xA2,0x22,0xAA,0xAA,0x00,0x00,0xAA,0xAA,0xD5,0xD5,0xFF,0xFF,
                 0x55,0x55,0xFF,0xFF,0x55,0x55,0xFF,0xFF,0x55,0x55,0xFF,0xFF,0xD5,0xD5,0xFF,0xFF,
                 0x00,0x00,0x00,0x00,0x5D,0xDD,0xFF,0xFF,0xFF,0xFF,0xFF,0xFF,0xFF,0xFF,0xFF,0xFF,
                 0xFF,0xFF,0xFF,0xFF,0xFF,0xFF,0xFF,0xFF,0xFF,0xFF,0xFF,0xFF,0xFF,0xFF,0xFF,0xFF,},
    /*   3 */ {0x00,0x00,0x55,0x55,0xA2,0x22,0x55,0x55,0x54,0xAA,0x55,0x00,0x2A,0x2A,0x00,0x00,
                 0xAA,0xAA,0x00,0x00,0xAA,0xAA,0x00,0x00,0xAA,0xAA,0x00,0x00,0x2A,0x2A,0x00,0x00,
                 0x00,0x00,0xAA,0xAA,0xA2,0x22,0xAA,0xAA,0x01,0x55,0xAA,0xFF,0xD5,0xD5,0xFF,0xFF,
                 0x55,0x55,0xFF,0xFF,0x55,0x55,0xFF,0xFF,0x55,0x55,0xFF,0xFF,0xD5,0xD5,0xFF,0xFF,
                 0x00,0x00,0x00,0x00,0x5D,0xDD,0xFF,0xFF,0xFF,0xFF,0xFF,0xFF,0xFF,0xFF,0xFF,0xFF,
                 0xFF,0xFF,0xFF,0xFF,0xFF,0xFF,0xFF,0xFF,0xFF,0xFF,0xFF,0xFF,0xFF,0xFF,0xFF,0xFF,},
    /*   4 */ {0x00,0x00,0x55,0x55,0xA2,0x22,0x55,0x55,0xAA,0xAA,0x00,0x00,0x2A,0x2A,0x00,0x00,
                 0xAA,0xAA,0x00,0x00,0xAA,0xAA,0x00,0x00,0xAA,0xAA,0x00,0x00,0x2A,0x2A,0x00,0x00,
                 0x00,0x00,0xAA,0xAA,0xA2,0x22,0xAA,0xAA,0x55,0x55,0xFF,0xFF,0xD5,0xD5,0xFF,0xFF,
                 0x55,0x55,0xFF,0xFF,0x55,0x55,0xFF,0xFF,0x55,0x55,0xFF,0xFF,0xD5,0xD5,0xFF,0xFF,
                 0x00,0x00,0x00,0x00,0x5D,0xDD,0xFF,0xFF,0xFF,0xFF,0xFF,0xFF,0xFF,0xFF,0xFF,0xFF,
                 0xFF,0xFF,0xFF,0xFF,0xFF,0xFF,0xFF,0xFF,0xFF,0xFF,0xFF,0xFF,0xFF,0xFF,0xFF,0xFF,},
    /*   5 */ {0x00,0x00,0x55,0x55,0xA2,0x22,0x55,0x40,0xAA,0xAA,0x00,0x00,0x2A,0x2A,0x00,0x00,
                 0xAA,0xAA,0x00,0x00,0xAA,0xAA,0x00,0x00,0xAA,0xAA,0x00,0x00,0x2A,0x2A,0x00,0x00,
                 0x00,0x00,0xAA,0xAA,0xA2,0x22,0xAA,0xBF,0x55,0x55,0xFF,0xFF,0xD5,0xD5,0xFF,0xFF,
                 0x55,0x55,0xFF,0xFF,0x55,0x55,0xFF,0xFF,0x55,0x55,0xFF,0xFF,0xD5,0xD5,0xFF,0xFF,
                 0x00,0x00,0x00,0x00,0x5D,0xDD,0xFF,0xFF,0xFF,0xFF,0xFF,0xFF,0xFF,0xFF,0xFF,0xFF,
                 0xFF,0xFF,0xFF,0xFF,0xFF,0xFF,0xFF,0xFF,0xFF,0xFF,0xFF,0xFF,0xFF,0xFF,0xFF,0xFF,},
    /*   6 */ {0x00,0x00,0x55,0x55,0xA2,0x22,0x05,0x55,0xAA,0xAA,0x00,0x00,0x2A,0x2A,0x00,0x00,
                 0xAA,0xAA,0x00,0x00,0xAA,0xAA,0x00,0x00,0xAA,0xAA,0x00,0x00,0x2A,0x2A,0x00,0x00,
                 0x00,0x00,0xAA,0xAA,0xA2,0x22,0xFA,0xAA,0x55,0x55,0xFF,0xFF,0xD5,0xD5,0xFF,0xFF,
                 0x55,0x55,0xFF,0xFF,0x55,0x55,0xFF,0xFF,0x55,0x55,0xFF,0xFF,0xD5,0xD5,0xFF,0xFF,
                 0x00,0x00,0x00,0x00,0x5D,0xDD,0xFF,0xFF,0xFF,0xFF,0xFF,0xFF,0xFF,0xFF,0xFF,0xFF,
                 0xFF,0xFF,0xFF,0xFF,0xFF,0xFF,0xFF,0xFF,0xFF,0xFF,0xFF,0xFF,0xFF,0xFF,0xFF,0xFF,},
    /*   7 */ {0x00,0x00,0x55,0x55,0xA2,0x22,0x55,0x55,0xAD,0x55,0x0C,0x44,0x2A,0x2A,0x00,0x00,
                 0xAA,0xAA,0x00,0x00,0xAA,0xAA,0x00,0x00,0xAA,0xAA,0x00,0x00,0x2A,0x2A,0x00,0x00,
                 0x00,0x00,0xAA,0xAA,0xA2,0x22,0xAA,0xAA,0x50,0x00,0xF3,0xBB,0xD5,0xD5,0xFF,0xFF,
                 0x55,0x55,0xFF,0xFF,0x55,0x55,0xFF,0xFF,0x55,0x55,0xFF,0xFF,0xD5,0xD5,0xFF,0xFF,
                 0x00,0x00,0x00,0x00,0x5D,0xDD,0xFF,0xFF,0xFF,0xFF,0xFF,0xFF,0xFF,0xFF,0xFF,0xFF,
                 0xFF,0xFF,0xFF,0xFF,0xFF,0xFF,0xFF,0xFF,0xFF,0xFF,0xFF,0xFF,0xFF,0xFF,0xFF,0xFF,},
    /*   8 */ {0x00,0x00,0x55,0x55,0xA2,0x22,0x55,0x55,0x55,0x55,0x4D,0x55,0x0D,0xDD,0x11,0x11,
                 0x80,0x55,0xC4,0xD5,0xA8,0xDD,0x01,0x11,0xA8,0x55,0x04,0x55,0x2A,0x1D,0x00,0x11,
                 0x00,0x00,0xAA,0xAA,0xA2,0x22,0xAA,0xAA,0x00,0x00,0xB2,0xAA,0xD0,0x00,0xEE,0xEE,
                 0x55,0x00,0x3B,0x2A,0x55,0x00,0xFE,0xEE,0x55,0x00,0xFB,0xAA,0xD5,0xC0,0xFF,0xEE,
                 0x00,0x00,0x00,0x00,0x5D,0xDD,0xFF,0xFF,0xFF,0xFF,0xFF,0xFF,0xFF,0xFF,0xFF,0xFF,
                 0xFF,0xFF,0xFF,0xFF,0xFF,0xFF,0xFF,0xFF,0xFF,0xFF,0xFF,0xFF,0xFF,0xFF,0xFF,0xFF,},
    /*   9 */ {0x00,0x00,0x55,0x55,0xA2,0x22,0x55,0x55,0x56,0x55,0x5C,0x55,0xDE,0x7F,0x10,0x55,
                 0x56,0xFF,0xD4,0xD5,0xDE,0xFA,0x10,0x50,0x76,0xFA,0x54,0x54,0xDA,0x2A,0x10,0x00,
                 0x00,0x00,0xAA,0xAA,0xA2,0x22,0xAA,0xAA,0x01,0x00,0xA3,0xAA,0x01,0x80,0xEF,0xAA,
                 0x01,0x00,0x2B,0x2A,0x01,0x05,0xEF,0xAF,0x01,0x05,0xAB,0xAB,0x05,0xD5,0xEF,0xFF,
                 0x00,0x00,0x00,0x00,0x5D,0xDD,0xFF,0xFF,0xFF,0xFF,0xFF,0xFF,0xFF,0xFF,0xFF,0xFF,
                 0xFF,0xFF,0xFF,0xFF,0xFF,0xFF,0xFF,0xFF,0xFF,0xFF,0xFF,0xFF,0xFF,0xFF,0xFF,0xFF,},
    /*  10 */ {0x00,0x00,0x55,0x55,0xA2,0x22,0x55,0x55,0x2A,0xAA,0x48,0x00,0x2A,0x2A,0x00,0x00,
                 0xAA,0xAA,0xC0,0x00,0xAA,0xAA,0x00,0x00,0xAA,0xAA,0x00,0x00,0x2A,0x2A,0x00,0x00,
                 0x00,0x00,0xAA,0xAA,0xA2,0x22,0xAA,0xAA,0x55,0x55,0xB7,0xFF,0xD5,0xD5,0xFF,0xFF,
                 0x55,0x55,0x3F,0xFF,0x55,0x55,0xFF,0xFF,0x55,0x55,0xFF,0xFF,0xD5,0xD5,0xFF,0xFF,
                 0x00,0x00,0x00,0x00,0x5D,0xDD,0xFF,0xFF,0xFF,0xFF,0xFF,0xFF,0xFF,0xFF,0xFF,0xFF,
                 0xFF,0xFF,0xFF,0xFF,0xFF,0xFF,0xFF,0xFF,0xFF,0xFF,0xFF,0xFF,0xFF,0xFF,0xFF,0xFF,},
    /*  11 */ {0x00,0x00,0x55,0x55,0xA2,0x22,0x00,0x00,0xAA,0xAA,0x00,0x00,0x2A,0x2A,0x00,0x00,
                 0xAA,0xAA,0x00,0x00,0xAA,0xAA,0x00,0x00,0xAA,0xAA,0x00,0x00,0x2A,0x2A,0x00,0x00,
                 0x00,0x00,0xAA,0xAA,0xA2,0x22,0xFF,0xFF,0x55,0x55,0xFF,0xFF,0xD5,0xD5,0xFF,0xFF,
                 0x55,0x55,0xFF,0xFF,0x55,0x55,0xFF,0xFF,0x55,0x55,0xFF,0xFF,0xD5,0xD5,0xFF,0xFF,
                 0x00,0x00,0x00,0x00,0x5D,0xDD,0xFF,0xFF,0xFF,0xFF,0xFF,0xFF,0xFF,0xFF,0xFF,0xFF,
                 0xFF,0xFF,0xFF,0xFF,0xFF,0xFF,0xFF,0xFF,0xFF,0xFF,0xFF,0xFF,0xFF,0xFF,0xFF,0xFF,},
    /*  12 */ {0x00,0x00,0x55,0x56,0xA2,0x26,0x00,0x57,0xAA,0xAF,0x00,0x07,0x2A,0x2F,0x00,0x07,
                 0xAA,0xAB,0x00,0x07,0xAA,0xAF,0x00,0x07,0xAA,0xAF,0x00,0x07,0x2A,0x2F,0x00,0x07,
                 0x00,0x00,0xAA,0xA8,0xA2,0x24,0xFF,0xA8,0x55,0x52,0xFF,0xF8,0xD5,0xD2,0xFF,0xF8,
                 0x55,0x56,0xFF,0xF8,0x55,0x52,0xFF,0xF8,0x55,0x52,0xFF,0xF8,0xD5,0xD2,0xFF,0xF8,
                 0x00,0x00,0x00,0x00,0x5D,0xD8,0xFF,0xFE,0xFF,0xFC,0xFF,0xFE,0xFF,0xFC,0xFF,0xFE,
                 0xFF,0xFC,0xFF,0xFE,0xFF,0xFC,0xFF,0xFE,0xFF,0xFC,0xFF,0xFE,0xFF,0xFC,0xFF,0xFE,},
    /*  13 */ {0x15,0x55,0x15,0xD5,0x1D,0xDD,0x15,0x55,0x55,0x55,0x5D,0x55,0xDD,0xDD,0x75,0x33,
                 0x66,0xAA,0x62,0x22,0xE2,0xA2,0x6A,0x8A,0x6A,0xAA,0xE2,0x22,0xE2,0x22,0x6A,0xAA,
                 0x00,0x00,0xAA,0x2A,0x00,0x00,0xAA,0xAA,0x40,0x00,0xE2,0xAA,0x40,0x00,0xCA,0x88,
                 0x62,0xAA,0xC0,0x00,0x62,0xA2,0xC0,0x00,0x6A,0xAA,0x40,0x00,0x62,0x22,0xC0,0x00,
                 0x7F,0xFF,0x7F,0xFF,0x7F,0xFF,0x7F,0xFF,0x3F,0xFF,0x3F,0xFF,0x3F,0xFF,0x3F,0xFF,
                 0x1D,0x55,0x3F,0xFF,0x1D,0x5D,0x3F,0xFF,0x15,0x55,0x3F,0xFF,0x1D,0xDD,0x3F,0xFF,},
    /*  14 */ {0x57,0x6A,0xD5,0xC0,0xDD,0xDD,0x55,0x55,0x55,0x57,0x5D,0x55,0xDD,0xDD,0x15,0x55,
                 0xA5,0x55,0x25,0xD5,0x21,0xDD,0xAB,0x55,0xAA,0x55,0x22,0x55,0x25,0xDD,0xA5,0x55,
                 0x00,0x15,0x2A,0x3F,0x00,0x00,0xAA,0xAA,0x00,0x00,0xA2,0xAA,0x00,0x00,0xAA,0xAA,
                 0xA0,0x00,0x0A,0x2A,0x20,0x00,0x00,0xAA,0xAA,0x00,0x00,0xAA,0x20,0x00,0x0A,0xAA,
                 0xFF,0xFF,0xFF,0xFF,0xFF,0xFF,0xFF,0xFF,0xFF,0xFF,0xFF,0xFF,0xFF,0xFF,0xFF,0xFF,
                 0x5F,0xFF,0xFF,0xFF,0xDF,0xFF,0xFF,0xFF,0x55,0xFF,0xFF,0xFF,0xDF,0xFF,0xFF,0xFF,},
    /*  15 */ {0xAA,0xAA,0x00,0x00,0xAA,0xAA,0x00,0x00,0x6A,0xAA,0x40,0x00,0xDA,0x2A,0x40,0x00,
                 0x6A,0xAA,0xC0,0x00,0xDD,0xAA,0x54,0x00,0x76,0xAA,0x54,0x00,0xAA,0x2A,0x00,0x00,
                 0x55,0x55,0xFF,0xFF,0x55,0x55,0xFF,0xFF,0x15,0x55,0xBF,0xFF,0x05,0xD5,0xBF,0xFF,
                 0x15,0x55,0x3F,0xFF,0x00,0x55,0xAB,0xFF,0x01,0x55,0xAB,0xFF,0x55,0xD5,0xFF,0xFF,
                 0xFF,0xFF,0xFF,0xFF,0xFF,0xFF,0xFF,0xFF,0xFF,0xFF,0xFF,0xFF,0xFF,0xFF,0xFF,0xFF,
                 0xFF,0xFF,0xFF,0xFF,0xFF,0xFF,0xFF,0xFF,0xFF,0xFF,0xFF,0xFF,0xFF,0xFF,0xFF,0xFF,},
    /*  16 */ {0xAA,0xAA,0x00,0x00,0xAA,0xAA,0x00,0x00,0xAA,0xAA,0x00,0x00,0x2A,0x2A,0x00,0x00,
                 0xAA,0xAA,0x00,0x00,0xAA,0xAA,0x00,0x00,0xAA,0xAA,0x00,0x00,0x2A,0x2A,0x00,0x00,
                 0x55,0x55,0xFF,0xFF,0x55,0x55,0xFF,0xFF,0x55,0x55,0xFF,0xFF,0xD5,0xD5,0xFF,0xFF,
                 0x55,0x55,0xFF,0xFF,0x55,0x55,0xFF,0xFF,0x55,0x55,0xFF,0xFF,0xD5,0xD5,0xFF,0xFF,
                 0xFF,0xFF,0xFF,0xFF,0xFF,0xFF,0xFF,0xFF,0xFF,0xFF,0xFF,0xFF,0xFF,0xFF,0xFF,0xFF,
                 0xFF,0xFF,0xFF,0xFF,0xFF,0xFF,0xFF,0xFF,0xFF,0xFF,0xFF,0xFF,0xFF,0xFF,0xFF,0xFF,},
    /*  17 */ {0xA9,0x11,0x00,0x80,0xAC,0xCC,0x00,0x00,0xAA,0x91,0x00,0x00,0x2A,0xCC,0x00,0x00,
                 0xAA,0xAA,0x00,0x00,0xAA,0xAA,0x00,0x00,0xAA,0xAA,0x00,0x00,0x2A,0x2A,0x00,0x00,
                 0x54,0x44,0xFF,0x7F,0x51,0x11,0xFF,0xFF,0x55,0x44,0xFF,0xFF,0xD5,0x11,0xFF,0xFF,
                 0x55,0x55,0xFF,0xFF,0x55,0x55,0xFF,0xFF,0x55,0x55,0xFF,0xFF,0xD5,0xD5,0xFF,0xFF,
                 0xFF,0xFF,0xFF,0xFF,0xFF,0xFF,0xFF,0xFF,0xFF,0xFF,0xFF,0xFF,0xFF,0xFF,0xFF,0xFF,
                 0xFF,0xFF,0xFF,0xFF,0xFF,0xFF,0xFF,0xFF,0xFF,0xFF,0xFF,0xFF,0xFF,0xFF,0xFF,0xFF,},
    /*  18 */ {0x12,0xAA,0x80,0x00,0xCE,0xEA,0x00,0x00,0x12,0xAA,0x08,0x00,0xCE,0x2A,0x00,0x00,
                 0xAA,0xAA,0x00,0x00,0xAA,0xAA,0x00,0x00,0xAA,0xAA,0x00,0x00,0x2A,0x2A,0x00,0x00,
                 0x45,0x55,0x7F,0xFF,0x11,0x15,0xFF,0xFF,0x45,0x55,0xF7,0xFF,0x11,0xD5,0xFF,0xFF,
                 0x55,0x55,0xFF,0xFF,0x55,0x55,0xFF,0xFF,0x55,0x55,0xFF,0xFF,0xD5,0xD5,0xFF,0xFF,
                 0xFF,0xFF,0xFF,0xFF,0xFF,0xFF,0xFF,0xFF,0xFF,0xFF,0xFF,0xFF,0xFF,0xFF,0xFF,0xFF,
                 0xFF,0xFF,0xFF,0xFF,0xFF,0xFF,0xFF,0xFF,0xFF,0xFF,0xFF,0xFF,0xFF,0xFF,0xFF,0xFF,},
    /*  19 */ {0xAA,0xAF,0x00,0x07,0xAA,0xBD,0x00,0x15,0xAA,0xD5,0x00,0x55,0x3F,0xDD,0x05,0x55,
                 0xAD,0x55,0x05,0xD5,0xBD,0xD9,0x05,0x51,0xAD,0x51,0x05,0x51,0x2D,0xD9,0x01,0x51,
                 0x55,0x52,0xFF,0xF8,0x55,0x42,0xFF,0xE8,0x55,0x02,0xFF,0xA8,0xC0,0x02,0xFA,0xA8,
                 0x50,0x02,0xFA,0x28,0x40,0x02,0xFA,0xA8,0x50,0x02,0xFA,0xA8,0xD0,0x02,0xFE,0xA8,
                 0xFF,0xFC,0xFF,0xFE,0xFF,0xFC,0xFF,0xFE,0xFF,0xFC,0xFF,0xFE,0xFF,0xFC,0xFF,0xFE,
                 0xFF,0xFC,0xFF,0xFE,0xFF,0xFC,0xFF,0xFE,0xFF,0xFC,0xFF,0xFE,0xFF,0xFC,0xFF,0xFE,},
    /*  20 */ {0x6A,0xAA,0x22,0x22,0x22,0x22,0xCA,0xAA,0x6A,0xAA,0x62,0x22,0xE2,0x22,0x6A,0xAA,
                 0x6A,0xAA,0x62,0x22,0x22,0xA2,0xAA,0x8A,0x6A,0xAA,0x62,0x22,0xE2,0x22,0x72,0x25,
                 0x6A,0xAA,0xC0,0x00,0x62,0x22,0x40,0x00,0x6A,0xAA,0xC0,0x00,0x62,0x22,0xC0,0x00,
                 0x6A,0xAA,0xC0,0x00,0x62,0xA2,0x40,0x00,0x6A,0xAA,0xC0,0x00,0x62,0x22,0xC8,0x8A,
                 0x15,0x55,0x3F,0xFF,0x1D,0xDD,0x3F,0xFF,0x15,0x55,0x3F,0xFF,0x1D,0xDD,0x3F,0xFF,
                 0x15,0x55,0x3F,0xFF,0x1D,0x5D,0x3F,0xFF,0x15,0x55,0x3F,0xFF,0x1D,0xDD,0x3F,0xFF,},
    /*  21 */ {0xAB,0x55,0x23,0xD5,0xA3,0xDD,0x89,0x55,0xAD,0x55,0x2D,0x55,0x2D,0xDD,0x25,0x54,
                 0xA5,0x57,0x35,0xD5,0x39,0xDD,0xBB,0x55,0xB1,0x55,0x55,0x55,0xDD,0xDF,0x55,0x50,
                 0xAA,0x00,0x00,0x2A,0xA2,0x00,0x02,0xAA,0xA8,0x00,0x02,0xAA,0x20,0x00,0x8A,0xAB,
                 0xA0,0x00,0x0A,0x2A,0x20,0x00,0x00,0xAA,0xA0,0x00,0x2A,0xAA,0x00,0x00,0xAA,0xAF,
                 0x55,0xFF,0xFF,0xFF,0x5D,0xFF,0xFF,0xFF,0x57,0xFF,0xFF,0xFF,0xDF,0xFF,0xFF,0xFF,
                 0x5F,0xFF,0xFF,0xFF,0xDF,0xFF,0xFF,0xFF,0x5F,0xFF,0xFF,0xFF,0xFF,0xFF,0xFF,0xFF,},
    /*  22 */ {0x76,0xAA,0xD0,0x00,0xDA,0xAA,0x50,0x00,0x4A,0xAA,0x40,0x00,0xAA,0x2A,0x00,0x00,
                 0x6A,0xAA,0xC0,0x00,0xDD,0xAA,0x55,0x00,0xFD,0xAA,0x40,0x00,0xEA,0x2A,0x00,0x00,
                 0x01,0x55,0x2F,0xFF,0x05,0x55,0xAF,0xFF,0x15,0x55,0xBF,0xFF,0x55,0xD5,0xFF,0xFF,
                 0x15,0x55,0x3F,0xFF,0x00,0x55,0xAA,0xFF,0x00,0x55,0xBF,0xFF,0x15,0xD5,0xFF,0xFF,
                 0xFF,0xFF,0xFF,0xFF,0xFF,0xFF,0xFF,0xFF,0xFF,0xFF,0xFF,0xFF,0xFF,0xFF,0xFF,0xFF,
                 0xFF,0xFF,0xFF,0xFF,0xFF,0xFF,0xFF,0xFF,0xFF,0xFF,0xFF,0xFF,0xFF,0xFF,0xFF,0xFF,},
    /*  23 */ {0xAA,0xAA,0x00,0x00,0xAA,0xAA,0x00,0x00,0xAA,0xAA,0x00,0x00,0x2A,0x2A,0x00,0x00,
                 0xAA,0xAA,0x00,0x00,0xA9,0xAA,0x01,0x00,0xAA,0xAA,0x00,0x00,0x2A,0x2A,0x00,0x00,
                 0x55,0x55,0xFF,0xFF,0x55,0x55,0xFF,0xFF,0x55,0x55,0xFF,0xFF,0xD5,0xD5,0xFF,0xFF,
                 0x55,0x55,0xFF,0xFF,0x54,0x55,0xFE,0xFF,0x55,0x55,0xFF,0xFF,0xD5,0xD5,0xFF,0xFF,
                 0xFF,0xFF,0xFF,0xFF,0xFF,0xFF,0xFF,0xFF,0xFF,0xFF,0xFF,0xFF,0xFF,0xFF,0xFF,0xFF,
                 0xFF,0xFF,0xFF,0xFF,0xFF,0xFF,0xFF,0xFF,0xFF,0xFF,0xFF,0xFF,0xFF,0xFF,0xFF,0xFF,},
    /*  24 */ {0xAD,0x51,0x05,0xD1,0xBD,0xC1,0x15,0x49,0xA5,0x59,0x05,0x51,0x2B,0xD9,0x00,0x51,
                 0xAB,0x51,0x01,0xD1,0xAB,0xDD,0x01,0x55,0xAB,0x55,0x00,0x55,0x2A,0x5D,0x00,0x15,
                 0x50,0x02,0xFA,0x20,0x40,0x02,0xEA,0xA0,0x50,0x0A,0xFA,0xA8,0xD4,0x02,0xFF,0xA8,
                 0x54,0x02,0xFE,0x28,0x54,0x02,0xFE,0xA8,0x54,0x02,0xFF,0xA8,0xD5,0x82,0xFF,0xE8,
                 0xFF,0xFC,0xFF,0xFE,0xFF,0xFC,0xFF,0xFE,0xFF,0xF4,0xFF,0xFE,0xFF,0xFC,0xFF,0xFE,
                 0xFF,0xFC,0xFF,0xFE,0xFF,0xFC,0xFF,0xFE,0xFF,0xFC,0xFF,0xFE,0xFF,0xFC,0xFF,0xFE,},
    /*  25 */ {0x72,0x55,0x32,0xD5,0x79,0xDD,0x51,0x11,0x51,0x11,0x5D,0x55,0xDD,0xDD,0x55,0x55,
                 0x15,0x55,0x15,0xD5,0x9D,0xDD,0x15,0x55,0x75,0x55,0x55,0x55,0x9D,0xDD,0x15,0x55,
                 0x62,0x00,0xC0,0x2A,0x60,0x00,0xEA,0xAA,0x40,0x00,0xE2,0xAA,0x40,0x00,0xEA,0xAA,
                 0x00,0x00,0xAA,0x2A,0x00,0x00,0xAA,0xAA,0x40,0x00,0xEA,0xAA,0x00,0x00,0xAA,0xAA,
                 0x1D,0xFF,0x3F,0xFF,0x1F,0xFF,0x3F,0xFF,0x3F,0xFF,0x3F,0xFF,0x3F,0xFF,0x3F,0xFF,
                 0x7F,0xFF,0x7F,0xFF,0x7F,0xFF,0x7F,0xFF,0x3F,0xFF,0x3F,0xFF,0x7F,0xFF,0x7F,0xFF,},
    /*  26 */ {0x55,0x52,0xD5,0xD5,0xDD,0xDD,0x55,0x55,0x55,0x55,0x5D,0x55,0xDD,0xDF,0x55,0x50,
                 0x46,0xAA,0xD0,0x00,0xDF,0xFF,0x55,0x55,0x75,0x55,0x55,0x55,0xDD,0xDD,0x55,0x55,
                 0x00,0x05,0x2A,0x2A,0x00,0x00,0xAA,0xAA,0x00,0x00,0xA2,0xAA,0x00,0x00,0xAA,0xAF,
                 0x11,0x55,0x2F,0xFF,0x00,0x00,0xAA,0xAA,0x00,0x00,0xAA,0xAA,0x00,0x00,0xAA,0xAA,
                 0xFF,0xFF,0xFF,0xFF,0xFF,0xFF,0xFF,0xFF,0xFF,0xFF,0xFF,0xFF,0xFF,0xFF,0xFF,0xFF,
                 0xFF,0xFF,0xFF,0xFF,0xFF,0xFF,0xFF,0xFF,0xFF,0xFF,0xFF,0xFF,0xFF,0xFF,0xFF,0xFF,},
    /*  27 */ {0xAA,0xAA,0xD5,0xC0,0xDD,0xCA,0x55,0x55,0x55,0xDD,0x5D,0x55,0xFF,0xFF,0x00,0x00,
                 0xAA,0xAA,0x00,0x00,0xFF,0xFF,0x55,0x55,0x75,0x55,0x55,0x55,0xDD,0xDD,0x55,0x55,
                 0x55,0x55,0x2A,0x3F,0x00,0x15,0xAA,0xAA,0x00,0x00,0xA2,0xAA,0x00,0x00,0xFF,0xFF,
                 0x55,0x55,0xFF,0xFF,0x00,0x00,0xAA,0xAA,0x00,0x00,0xAA,0xAA,0x00,0x00,0xAA,0xAA,
                 0xFF,0xFF,0xFF,0xFF,0xFF,0xFF,0xFF,0xFF,0xFF,0xFF,0xFF,0xFF,0xFF,0xFF,0xFF,0xFF,
                 0xFF,0xFF,0xFF,0xFF,0xFF,0xFF,0xFF,0xFF,0xFF,0xFF,0xFF,0xFF,0xFF,0xFF,0xFF,0xFF,},
    /*  28 */ {0xAA,0xAA,0x00,0x00,0xAA,0xAA,0x55,0x00,0xDD,0xAA,0x40,0x00,0xEA,0x2A,0x00,0x00,
                 0xAA,0xAA,0x00,0x00,0xFF,0xEA,0x55,0x40,0x75,0xDD,0x55,0x55,0xDD,0xDD,0x55,0x55,
                 0x55,0x55,0xFF,0xFF,0x55,0x55,0xAA,0xFF,0x00,0x55,0xBF,0xFF,0x15,0xD5,0xFF,0xFF,
                 0x55,0x55,0xFF,0xFF,0x00,0x15,0xAA,0xBF,0x00,0x00,0xAA,0xAA,0x00,0x00,0xAA,0xAA,
                 0xFF,0xFF,0xFF,0xFF,0xFF,0xFF,0xFF,0xFF,0xFF,0xFF,0xFF,0xFF,0xFF,0xFF,0xFF,0xFF,
                 0xFF,0xFF,0xFF,0xFF,0xFF,0xFF,0xFF,0xFF,0xFF,0xFF,0xFF,0xFF,0xFF,0xFF,0xFF,0xFF,},
    /*  29 */ {0xAA,0xAA,0x00,0x00,0xAA,0xAA,0x00,0x00,0xAA,0xAA,0x00,0x00,0x2A,0x2A,0x00,0x00,
                 0xAA,0xAA,0x00,0x00,0xAA,0xAA,0x00,0x00,0xFD,0xDD,0x55,0x55,0xDD,0xCA,0x55,0x40,
                 0x55,0x55,0xFF,0xFF,0x55,0x55,0xFF,0xFF,0x55,0x55,0xFF,0xFF,0xD5,0xD5,0xFF,0xFF,
                 0x55,0x55,0xFF,0xFF,0x55,0x55,0xFF,0xFF,0x00,0x00,0xAA,0xAA,0x00,0x15,0xAA,0xBF,
                 0xFF,0xFF,0xFF,0xFF,0xFF,0xFF,0xFF,0xFF,0xFF,0xFF,0xFF,0xFF,0xFF,0xFF,0xFF,0xFF,
                 0xFF,0xFF,0xFF,0xFF,0xFF,0xFF,0xFF,0xFF,0xFF,0xFF,0xFF,0xFF,0xFF,0xFF,0xFF,0xFF,},
    /*  30 */ {0xAA,0x95,0x00,0x55,0xAA,0x9D,0x00,0x15,0xAA,0xB5,0x00,0x05,0x2A,0x2D,0x00,0x07,
                 0xAA,0xAF,0x00,0x07,0xAA,0xAD,0x00,0x07,0xAA,0xAF,0x00,0x07,0x2A,0x2F,0x00,0x07,
                 0x55,0x42,0xFF,0xA8,0x55,0x42,0xFF,0xE8,0x55,0x42,0xFF,0xF8,0xD5,0xD2,0xFF,0xF8,
                 0x55,0x52,0xFF,0xF8,0x55,0x52,0xFF,0xF8,0x55,0x52,0xFF,0xF8,0xD5,0xD2,0xFF,0xF8,
                 0xFF,0xFC,0xFF,0xFE,0xFF,0xFC,0xFF,0xFE,0xFF,0xFC,0xFF,0xFE,0xFF,0xFC,0xFF,0xFE,
                 0xFF,0xFC,0xFF,0xFE,0xFF,0xFC,0xFF,0xFE,0xFF,0xFC,0xFF,0xFE,0xFF,0xFC,0xFF,0xFE,},
    /*  31 */ {0x05,0x2A,0x00,0x80,0x1F,0xFF,0x15,0x55,0x5D,0xDD,0x55,0x55,0x8A,0x1D,0x00,0x15,
                 0x0A,0xB7,0x00,0x00,0x8A,0xAA,0x01,0x55,0x29,0x55,0x55,0x55,0xDD,0x5D,0x15,0x55,
                 0x10,0x55,0xBF,0x7F,0x00,0x00,0xAA,0xAA,0x40,0x00,0xEA,0xAA,0x15,0xC0,0xBF,0xEA,
                 0x15,0x40,0xBF,0xFF,0x15,0x55,0xBE,0xAA,0x14,0x00,0xEA,0xAA,0x40,0x80,0xAA,0xAA,
                 0x7F,0xFF,0x7F,0xFF,0x7F,0xFF,0x7F,0xFF,0x3F,0xFF,0x3F,0xFF,0x7F,0xFF,0x7F,0xFF,
                 0x7F,0xFF,0x7F,0xFF,0x7F,0xFF,0x7F,0xFF,0x7F,0xFF,0x3F,0xFF,0x3F,0xFF,0x7F,0xFF,},
    /*  32 */ {0xAA,0x25,0x00,0xD5,0xFF,0xDD,0x55,0x55,0xD5,0x55,0x5D,0x55,0xDD,0xDD,0x55,0x55,
                 0x75,0x55,0xD5,0xD5,0xDD,0xDD,0x55,0x55,0x75,0x55,0x55,0x55,0xDD,0xDD,0x55,0x55,
                 0x55,0x50,0xFF,0x2A,0x00,0x00,0xAA,0xAA,0x00,0x00,0xA2,0xAA,0x00,0x00,0xAA,0xAA,
                 0x00,0x00,0x2A,0x2A,0x00,0x00,0xAA,0xAA,0x00,0x00,0xAA,0xAA,0x00,0x00,0xAA,0xAA,
                 0xFF,0xFF,0xFF,0xFF,0xFF,0xFF,0xFF,0xFF,0xFF,0xFF,0xFF,0xFF,0xFF,0xFF,0xFF,0xFF,
                 0xFF,0xFF,0xFF,0xFF,0xFF,0xFF,0xFF,0xFF,0xFF,0xFF,0xFF,0xFF,0xFF,0xFF,0xFF,0xFF,},
    /*  33 */ {0x55,0x55,0xD5,0xD5,0xDD,0xDD,0x55,0x55,0x55,0x55,0x5D,0x55,0xDD,0xDD,0x55,0x55,
                 0x55,0x55,0xD5,0xD5,0xDD,0xDD,0x55,0x55,0x75,0x55,0x55,0x55,0xDD,0xDD,0x55,0x55,
                 0x00,0x00,0x2A,0x2A,0x00,0x00,0xAA,0xAA,0x00,0x00,0xA2,0xAA,0x00,0x00,0xAA,0xAA,
                 0x00,0x00,0x2A,0x2A,0x00,0x00,0xAA,0xAA,0x00,0x00,0xAA,0xAA,0x00,0x00,0xAA,0xAA,
                 0xFF,0xFF,0xFF,0xFF,0xFF,0xFF,0xFF,0xFF,0xFF,0xFF,0xFF,0xFF,0xFF,0xFF,0xFF,0xFF,
                 0xFF,0xFF,0xFF,0xFF,0xFF,0xFF,0xFF,0xFF,0xFF,0xFF,0xFF,0xFF,0xFF,0xFF,0xFF,0xFF,},
    /*  34 */ {0x22,0x22,0xD5,0xD5,0xDD,0xDD,0x55,0x55,0x55,0x55,0x5D,0x55,0xDD,0xDD,0x55,0x55,
                 0x55,0x55,0xD5,0xD5,0xDD,0xDD,0x55,0x55,0x75,0x55,0x55,0x55,0xDD,0xDD,0x55,0x55,
                 0x55,0x55,0x2A,0x2A,0x00,0x00,0xAA,0xAA,0x00,0x00,0xA2,0xAA,0x00,0x00,0xAA,0xAA,
                 0x00,0x00,0x2A,0x2A,0x00,0x00,0xAA,0xAA,0x00,0x00,0xAA,0xAA,0x00,0x00,0xAA,0xAA,
                 0xFF,0xFF,0xFF,0xFF,0xFF,0xFF,0xFF,0xFF,0xFF,0xFF,0xFF,0xFF,0xFF,0xFF,0xFF,0xFF,
                 0xFF,0xFF,0xFF,0xFF,0xFF,0xFF,0xFF,0xFF,0xFF,0xFF,0xFF,0xFF,0xFF,0xFF,0xFF,0xFF,},
    /*  35 */ {0x22,0xAA,0xD0,0x00,0xDF,0xFE,0x55,0x54,0x55,0x5D,0x5D,0x55,0xDD,0xDD,0x55,0x55,
                 0x55,0x77,0xD5,0xD5,0xDD,0xDD,0x55,0x55,0x75,0x55,0x55,0x55,0xDD,0xDD,0x55,0x55,
                 0x55,0x55,0x2F,0xFF,0x00,0x01,0xAA,0xAB,0x00,0x00,0xA2,0xAA,0x00,0x00,0xAA,0xAA,
                 0x00,0x00,0x2A,0x2A,0x00,0x00,0xAA,0xAA,0x00,0x00,0xAA,0xAA,0x00,0x00,0xAA,0xAA,
                 0xFF,0xFF,0xFF,0xFF,0xFF,0xFF,0xFF,0xFF,0xFF,0xFF,0xFF,0xFF,0xFF,0xFF,0xFF,0xFF,
                 0xFF,0xFF,0xFF,0xFF,0xFF,0xFF,0xFF,0xFF,0xFF,0xFF,0xFF,0xFF,0xFF,0xFF,0xFF,0xFF,},
    /*  36 */ {0xAA,0xAA,0x00,0x00,0xAA,0xAA,0x00,0x00,0xDD,0xDA,0x55,0x50,0xDC,0x2A,0x54,0x00,
                 0x76,0xAA,0xD4,0x00,0xDD,0xAA,0x55,0x55,0x75,0x55,0x55,0x55,0xDD,0xDD,0x55,0x55,
                 0x55,0x55,0xFF,0xFF,0x55,0x55,0xFF,0xFF,0x00,0x05,0xAA,0xAF,0x01,0xD5,0xAB,0xFF,
                 0x01,0x55,0x2B,0xFF,0x00,0x55,0xAA,0xAA,0x00,0x00,0xAA,0xAA,0x00,0x00,0xAA,0xAA,
                 0xFF,0xFF,0xFF,0xFF,0xFF,0xFF,0xFF,0xFF,0xFF,0xFF,0xFF,0xFF,0xFF,0xFF,0xFF,0xFF,
                 0xFF,0xFF,0xFF,0xFF,0xFF,0xFF,0xFF,0xFF,0xFF,0xFF,0xFF,0xFF,0xFF,0xFF,0xFF,0xFF,},
    /*  37 */ {0xAA,0xAA,0x00,0x00,0xAA,0xAA,0x00,0x00,0xAA,0xAA,0x00,0x00,0x2A,0x2A,0x00,0x00,
                 0xAA,0xAA,0x00,0x00,0xAA,0xAA,0x55,0x40,0x75,0x54,0x55,0x55,0xDD,0xDD,0x55,0x55,
                 0x55,0x55,0xFF,0xFF,0x55,0x55,0xFF,0xFF,0x55,0x55,0xFF,0xFF,0xD5,0xD5,0xFF,0xFF,
                 0x55,0x55,0xFF,0xFF,0x55,0x55,0xAA,0xBF,0x00,0x01,0xAA,0xAA,0x00,0x00,0xAA,0xAA,
                 0xFF,0xFF,0xFF,0xFF,0xFF,0xFF,0xFF,0xFF,0xFF,0xFF,0xFF,0xFF,0xFF,0xFF,0xFF,0xFF,
                 0xFF,0xFF,0xFF,0xFF,0xFF,0xFF,0xFF,0xFF,0xFF,0xFF,0xFF,0xFF,0xFF,0xFF,0xFF,0xFF,},
    /*  38 */ {0xAA,0xAA,0x00,0x00,0xAA,0xAA,0x00,0x00,0xAA,0xAA,0x00,0x00,0x2A,0x2A,0x00,0x00,
                 0xAA,0xAA,0x00,0x00,0xAA,0xAA,0x00,0x00,0xAA,0xAA,0x50,0x00,0x5A,0x2A,0x50,0x00,
                 0x55,0x55,0xFF,0xFF,0x55,0x55,0xFF,0xFF,0x55,0x55,0xFF,0xFF,0xD5,0xD5,0xFF,0xFF,
                 0x55,0x55,0xFF,0xFF,0x55,0x55,0xFF,0xFF,0x55,0x55,0xAF,0xFF,0x85,0xD5,0xAF,0xFF,
                 0xFF,0xFF,0xFF,0xFF,0xFF,0xFF,0xFF,0xFF,0xFF,0xFF,0xFF,0xFF,0xFF,0xFF,0xFF,0xFF,
                 0xFF,0xFF,0xFF,0xFF,0xFF,0xFF,0xFF,0xFF,0xFF,0xFF,0xFF,0xFF,0xFF,0xFF,0xFF,0xFF,},
    /*  39 */ {0xAA,0xAF,0x00,0x07,0xAA,0xAF,0x00,0x07,0xAA,0xAF,0x00,0x07,0x2A,0x2F,0x00,0x07,
                 0xAA,0xAF,0x00,0x07,0xAA,0xAF,0x00,0x07,0xAA,0xAF,0x00,0x07,0x2A,0x2F,0x00,0x07,
                 0x55,0x52,0xFF,0xF8,0x55,0x52,0xFF,0xF8,0x55,0x52,0xFF,0xF8,0xD5,0xD2,0xFF,0xF8,
                 0x55,0x52,0xFF,0xF8,0x55,0x52,0xFF,0xF8,0x55,0x52,0xFF,0xF8,0xD5,0xD2,0xFF,0xF8,
                 0xFF,0xFC,0xFF,0xFE,0xFF,0xFC,0xFF,0xFE,0xFF,0xFC,0xFF,0xFE,0xFF,0xFC,0xFF,0xFE,
                 0xFF,0xFC,0xFF,0xFE,0xFF,0xFC,0xFF,0xFE,0xFF,0xFC,0xFF,0xFE,0xFF,0xFC,0xFF,0xFE,},
    /*  40 */ {0x17,0x75,0x00,0x85,0x0D,0xDD,0x15,0x55,0x15,0x55,0x5D,0x55,0xDD,0xDD,0x15,0x55,
                 0x55,0x55,0x55,0xD5,0xDD,0xDD,0x55,0x55,0x75,0x55,0x55,0x55,0xDD,0xDD,0x55,0x55,
                 0x00,0x00,0xBF,0x7A,0x10,0x00,0xAA,0xAA,0x00,0x00,0xE2,0xAA,0x40,0x00,0xAA,0xAA,
                 0x40,0x00,0xEA,0x2A,0x40,0x00,0xEA,0xAA,0x40,0x00,0xEA,0xAA,0x40,0x00,0xEA,0xAA,
                 0x7F,0xFF,0x7F,0xFF,0x7F,0xFF,0x7F,0xFF,0x7F,0xFF,0x3F,0xFF,0x3F,0xFF,0x7F,0xFF,
                 0x3F,0xFF,0x3F,0xFF,0x3F,0xFF,0x3F,0xFF,0x3F,0xFF,0x3F,0xFF,0x3F,0xFF,0x3F,0xFF,},
    /*  41 */ {0x55,0x55,0xD5,0xD5,0xDD,0xDD,0x55,0x55,0x55,0x55,0x5D,0x51,0xDD,0xD9,0x55,0x55,
                 0x55,0x54,0xD5,0xD4,0xDD,0xDE,0x55,0x54,0x64,0x44,0x44,0x44,0xE2,0x22,0x4A,0xAA,
                 0x00,0x00,0x2A,0x2A,0x00,0x00,0xAA,0xAA,0x00,0x00,0xA2,0xAA,0x00,0x00,0xAA,0xAA,
                 0x00,0x00,0x2A,0x2A,0x00,0x02,0xAA,0xAA,0x00,0x00,0xAA,0xAA,0x22,0x22,0xA0,0x00,
                 0xFF,0xFF,0xFF,0xFF,0xFF,0xFF,0xFF,0xFF,0xFF,0xFF,0xFF,0xFF,0xFF,0xFF,0xFF,0xFF,
                 0xFF,0xFF,0xFF,0xFF,0xFF,0xFD,0xFF,0xFF,0xFF,0xFF,0xFF,0xFF,0xDD,0xDD,0xFF,0xFF,},
    /*  42 */ {0x55,0x55,0xD5,0xD5,0xDD,0xDD,0x55,0x54,0x55,0x56,0x19,0x12,0x99,0x92,0x55,0x5A,
                 0x44,0x4A,0xC4,0xC2,0x22,0xA2,0xAA,0x8A,0xAA,0xAA,0x22,0x22,0x22,0x22,0xAA,0xAA,
                 0x00,0x00,0x2A,0x2A,0x00,0x00,0xAA,0xAA,0x00,0x02,0xA2,0xA8,0x00,0x02,0xAA,0xA0,
                 0x00,0x0A,0x2A,0x20,0x22,0xA2,0x00,0x00,0xAA,0xAA,0x00,0x00,0x22,0x22,0x00,0x00,
                 0xFF,0xFF,0xFF,0xFF,0xFF,0xFF,0xFF,0xFF,0xFF,0xFD,0xFF,0xFF,0xFF,0xFD,0xFF,0xFF,
                 0xFF,0xF5,0xFF,0xFF,0xDD,0x5D,0xFF,0xFF,0x55,0x55,0xFF,0xFF,0xDD,0xDD,0xFF,0xFF,},
    /*  43 */ {0x55,0x55,0xD5,0xD5,0xDD,0xDD,0x44,0x44,0xEE,0xEE,0x22,0x22,0x22,0x22,0xAA,0xAA,
                 0xAA,0xAA,0x22,0x22,0x22,0xA2,0xAA,0x8A,0xAA,0xAA,0x22,0x22,0x22,0x22,0xAA,0xAA,
                 0x00,0x00,0x2A,0x2A,0x00,0x00,0xAA,0xAA,0xAA,0xAA,0x00,0x00,0x22,0x22,0x00,0x00,
                 0xAA,0xAA,0x00,0x00,0x22,0xA2,0x00,0x00,0xAA,0xAA,0x00,0x00,0x22,0x22,0x00,0x00,
                 0xFF,0xFF,0xFF,0xFF,0xFF,0xFF,0xFF,0xFF,0x55,0x55,0xFF,0xFF,0xDD,0xDD,0xFF,0xFF,
                 0x55,0x55,0xFF,0xFF,0xDD,0x5D,0xFF,0xFF,0x55,0x55,0xFF,0xFF,0xDD,0xDD,0xFF,0xFF,},
    /*  44 */ {0x55,0x55,0xD5,0xD5,0xDD,0xDD,0x44,0x55,0xEE,0xD5,0x22,0x21,0x22,0x23,0xAA,0xAD,
                 0xAA,0xA4,0x22,0x24,0x22,0xA2,0xAA,0x8A,0xAA,0xAA,0x22,0x22,0x22,0x22,0xAA,0xAA,
                 0x00,0x00,0x2A,0x2A,0x00,0x00,0xAA,0xAA,0xAA,0x80,0x00,0x02,0x22,0x22,0x00,0x02,
                 0xAA,0xA0,0x00,0x02,0x22,0xA2,0x00,0x00,0xAA,0xAA,0x00,0x00,0x22,0x22,0x00,0x00,
                 0xFF,0xFF,0xFF,0xFF,0xFF,0xFF,0xFF,0xFF,0x55,0x7F,0xFF,0xFF,0xDD,0xDD,0xFF,0xFF,
                 0x55,0x5F,0xFF,0xFF,0xDD,0x5D,0xFF,0xFF,0x55,0x55,0xFF,0xFF,0xDD,0xDD,0xFF,0xFF,},
    /*  45 */ {0x55,0x55,0xD5,0xD5,0xDD,0xDD,0x55,0x55,0x55,0x55,0x19,0x55,0x99,0xDD,0x55,0x55,
                 0x44,0x55,0xC4,0xD5,0x22,0xDD,0xAA,0x55,0xAA,0x44,0x22,0x44,0x22,0x22,0xAA,0xAA,
                 0x00,0x00,0x2A,0x2A,0x00,0x00,0xAA,0xAA,0x00,0x00,0xA2,0xAA,0x00,0x00,0xAA,0xAA,
                 0x00,0x00,0x2A,0x2A,0x22,0x80,0x00,0xAA,0xAA,0x00,0x00,0xAA,0x22,0x22,0x00,0x00,
                 0xFF,0xFF,0xFF,0xFF,0xFF,0xFF,0xFF,0xFF,0xFF,0xFF,0xFF,0xFF,0xFF,0xFF,0xFF,0xFF,
                 0xFF,0xFF,0xFF,0xFF,0xDD,0x7F,0xFF,0xFF,0x55,0xFF,0xFF,0xFF,0xDD,0xDD,0xFF,0xFF,},
    /*  46 */ {0x55,0x55,0xD5,0xD5,0xDD,0xDD,0x55,0x55,0x55,0x55,0x5D,0x55,0xDD,0xDD,0x55,0x55,
                 0x55,0x55,0xD5,0xD5,0xDD,0xDD,0x55,0x55,0x65,0x55,0x45,0x55,0x25,0xDD,0xA5,0x55,
                 0x00,0x00,0x2A,0x2A,0x00,0x00,0xAA,0xAA,0x00,0x00,0xA2,0xAA,0x00,0x00,0xAA,0xAA,
                 0x00,0x00,0x2A,0x2A,0x00,0x00,0xAA,0xAA,0x00,0x00,0xAA,0xAA,0x20,0x00,0x0A,0xAA,
                 0xFF,0xFF,0xFF,0xFF,0xFF,0xFF,0xFF,0xFF,0xFF,0xFF,0xFF,0xFF,0xFF,0xFF,0xFF,0xFF,
                 0xFF,0xFF,0xFF,0xFF,0xFF,0xFF,0xFF,0xFF,0xFF,0xFF,0xFF,0xFF,0xDF,0xFF,0xFF,0xFF,},
    /*  47 */ {0x76,0xAA,0x80,0x00,0xDE,0xAA,0x55,0x10,0x55,0x56,0x5D,0x54,0xDD,0xDC,0x55,0x55,
                 0x55,0x51,0xD5,0xD5,0xDD,0xDD,0x55,0x55,0x75,0x55,0x55,0x55,0xDD,0xDD,0x55,0x55,
                 0x01,0x55,0x7F,0xFF,0x01,0x55,0xAA,0xEF,0x00,0x01,0xA2,0xAB,0x00,0x01,0xAA,0xAA,
                 0x00,0x04,0x2A,0x2A,0x00,0x00,0xAA,0xAA,0x00,0x00,0xAA,0xAA,0x00,0x00,0xAA,0xAA,
                 0xFF,0xFF,0xFF,0xFF,0xFF,0xFF,0xFF,0xFF,0xFF,0xFF,0xFF,0xFF,0xFF,0xFF,0xFF,0xFF,
                 0xFF,0xFF,0xFF,0xFF,0xFF,0xFF,0xFF,0xFF,0xFF,0xFF,0xFF,0xFF,0xFF,0xFF,0xFF,0xFF,},
    /*  48 */ {0xAA,0xAA,0x00,0x00,0xAA,0xAA,0x00,0x00,0xAA,0xAA,0x40,0x00,0xCA,0x2A,0x40,0x00,
                 0x2A,0xAA,0xC0,0x00,0xCC,0xCC,0x50,0x00,0x71,0x12,0x55,0x54,0xDD,0xDC,0x55,0x55,
                 0x55,0x55,0xFF,0xFF,0x55,0x55,0xFF,0xFF,0x55,0x55,0xBF,0xFF,0x15,0xD5,0xBF,0xFF,
                 0x55,0x55,0x3F,0xFF,0x11,0x11,0xAF,0xFF,0x04,0x45,0xAA,0xAB,0x00,0x01,0xAA,0xAA,
                 0xFF,0xFF,0xFF,0xFF,0xFF,0xFF,0xFF,0xFF,0xFF,0xFF,0xFF,0xFF,0xFF,0xFF,0xFF,0xFF,
                 0xFF,0xFF,0xFF,0xFF,0xFF,0xFF,0xFF,0xFF,0xFF,0xFF,0xFF,0xFF,0xFF,0xFF,0xFF,0xFF,},
    /*  49 */ {0xAA,0xAA,0x00,0x00,0xAA,0xAA,0x00,0x00,0xAA,0xAA,0x00,0x00,0x2A,0x2A,0x00,0x00,
                 0xAA,0xAA,0x00,0x00,0xAA,0xCC,0x00,0x00,0xAA,0x91,0x01,0x55,0xCD,0xDD,0x15,0x55,
                 0x55,0x55,0xFF,0xFF,0x55,0x55,0xFF,0xFF,0x55,0x55,0xFF,0xFF,0xD5,0xD5,0xFF,0xFF,
                 0x55,0x55,0xFF,0xFF,0x55,0x11,0xFF,0xFF,0x55,0x44,0xFE,0xAA,0x10,0x00,0xEA,0xAA,
                 0xFF,0xFF,0xFF,0xFF,0xFF,0xFF,0xFF,0xFF,0xFF,0xFF,0xFF,0xFF,0xFF,0xFF,0xFF,0xFF,
                 0xFF,0xFF,0xFF,0xFF,0xFF,0xFF,0xFF,0xFF,0xFF,0xFF,0xFF,0xFF,0xFF,0xFF,0xFF,0xFF,},
    /*  50 */ {0xAA,0xAA,0x00,0x00,0xAA,0xAA,0x00,0x00,0xAA,0xAA,0x00,0x00,0x2A,0x2A,0x00,0x00,
                 0xAA,0xAA,0x00,0x00,0xCC,0xCC,0x00,0x00,0x31,0x11,0x55,0x55,0xDD,0xDD,0x55,0x55,
                 0x55,0x55,0xFF,0xFF,0x55,0x55,0xFF,0xFF,0x55,0x55,0xFF,0xFF,0xD5,0xD5,0xFF,0xFF,
                 0x55,0x55,0xFF,0xFF,0x11,0x11,0xFF,0xFF,0x44,0x44,0xAA,0xAA,0x00,0x00,0xAA,0xAA,
                 0xFF,0xFF,0xFF,0xFF,0xFF,0xFF,0xFF,0xFF,0xFF,0xFF,0xFF,0xFF,0xFF,0xFF,0xFF,0xFF,
                 0xFF,0xFF,0xFF,0xFF,0xFF,0xFF,0xFF,0xFF,0xFF,0xFF,0xFF,0xFF,0xFF,0xFF,0xFF,0xFF,},
    /*  51 */ {0xAA,0xAA,0x00,0x00,0xAA,0xAA,0x00,0x00,0xAA,0xAA,0x00,0x00,0x2A,0x2A,0x00,0x00,
                 0xAA,0xAA,0x00,0x00,0xCC,0xAA,0x00,0x00,0x32,0xAA,0x54,0x00,0xDC,0xCA,0x54,0x00,
                 0x55,0x55,0xFF,0xFF,0x55,0x55,0xFF,0xFF,0x55,0x55,0xFF,0xFF,0xD5,0xD5,0xFF,0xFF,
                 0x55,0x55,0xFF,0xFF,0x11,0x55,0xFF,0xFF,0x45,0x55,0xAB,0xFF,0x01,0x15,0xAB,0xFF,
                 0xFF,0xFF,0xFF,0xFF,0xFF,0xFF,0xFF,0xFF,0xFF,0xFF,0xFF,0xFF,0xFF,0xFF,0xFF,0xFF,
                 0xFF,0xFF,0xFF,0xFF,0xFF,0xFF,0xFF,0xFF,0xFF,0xFF,0xFF,0xFF,0xFF,0xFF,0xFF,0xFF,},
    /*  52 */ {0xAA,0xAA,0x00,0x00,0xAA,0xAA,0x00,0x00,0xAA,0xAA,0x00,0x00,0x2A,0x2A,0x00,0x00,
                 0xAA,0xAA,0x00,0x00,0xAA,0xAA,0x00,0x00,0xAA,0xAA,0x00,0x00,0x2A,0x2B,0x00,0x00,
                 0x55,0x55,0xFF,0xFF,0x55,0x55,0xFF,0xFF,0x55,0x55,0xFF,0xFF,0xD5,0xD5,0xFF,0xFF,
                 0x55,0x55,0xFF,0xFF,0x55,0x55,0xFF,0xFF,0x55,0x55,0xFF,0xFF,0xD5,0xD4,0xFF,0xFF,
                 0xFF,0xFF,0xFF,0xFF,0xFF,0xFF,0xFF,0xFF,0xFF,0xFF,0xFF,0xFF,0xFF,0xFF,0xFF,0xFF,
                 0xFF,0xFF,0xFF,0xFF,0xFF,0xFF,0xFF,0xFF,0xFF,0xFF,0xFF,0xFF,0xFF,0xFF,0xFF,0xFF,},
    /*  53 */ {0xAA,0xAA,0x00,0x00,0xAA,0xAA,0x00,0x00,0xAA,0xAA,0x00,0x15,0x2A,0x3F,0x00,0x05,
                 0xAA,0xAD,0x00,0x05,0xAB,0xFF,0x00,0x55,0xAA,0xDD,0x00,0x55,0xFF,0xDD,0x55,0x55,
                 0x55,0x55,0xFF,0xFF,0x55,0x55,0xFF,0xFF,0x55,0x55,0xFF,0xEA,0xD5,0xC0,0xFF,0xFA,
                 0x55,0x50,0xFF,0xFA,0x54,0x00,0xFF,0xAA,0x55,0x00,0xFF,0xAA,0x00,0x00,0xAA,0xAA,
                 0xFF,0xFF,0xFF,0xFF,0xFF,0xFF,0xFF,0xFF,0xFF,0xFF,0xFF,0xFF,0xFF,0xFF,0xFF,0xFF,
                 0xFF,0xFF,0xFF,0xFF,0xFF,0xFF,0xFF,0xFF,0xFF,0xFF,0xFF,0xFF,0xFF,0xFF,0xFF,0xFF,},
    /*  54 */ {0xAA,0xAF,0x00,0x07,0xAA,0xAF,0x05,0x55,0xA5,0x55,0x5D,0x55,0xFD,0xDD,0x55,0x55,
                 0xDD,0x55,0xD5,0xD5,0xDD,0xDD,0x55,0x55,0xF5,0x55,0x55,0x55,0xDD,0xDD,0x55,0x55,
                 0x55,0x52,0xFF,0xF8,0x55,0x52,0xFA,0xA8,0x50,0x02,0xA2,0xA8,0x00,0x02,0xAA,0xA8,
                 0x00,0x02,0x2A,0x28,0x00,0x02,0xAA,0xA8,0x00,0x02,0xAA,0xA8,0x00,0x02,0xAA,0xA8,
                 0xFF,0xFC,0xFF,0xFE,0xFF,0xFC,0xFF,0xFE,0xFF,0xFC,0xFF,0xFE,0xFF,0xFC,0xFF,0xFE,
                 0xFF,0xFC,0xFF,0xFE,0xFF,0xFC,0xFF,0xFE,0xFF,0xFC,0xFF,0xFE,0xFF,0xFC,0xFF,0xFE,},
    /*  55 */ {0x55,0x54,0x15,0xD4,0x5D,0xDE,0x55,0x55,0x55,0x55,0x5D,0x54,0xFD,0xDC,0x75,0x56,
                 0x75,0x54,0x54,0xC4,0xFC,0xCC,0x76,0x8A,0x74,0xAA,0x64,0x22,0xEC,0x22,0x6A,0xAA,
                 0x40,0x00,0xEA,0x2A,0x40,0x02,0xEA,0xAA,0x40,0x00,0xE2,0xAA,0x60,0x00,0xCA,0xA8,
                 0x60,0x00,0xEA,0x2A,0x60,0x00,0xC8,0x00,0x60,0xAA,0xCA,0x00,0x60,0x22,0xC0,0x00,
                 0x3F,0xFF,0x3F,0xFF,0x3F,0xFD,0x3F,0xFF,0x3F,0xFF,0x3F,0xFF,0x1F,0xFF,0x3F,0xFF,
                 0x1F,0xFF,0x3F,0xFF,0x1F,0xFF,0x3F,0xFF,0x1F,0x55,0x3F,0xFF,0x1F,0xDD,0x3F,0xFF,},
    /*  56 */ {0x4A,0xAA,0xC2,0x22,0xE2,0x22,0x55,0x6A,0x55,0x6A,0x22,0x22,0x22,0x22,0xAA,0xAA,
                 0xAA,0xAA,0x22,0x22,0x22,0xA2,0xAA,0x8A,0xAA,0xAA,0x22,0x22,0x22,0x22,0xAA,0xAA,
                 0x0A,0xAA,0x20,0x00,0xA2,0x22,0xAA,0x80,0x00,0x2A,0x00,0x00,0x22,0x22,0x00,0x00,
                 0xAA,0xAA,0x00,0x00,0x22,0xA2,0x00,0x00,0xAA,0xAA,0x00,0x00,0x22,0x22,0x00,0x00,
                 0xF5,0x55,0xFF,0xFF,0x5D,0xDD,0xFF,0xFF,0xFF,0xD5,0xFF,0xFF,0xDD,0xDD,0xFF,0xFF,
                 0x55,0x55,0xFF,0xFF,0xDD,0x5D,0xFF,0xFF,0x55,0x55,0xFF,0xFF,0xDD,0xDD,0xFF,0xFF,},
    /*  57 */ {0xAA,0xAA,0x22,0x22,0xA2,0x22,0x8A,0xAA,0xAA,0xAA,0x22,0x22,0x22,0x22,0xAA,0xAA,
                 0xAA,0xAA,0x22,0x22,0x22,0xA2,0xAA,0x8A,0xAA,0xAA,0x22,0x22,0x22,0x22,0xAA,0xAB,
                 0xAA,0xAA,0x00,0x00,0xA2,0x22,0x00,0x00,0xAA,0xAA,0x00,0x00,0x22,0x22,0x00,0x00,
                 0xAA,0xAA,0x00,0x00,0x22,0xA2,0x00,0x00,0xAA,0xAA,0x00,0x00,0x22,0x22,0x00,0x01,
                 0x55,0x55,0xFF,0xFF,0x5D,0xDD,0xFF,0xFF,0x55,0x55,0xFF,0xFF,0xDD,0xDD,0xFF,0xFF,
                 0x55,0x55,0xFF,0xFF,0xDD,0x5D,0xFF,0xFF,0x55,0x55,0xFF,0xFF,0xDD,0xDD,0xFF,0xFE,},
    /*  58 */ {0xAA,0xAA,0x22,0x22,0xA2,0x22,0x8A,0xAA,0xAA,0xAA,0x22,0x22,0x22,0x22,0xAA,0xAA,
                 0xAA,0xAA,0x22,0x22,0x22,0xA2,0xAA,0x8A,0xAA,0xAA,0x5D,0xC2,0x44,0x42,0x55,0x5A,
                 0xAA,0xAA,0x00,0x00,0xA2,0x22,0x00,0x00,0xAA,0xAA,0x00,0x00,0x22,0x22,0x00,0x00,
                 0xAA,0xAA,0x00,0x00,0x22,0xA2,0x00,0x00,0xAA,0xAA,0x5D,0xC0,0xEE,0xE2,0x55,0x50,
                 0x55,0x55,0xFF,0xFF,0x5D,0xDD,0xFF,0xFF,0x55,0x55,0xFF,0xFF,0xDD,0xDD,0xFF,0xFF,
                 0x55,0x55,0xFF,0xFF,0xDD,0x5D,0xFF,0xFF,0x55,0x55,0xA2,0x3F,0x11,0x1D,0xAA,0xAF,},
    /*  59 */ {0xAA,0xAA,0x22,0x22,0xA2,0x22,0x8A,0xAA,0xAA,0xAA,0x22,0x22,0x22,0x22,0xAA,0xAA,
                 0xAA,0xAA,0x22,0x22,0x22,0xA2,0xAA,0x8A,0xAA,0xAA,0x22,0x22,0x22,0x22,0xAA,0xAA,
                 0xAA,0xAA,0x00,0x00,0xA2,0x22,0x00,0x00,0xAA,0xAA,0x00,0x00,0x22,0x22,0x00,0x00,
                 0xAA,0xAA,0x00,0x00,0x22,0xA2,0x00,0x00,0xAA,0xAA,0x00,0x00,0x22,0x22,0x00,0x00,
                 0x55,0x55,0xFF,0xFF,0x5D,0xDD,0xFF,0xFF,0x55,0x55,0xFF,0xFF,0xDD,0xDD,0xFF,0xFF,
                 0x55,0x55,0xFF,0xFF,0xDD,0x5D,0xFF,0xFF,0x55,0x55,0xFF,0xFF,0xDD,0xDD,0xFF,0xFF,},
    /*  60 */ {0xAA,0xAA,0x22,0x22,0xA2,0x22,0x8B,0x55,0xAB,0x55,0x22,0x22,0x22,0x22,0xAA,0xAA,
                 0xAA,0xAA,0x22,0x22,0x22,0xA2,0xAA,0x8A,0xAA,0xAA,0x22,0x22,0x22,0x22,0xAA,0xAA,
                 0xAA,0xAA,0x00,0x00,0xA2,0x22,0x00,0xAA,0xAA,0x00,0x00,0x00,0x22,0x22,0x00,0x00,
                 0xAA,0xAA,0x00,0x00,0x22,0xA2,0x00,0x00,0xAA,0xAA,0x00,0x00,0x22,0x22,0x00,0x00,
                 0x55,0x55,0xFF,0xFF,0x5D,0xDD,0xFF,0xFF,0x55,0xFF,0xFF,0xFF,0xDD,0xDD,0xFF,0xFF,
                 0x55,0x55,0xFF,0xFF,0xDD,0x5D,0xFF,0xFF,0x55,0x55,0xFF,0xFF,0xDD,0xDD,0xFF,0xFF,},
    /*  61 */ {0xA4,0x44,0x24,0xC4,0xA6,0x66,0x55,0x55,0x55,0x55,0x22,0x22,0x22,0x22,0xAA,0xAA,
                 0xAA,0xAA,0x22,0x22,0x22,0xA2,0xAA,0x8A,0xAA,0xAA,0x22,0x22,0x22,0x22,0xAA,0xAA,
                 0xA0,0x00,0x0A,0x2A,0xA2,0x22,0xAA,0xAA,0x00,0x00,0x00,0x00,0x22,0x22,0x00,0x00,
                 0xAA,0xAA,0x00,0x00,0x22,0xA2,0x00,0x00,0xAA,0xAA,0x00,0x00,0x22,0x22,0x00,0x00,
                 0x5F,0xFF,0xFF,0xFF,0x5D,0xDD,0xFF,0xFF,0xFF,0xFF,0xFF,0xFF,0xDD,0xDD,0xFF,0xFF,
                 0x55,0x55,0xFF,0xFF,0xDD,0x5D,0xFF,0xFF,0x55,0x55,0xFF,0xFF,0xDD,0xDD,0xFF,0xFF,},
    /*  62 */ {0x55,0x55,0xD5,0xD5,0xDD,0xDD,0x55,0x55,0x55,0x55,0x5C,0x55,0xCC,0xDD,0xAA,0xD5,
                 0xAA,0xD5,0x22,0x77,0x22,0xFF,0xAA,0x8A,0xAA,0xAB,0x22,0x23,0x22,0x23,0xAA,0xAA,
                 0x00,0x00,0x2A,0x2A,0x80,0x00,0xAA,0xAA,0x00,0x00,0xA2,0xAA,0x00,0x00,0x00,0x2A,
                 0xAA,0x80,0x00,0x08,0x22,0xA2,0x00,0x00,0xAA,0xAA,0x00,0x00,0x22,0x22,0x00,0x00,
                 0xFF,0xFF,0xFF,0xFF,0x7F,0xFF,0xFF,0xFF,0xFF,0xFF,0xFF,0xFF,0xFF,0xFF,0xFF,0xFF,
                 0x55,0x7F,0xFF,0xFF,0xDD,0x5D,0xFF,0xFF,0x55,0x55,0xFF,0xFF,0xDD,0xDD,0xFF,0xFF,},
    /*  63 */ {0x55,0x55,0xD5,0xD5,0xDD,0xDD,0x55,0x55,0x55,0x55,0x5D,0x55,0xDD,0xDD,0x55,0x55,
                 0x55,0x55,0xD5,0xD5,0xDD,0xDD,0x55,0x55,0x75,0x55,0x77,0x77,0xFF,0xFF,0xAA,0xAA,
                 0x00,0x00,0x2A,0x2A,0x00,0x00,0xAA,0xAA,0x00,0x00,0xA2,0xAA,0x00,0x00,0xAA,0xAA,
                 0x00,0x00,0x2A,0x2A,0x00,0x00,0xAA,0xAA,0x00,0x00,0x88,0x88,0x22,0x22,0x00,0x00,
                 0xFF,0xFF,0xFF,0xFF,0xFF,0xFF,0xFF,0xFF,0xFF,0xFF,0xFF,0xFF,0xFF,0xFF,0xFF,0xFF,
                 0xFF,0xFF,0xFF,0xFF,0xFF,0xFF,0xFF,0xFF,0xFF,0xFF,0xFF,0xFF,0xDD,0xDD,0xFF,0xFF,},
    /*  64 */ {0x15,0x55,0xD5,0xD5,0xDD,0xDD,0x55,0x55,0x55,0x55,0x5D,0x55,0xDD,0xDD,0x55,0x55,
                 0x55,0x55,0xD5,0xD5,0xDD,0xDD,0x55,0x55,0x75,0x55,0x77,0x77,0xFF,0xFF,0xAA,0xAA,
                 0x40,0x00,0x2A,0x2A,0x00,0x00,0xAA,0xAA,0x00,0x00,0xA2,0xAA,0x00,0x00,0xAA,0xAA,
                 0x00,0x00,0x2A,0x2A,0x00,0x00,0xAA,0xAA,0x00,0x00,0x88,0x88,0x22,0x22,0x00,0x00,
                 0xFF,0xFF,0xFF,0xFF,0xFF,0xFF,0xFF,0xFF,0xFF,0xFF,0xFF,0xFF,0xFF,0xFF,0xFF,0xFF,
                 0xFF,0xFF,0xFF,0xFF,0xFF,0xFF,0xFF,0xFF,0xFF,0xFF,0xFF,0xFF,0xDD,0xDD,0xFF,0xFF,},
    /*  65 */ {0x55,0x55,0xD5,0xD5,0xDD,0xDD,0x55,0x55,0x55,0x55,0x5D,0x55,0xDD,0xDD,0x55,0x55,
                 0x55,0x55,0xD5,0xD5,0xDD,0xDD,0x55,0x55,0x75,0x55,0x77,0x77,0xFF,0xFF,0xAA,0xA2,
                 0x00,0x00,0x2A,0x2A,0x00,0x00,0xAA,0xAA,0x00,0x00,0xA2,0xAA,0x00,0x00,0xAA,0xAA,
                 0x00,0x00,0x2A,0x2A,0x00,0x00,0xAA,0xAA,0x00,0x00,0x88,0x88,0x22,0x22,0x00,0x08,
                 0xFF,0xFF,0xFF,0xFF,0xFF,0xFF,0xFF,0xFF,0xFF,0xFF,0xFF,0xFF,0xFF,0xFF,0xFF,0xFF,
                 0xFF,0xFF,0xFF,0xFF,0xFF,0xFF,0xFF,0xFF,0xFF,0xFF,0xFF,0xFF,0xDD,0xDD,0xFF,0xFF,},
    /*  66 */ {0x51,0x12,0xD5,0xD4,0xDD,0xDC,0x55,0x50,0x55,0x5A,0x5D,0x51,0xDD,0xDD,0x55,0x55,
                 0x55,0x55,0xD5,0xD5,0xDD,0xDD,0x55,0x55,0x75,0x55,0x55,0x55,0xDD,0xDD,0x55,0x55,
                 0x04,0x45,0x2A,0x2B,0x00,0x01,0xAA,0xAF,0x00,0x05,0xA2,0xAE,0x00,0x00,0xAA,0xAA,
                 0x00,0x00,0x2A,0x2A,0x00,0x00,0xAA,0xAA,0x00,0x00,0xAA,0xAA,0x00,0x00,0xAA,0xAA,
                 0xFF,0xFF,0xFF,0xFF,0xFF,0xFF,0xFF,0xFF,0xFF,0xFF,0xFF,0xFF,0xFF,0xFF,0xFF,0xFF,
                 0xFF,0xFF,0xFF,0xFF,0xFF,0xFF,0xFF,0xFF,0xFF,0xFF,0xFF,0xFF,0xFF,0xFF,0xFF,0xFF,},
    /*  67 */ {0xAA,0xAA,0x00,0x00,0xCA,0xAA,0x00,0x00,0xAA,0xAA,0x18,0x00,0xDE,0x2A,0x54,0x54,
                 0x54,0xFE,0xD4,0x55,0xDC,0xDD,0x55,0x55,0x75,0x55,0x55,0x55,0xDD,0xDD,0x55,0x55,
                 0x55,0x55,0xFF,0xFF,0x15,0x55,0xFF,0xFF,0x55,0x55,0xE7,0xFF,0x01,0xD5,0xAB,0xAB,
                 0x01,0x01,0x2B,0xAA,0x01,0x00,0xAA,0xAA,0x00,0x00,0xAA,0xAA,0x00,0x00,0xAA,0xAA,
                 0xFF,0xFF,0xFF,0xFF,0xFF,0xFF,0xFF,0xFF,0xFF,0xFF,0xFF,0xFF,0xFF,0xFF,0xFF,0xFF,
                 0xFF,0xFF,0xFF,0xFF,0xFF,0xFF,0xFF,0xFF,0xFF,0xFF,0xFF,0xFF,0xFF,0xFF,0xFF,0xFF,},
    /*  68 */ {0xAA,0xAA,0x00,0x00,0xAA,0xAA,0x00,0x00,0xAA,0xAA,0x00,0x00,0x2A,0x2A,0x00,0x00,
                 0xAA,0xAA,0x00,0x00,0xAA,0xAA,0x54,0x00,0x7E,0xAA,0x55,0x00,0xDD,0xAA,0x55,0x55,
                 0x55,0x55,0xFF,0xFF,0x55,0x55,0xFF,0xFF,0x55,0x55,0xFF,0xFF,0xD5,0xD5,0xFF,0xFF,
                 0x55,0x55,0xFF,0xFF,0x55,0x55,0xAB,0xFF,0x01,0x55,0xAA,0xFF,0x00,0x55,0xAA,0xAA,
                 0xFF,0xFF,0xFF,0xFF,0xFF,0xFF,0xFF,0xFF,0xFF,0xFF,0xFF,0xFF,0xFF,0xFF,0xFF,0xFF,
                 0xFF,0xFF,0xFF,0xFF,0xFF,0xFF,0xFF,0xFF,0xFF,0xFF,0xFF,0xFF,0xFF,0xFF,0xFF,0xFF,},
    /*  69 */ {0xAA,0xAA,0x00,0x00,0xAA,0xAA,0x00,0x00,0xAA,0xAA,0x00,0x00,0x2A,0x2A,0x00,0x00,
                 0xAA,0xAA,0x00,0x00,0xAA,0xAA,0x00,0x00,0xAA,0xAA,0x00,0x00,0x2A,0x2A,0x40,0x00,
                 0x55,0x55,0xFF,0xFF,0x55,0x55,0xFF,0xFF,0x55,0x55,0xFF,0xFF,0xD5,0xD5,0xFF,0xFF,
                 0x55,0x55,0xFF,0xFF,0x55,0x55,0xFF,0xFF,0x55,0x55,0xFF,0xFF,0xD5,0xD5,0xBF,0xFF,
                 0xFF,0xFF,0xFF,0xFF,0xFF,0xFF,0xFF,0xFF,0xFF,0xFF,0xFF,0xFF,0xFF,0xFF,0xFF,0xFF,
                 0xFF,0xFF,0xFF,0xFF,0xFF,0xFF,0xFF,0xFF,0xFF,0xFF,0xFF,0xFF,0xFF,0xFF,0xFF,0xFF,},
    /*  70 */ {0xAA,0xAA,0x00,0x00,0xAA,0xAA,0x00,0x00,0xAA,0xAA,0x00,0x00,0x2A,0x2A,0x00,0x00,
                 0xAA,0xAA,0x00,0x00,0xAA,0xAA,0x00,0x00,0xAA,0xAA,0x00,0x00,0x2A,0x2A,0x00,0x01,
                 0x55,0x55,0xFF,0xFF,0x55,0x55,0xFF,0xFF,0x55,0x55,0xFF,0xFF,0xD5,0xD5,0xFF,0xFF,
                 0x55,0x55,0xFF,0xFF,0x55,0x55,0xFF,0xFF,0x55,0x55,0xFF,0xFF,0xD5,0xD5,0xFF,0xFE,
                 0xFF,0xFF,0xFF,0xFF,0xFF,0xFF,0xFF,0xFF,0xFF,0xFF,0xFF,0xFF,0xFF,0xFF,0xFF,0xFF,
                 0xFF,0xFF,0xFF,0xFF,0xFF,0xFF,0xFF,0xFF,0xFF,0xFF,0xFF,0xFF,0xFF,0xFF,0xFF,0xFF,},
    /*  71 */ {0xAA,0xAA,0x00,0x00,0xAA,0xAB,0x00,0x00,0xAA,0xAA,0x00,0x05,0x2A,0x2F,0x00,0x15,
                 0xAA,0xAF,0x00,0x05,0xAA,0xAD,0x01,0x55,0xAA,0xF5,0x00,0x55,0x2A,0x7D,0x55,0x55,
                 0x55,0x55,0xFF,0xFF,0x55,0x54,0xFF,0xFF,0x55,0x55,0xFF,0xFA,0xD5,0xD0,0xFF,0xEA,
                 0x55,0x50,0xFF,0xFA,0x55,0x50,0xFE,0xAA,0x55,0x00,0xFF,0xAA,0xD5,0x80,0xAA,0xAA,
                 0xFF,0xFF,0xFF,0xFF,0xFF,0xFF,0xFF,0xFF,0xFF,0xFF,0xFF,0xFF,0xFF,0xFF,0xFF,0xFF,
                 0xFF,0xFF,0xFF,0xFF,0xFF,0xFF,0xFF,0xFF,0xFF,0xFF,0xFF,0xFF,0xFF,0xFF,0xFF,0xFF,},
    /*  72 */ {0xDD,0xD5,0x55,0xD5,0xFD,0xDD,0x05,0x55,0xB5,0x55,0x5D,0x55,0xDD,0xDD,0x55,0x55,
                 0x55,0x55,0x55,0xD5,0xDD,0xDD,0x55,0x55,0x75,0x55,0x55,0x55,0xDD,0xDD,0x55,0x55,
                 0x00,0x00,0xAA,0x2A,0x00,0x00,0xFA,0xAA,0x40,0x00,0xA2,0xAA,0x00,0x00,0xAA,0xAA,
                 0x00,0x00,0xAA,0x2A,0x00,0x00,0xAA,0xAA,0x00,0x00,0xAA,0xAA,0x00,0x00,0xAA,0xAA,
                 0xFF,0xFF,0xFF,0xFF,0xFF,0xFF,0xFF,0xFF,0xFF,0xFF,0xFF,0xFF,0xFF,0xFF,0xFF,0xFF,
                 0xFF,0xFF,0xFF,0xFF,0xFF,0xFF,0xFF,0xFF,0xFF,0xFF,0xFF,0xFF,0xFF,0xFF,0xFF,0xFF,},
    /*  73 */ {0x55,0x55,0xD5,0xD5,0xDD,0xDD,0x55,0x55,0x55,0x55,0x5D,0x55,0xDD,0xDD,0x55,0x55,
                 0x55,0x55,0xD5,0xD5,0xDD,0xDD,0x55,0x55,0x75,0x51,0x55,0x51,0xDD,0xD9,0x55,0x51,
                 0x00,0x02,0x2A,0x28,0x00,0x02,0xAA,0xA8,0x00,0x02,0xA2,0xA8,0x00,0x02,0xAA,0xA8,
                 0x00,0x02,0x2A,0x28,0x00,0x02,0xAA,0xA8,0x00,0x02,0xAA,0xA8,0x00,0x02,0xAA,0xA8,
                 0xFF,0xFC,0xFF,0xFE,0xFF,0xFC,0xFF,0xFE,0xFF,0xFC,0xFF,0xFE,0xFF,0xFC,0xFF,0xFE,
                 0xFF,0xFC,0xFF,0xFE,0xFF,0xFC,0xFF,0xFE,0xFF,0xFC,0xFF,0xFE,0xFF,0xFC,0xFF,0xFE,},
    /*  74 */ {0x6A,0xAA,0x22,0x22,0x62,0x22,0x4A,0xAA,0x6A,0xAA,0x62,0x22,0xE2,0x22,0x6A,0xAA,
                 0x6A,0xAA,0x62,0x22,0xE2,0xA2,0x6A,0x8A,0x6A,0xAA,0x62,0x22,0xE2,0x22,0x6A,0xAA,
                 0x6A,0xAA,0x40,0x00,0x62,0x22,0xC0,0x00,0x6A,0xAA,0xC0,0x00,0x62,0x22,0xC0,0x00,
                 0x6A,0xAA,0xC0,0x00,0x62,0xA2,0xC0,0x00,0x6A,0xAA,0xC0,0x00,0x62,0x22,0xC0,0x00,
                 0x15,0x55,0x3F,0xFF,0x1D,0xDD,0x3F,0xFF,0x15,0x55,0x3F,0xFF,0x1D,0xDD,0x3F,0xFF,
                 0x15,0x55,0x3F,0xFF,0x1D,0x5D,0x3F,0xFF,0x15,0x55,0x3F,0xFF,0x1D,0xDD,0x3F,0xFF,},
    /*  75 */ {0xAA,0xAB,0x22,0x9D,0xA2,0x55,0x8A,0xAB,0xAA,0xAB,0x22,0x22,0x22,0x22,0xAA,0xAA,
                 0xAA,0xAA,0x22,0x22,0x22,0xA2,0xAA,0x8A,0xAA,0xAA,0x22,0x22,0x25,0x55,0xA5,0x55,
                 0xAA,0xAB,0x00,0xDD,0xA2,0xFF,0x00,0x01,0xAA,0xAB,0x00,0x00,0x22,0x22,0x00,0x00,
                 0xAA,0xAA,0x00,0x00,0x22,0xA2,0x00,0x00,0xAA,0xAA,0x00,0x00,0x2F,0xFF,0x05,0x55,
                 0x55,0x54,0xFF,0x22,0x5D,0x00,0xFF,0xFE,0x55,0x54,0xFF,0xFF,0xDD,0xDD,0xFF,0xFF,
                 0x55,0x55,0xFF,0xFF,0xDD,0x5D,0xFF,0xFF,0x55,0x55,0xFF,0xFF,0xD0,0x00,0xFA,0xAA,},
    /*  76 */ {0x55,0x5A,0x9D,0x9D,0x55,0x55,0x55,0x55,0x55,0x55,0x22,0x26,0x22,0x25,0xAA,0xA4,
                 0xAA,0xA5,0x22,0x26,0x55,0x55,0x44,0x44,0x55,0x55,0x66,0x66,0x55,0x55,0x55,0x55,
                 0xFF,0xFA,0xDD,0xDD,0xFF,0xFF,0x55,0x55,0xFF,0xFF,0x00,0x04,0x22,0x2F,0x00,0x04,
                 0xAA,0xAF,0x00,0x04,0xFF,0xFF,0x44,0x44,0xFF,0xFF,0x44,0x44,0xFF,0xFF,0x55,0x55,
                 0x00,0x05,0x22,0x22,0x00,0x00,0xAA,0xAA,0x00,0x00,0xFF,0xFB,0xDD,0xD0,0xFF,0xFB,
                 0x55,0x50,0xFF,0xFB,0x00,0x00,0xBB,0xBB,0x00,0x00,0xBB,0xBB,0x00,0x00,0xAA,0xAA,},
    /*  77 */ {0xAA,0xAA,0x9D,0x9A,0x55,0x52,0x5A,0xAA,0x5A,0xAA,0x62,0x22,0x54,0x22,0x44,0xAA,
                 0x54,0xAA,0x66,0x22,0x55,0x55,0x44,0x44,0x55,0x55,0x66,0x66,0x55,0x55,0x55,0x55,
                 0xAA,0xAA,0xDD,0xD8,0xFF,0xFA,0x50,0x00,0xFA,0xAA,0x40,0x00,0xFE,0x22,0x44,0x00,
                 0xFE,0xAA,0x44,0x00,0xFF,0xFF,0x44,0x44,0xFF,0xFF,0x44,0x44,0xFF,0xFF,0x55,0x55,
                 0x55,0x55,0x22,0x27,0x00,0x05,0xAF,0xFF,0x05,0x55,0xBF,0xFF,0x01,0xDD,0xBB,0xFF,
                 0x01,0x55,0xBB,0xFF,0x00,0x00,0xBB,0xBB,0x00,0x00,0xBB,0xBB,0x00,0x00,0xAA,0xAA,},
    /*  78 */ {0xAA,0xAA,0x22,0x22,0x22,0x22,0x8A,0xAA,0xAA,0xAA,0x22,0x22,0x22,0x22,0xAA,0xAA,
                 0xAA,0xAA,0x22,0x22,0x54,0xA2,0x44,0x8A,0x54,0xAA,0x66,0x22,0x55,0x52,0x55,0x5A,
                 0xAA,0xAA,0x00,0x00,0xA2,0x22,0x00,0x00,0xAA,0xAA,0x00,0x00,0x22,0x22,0x00,0x00,
                 0xAA,0xAA,0x00,0x00,0xFE,0xA2,0x44,0x00,0xFE,0xAA,0x44,0x00,0xFF,0xF2,0x55,0x50,
                 0x55,0x55,0xFF,0xFF,0x5D,0xDD,0xFF,0xFF,0x55,0x55,0xFF,0xFF,0xDD,0xDD,0xFF,0xFF,
                 0x55,0x55,0xFF,0xFF,0x01,0x5D,0xBB,0xFF,0x01,0x55,0xBB,0xFF,0x00,0x0D,0xAA,0xAF,},
    /*  79 */ {0xAA,0xA7,0x22,0x27,0xA2,0x2F,0x8A,0xA7,0xAA,0xAA,0x22,0x22,0x22,0x22,0xAA,0xAA,
                 0xAA,0xAA,0x22,0x22,0x22,0xA2,0xAA,0x8A,0xAA,0xAA,0x22,0x22,0x22,0x22,0xAA,0xAA,
                 0xAA,0xA2,0x00,0x08,0xA2,0x22,0x00,0x08,0xAA,0xAA,0x00,0x00,0x22,0x22,0x00,0x00,
                 0xAA,0xAA,0x00,0x00,0x22,0xA2,0x00,0x00,0xAA,0xAA,0x00,0x00,0x22,0x22,0x00,0x00,
                 0x55,0x5D,0xFF,0xFF,0x5D,0xDD,0xFF,0xFF,0x55,0x55,0xFF,0xFF,0xDD,0xDD,0xFF,0xFF,
                 0x55,0x55,0xFF,0xFF,0xDD,0x5D,0xFF,0xFF,0x55,0x55,0xFF,0xFF,0xDD,0xDD,0xFF,0xFF,},
    /*  80 */ {0x55,0x55,0xF7,0xF5,0xFF,0xFD,0x57,0x55,0xA2,0x55,0x3F,0x55,0x3F,0xFD,0xB7,0x75,
                 0xAA,0x25,0x23,0xF5,0x23,0xFD,0xAB,0x55,0xAA,0xA5,0x22,0x35,0x22,0x3F,0xAA,0xA2,
                 0x00,0x00,0x08,0x0A,0x22,0x20,0x88,0xAA,0xA2,0x00,0x00,0xAA,0x22,0x20,0x08,0x8A,
                 0xAA,0x20,0x00,0x0A,0x22,0x20,0x00,0x8A,0xAA,0xA0,0x00,0x0A,0x22,0x22,0x00,0x08,
                 0xFF,0xFF,0xFF,0xFF,0xDD,0xDF,0xFF,0xFF,0x5D,0xFF,0xFF,0xFF,0xDD,0xDF,0xFF,0xFF,
                 0x55,0xDF,0xFF,0xFF,0xDD,0xDF,0xFF,0xFF,0x55,0x5F,0xFF,0xFF,0xDD,0xDD,0xFF,0xFF,},
    /*  81 */ {0x55,0x55,0xD5,0x55,0xDD,0xDD,0x55,0x55,0x55,0x55,0x5D,0x55,0xDD,0xDD,0x55,0x55,
                 0x55,0x55,0xD5,0xD5,0xDD,0xDD,0x55,0x55,0x75,0x55,0x55,0x55,0xDD,0xDD,0x55,0x55,
                 0x00,0x00,0x2A,0xAA,0x00,0x00,0xAA,0xAA,0x00,0x00,0xA2,0xAA,0x00,0x00,0xAA,0xAA,
                 0x00,0x00,0x2A,0x2A,0x00,0x00,0xAA,0xAA,0x00,0x00,0xAA,0xAA,0x00,0x00,0xAA,0xAA,
                 0xFF,0xFF,0xFF,0xFF,0xFF,0xFF,0xFF,0xFF,0xFF,0xFF,0xFF,0xFF,0xFF,0xFF,0xFF,0xFF,
                 0xFF,0xFF,0xFF,0xFF,0xFF,0xFF,0xFF,0xFF,0xFF,0xFF,0xFF,0xFF,0xFF,0xFF,0xFF,0xFF,},
    /*  82 */ {0xAA,0xAA,0x00,0x00,0xAA,0xAA,0x00,0x00,0x77,0x77,0x55,0x55,0x5D,0x5D,0x55,0x55,
                 0x55,0x55,0xD5,0xD5,0xDD,0xDD,0x55,0x55,0x75,0x55,0x55,0x55,0xDD,0xDD,0x55,0x55,
                 0x55,0x55,0xFF,0xFF,0x55,0x55,0xFF,0xFF,0x00,0x00,0xAA,0xAA,0x80,0x80,0xAA,0xAA,
                 0x00,0x00,0x2A,0x2A,0x00,0x00,0xAA,0xAA,0x00,0x00,0xAA,0xAA,0x00,0x00,0xAA,0xAA,
                 0xFF,0xFF,0xFF,0xFF,0xFF,0xFF,0xFF,0xFF,0xFF,0xFF,0xFF,0xFF,0xFF,0xFF,0xFF,0xFF,
                 0xFF,0xFF,0xFF,0xFF,0xFF,0xFF,0xFF,0xFF,0xFF,0xFF,0xFF,0xFF,0xFF,0xFF,0xFF,0xFF,},
    /*  83 */ {0xAA,0xAA,0x00,0x00,0xAA,0xAA,0x00,0x00,0x6A,0xAA,0x00,0x00,0x2A,0x2A,0x00,0x00,
                 0x77,0x77,0xD5,0x55,0xDD,0xDD,0x55,0x55,0x75,0x55,0x55,0x55,0xDD,0xDD,0x55,0x55,
                 0x55,0x55,0xFF,0xFF,0x55,0x55,0xFF,0xFF,0x15,0x55,0xFF,0xFF,0xD5,0xD5,0xFF,0xFF,
                 0x00,0x00,0x2A,0xAA,0x00,0x00,0xAA,0xAA,0x00,0x00,0xAA,0xAA,0x00,0x00,0xAA,0xAA,
                 0xFF,0xFF,0xFF,0xFF,0xFF,0xFF,0xFF,0xFF,0xFF,0xFF,0xFF,0xFF,0xFF,0xFF,0xFF,0xFF,
                 0xFF,0xFF,0xFF,0xFF,0xFF,0xFF,0xFF,0xFF,0xFF,0xFF,0xFF,0xFF,0xFF,0xFF,0xFF,0xFF,},
    /*  84 */ {0xAA,0xAA,0x00,0x00,0xAA,0xAA,0x00,0x00,0xAB,0x77,0x00,0x55,0x2A,0x5D,0x00,0x55,
                 0x77,0x55,0x55,0xD5,0xDD,0xDD,0x55,0x55,0x75,0x55,0x55,0x55,0xDD,0xDD,0x55,0x55,
                 0x55,0x55,0xFF,0xFF,0x55,0x55,0xFF,0xFF,0x54,0x00,0xFF,0xAA,0xD5,0x80,0xFF,0xAA,
                 0x00,0x00,0xAA,0x2A,0x00,0x00,0xAA,0xAA,0x00,0x00,0xAA,0xAA,0x00,0x00,0xAA,0xAA,
                 0xFF,0xFF,0xFF,0xFF,0xFF,0xFF,0xFF,0xFF,0xFF,0xFF,0xFF,0xFF,0xFF,0xFF,0xFF,0xFF,
                 0xFF,0xFF,0xFF,0xFF,0xFF,0xFF,0xFF,0xFF,0xFF,0xFF,0xFF,0xFF,0xFF,0xFF,0xFF,0xFF,},
    /*  85 */ {0xD5,0x55,0x55,0x55,0xDD,0xDD,0x55,0x55,0x75,0x55,0x5D,0x55,0x5D,0x5D,0x55,0x55,
                 0x55,0x55,0xD5,0xD5,0xDD,0xDD,0x55,0x55,0x75,0x55,0x55,0x55,0xDD,0xDD,0x55,0x55,
                 0x00,0x00,0xAA,0xAA,0x00,0x00,0xAA,0xAA,0x00,0x00,0xA2,0xAA,0x80,0x80,0xAA,0xAA,
                 0x00,0x00,0x2A,0x2A,0x00,0x00,0xAA,0xAA,0x00,0x00,0xAA,0xAA,0x00,0x00,0xAA,0xAA,
                 0xFF,0xFF,0xFF,0xFF,0xFF,0xFF,0xFF,0xFF,0xFF,0xFF,0xFF,0xFF,0xFF,0xFF,0xFF,0xFF,
                 0xFF,0xFF,0xFF,0xFF,0xFF,0xFF,0xFF,0xFF,0xFF,0xFF,0xFF,0xFF,0xFF,0xFF,0xFF,0xFF,},
    /*  86 */ {0x55,0x55,0xD5,0xD5,0xDD,0xDD,0x55,0x55,0x55,0x55,0x5D,0x55,0xDD,0xDD,0x55,0x55,
                 0x55,0x55,0xD5,0xD5,0xDD,0xDD,0x55,0x55,0x75,0x55,0x55,0x55,0xDD,0xD9,0x55,0x5B,
                 0x00,0x00,0x2A,0x2A,0x00,0x00,0xAA,0xAA,0x00,0x00,0xA2,0xAA,0x00,0x00,0xAA,0xAA,
                 0x00,0x00,0x2A,0x2A,0x00,0x00,0xAA,0xAA,0x00,0x00,0xAA,0xAA,0x00,0x00,0xAA,0xA0,
                 0xFF,0xFF,0xFF,0xFF,0xFF,0xFF,0xFF,0xFF,0xFF,0xFF,0xFF,0xFF,0xFF,0xFF,0xFF,0xFF,
                 0xFF,0xFF,0xFF,0xFF,0xFF,0xFF,0xFF,0xFF,0xFF,0xFF,0xFF,0xFF,0xFF,0xFF,0xFF,0xFF,},
    /*  87 */ {0x55,0x51,0xD5,0x91,0xDD,0x91,0x55,0x19,0x55,0xA9,0x5D,0x21,0xD9,0xA1,0x51,0x29,
                 0x5A,0xA9,0xD2,0x21,0x9A,0xA1,0x12,0x89,0xAA,0xA9,0x22,0x21,0xA2,0x21,0xAA,0xA9,
                 0x00,0x02,0x2A,0x20,0x00,0x02,0xAA,0xA0,0x00,0xAA,0xA2,0x80,0x00,0x22,0xAA,0x80,
                 0x0A,0xAA,0x28,0x00,0x02,0xA2,0xA8,0x00,0xAA,0xAA,0x80,0x00,0x22,0x22,0x00,0x00,
                 0xFF,0xFC,0xFF,0xFE,0xFF,0xFC,0xFF,0xFE,0xFF,0x54,0xFF,0xFE,0xFF,0xDC,0xFF,0xFE,
                 0xF5,0x54,0xFF,0xFE,0xFD,0x5C,0xFF,0xFE,0x55,0x54,0xFF,0xFE,0xDD,0xDC,0xFF,0xFE,},
    /*  88 */ {0x2A,0xAA,0x22,0x22,0x62,0x22,0x4A,0xAA,0x6A,0xAA,0x62,0x22,0xE2,0x22,0x6A,0xAA,
                 0x6A,0xAA,0x62,0x22,0xE2,0xA2,0x6A,0x8A,0x6A,0xAA,0xA2,0x22,0x62,0x22,0xA2,0x22,
                 0x6A,0xAA,0x40,0x00,0x62,0x22,0xC0,0x00,0x6A,0xAA,0xC0,0x00,0x62,0x22,0xC0,0x00,
                 0x6A,0xAA,0xC0,0x00,0x62,0xA2,0xC0,0x00,0x6A,0xAA,0x40,0x00,0x62,0x22,0x40,0x00,
                 0x15,0x55,0x3F,0xFF,0x1D,0xDD,0x3F,0xFF,0x15,0x55,0x3F,0xFF,0x1D,0xDD,0x3F,0xFF,
                 0x15,0x55,0x3F,0xFF,0x1D,0x5D,0x3F,0xFF,0x15,0x55,0x3F,0xFF,0x1D,0xDD,0x3F,0xFF,},
    /*  89 */ {0xAA,0xAB,0x22,0x23,0xA2,0x22,0x8A,0xAA,0xAA,0xAA,0x22,0x22,0x22,0x22,0xAA,0xA5,
                 0xAA,0xA5,0x22,0x2D,0x22,0xA5,0xAA,0x95,0xAA,0xB5,0x3D,0xDD,0x35,0x55,0x25,0x55,
                 0xAA,0xAB,0x00,0x01,0xA2,0x22,0x00,0x00,0xAA,0xAA,0x00,0x00,0x22,0x22,0x00,0x05,
                 0xAA,0xAF,0x00,0x0D,0x22,0xA7,0x00,0x15,0xAA,0xBF,0x1D,0xDD,0x3F,0xFF,0x05,0x55,
                 0x55,0x54,0xFF,0xFE,0x5D,0xDD,0xFF,0xFF,0x55,0x55,0xFF,0xFF,0xDD,0xDD,0xFF,0xFA,
                 0x55,0x50,0xFF,0xF2,0xDD,0x58,0xFF,0xEA,0x55,0x40,0xE2,0x22,0xC0,0x00,0xFA,0xAA,},
    /*  90 */ {0x55,0x55,0x9D,0x9D,0x55,0x55,0x55,0x55,0x55,0x55,0xDD,0xDD,0x55,0x55,0x55,0x55,
                 0x55,0x55,0xDD,0x9D,0x55,0x55,0x55,0x55,0x55,0x55,0x5D,0xDD,0x55,0x55,0x55,0x55,
                 0xFF,0xFF,0xDD,0xDD,0xFF,0xFF,0x55,0x55,0xFF,0xFF,0xDD,0xDD,0x7F,0xFF,0x55,0x55,
                 0xFF,0xFF,0xDD,0xDD,0xFF,0xFF,0x55,0x55,0xFF,0xFF,0x5D,0xDD,0xFF,0xFF,0x55,0x55,
                 0x00,0x00,0x22,0x22,0x00,0x00,0xAA,0xAA,0x00,0x00,0x22,0x22,0x80,0x00,0xAA,0xAA,
                 0x00,0x00,0x22,0x22,0x00,0x00,0xAA,0xAA,0x00,0x00,0xA2,0x22,0x00,0x00,0xAA,0xAA,},
    /*  91 */ {0x55,0x55,0x9D,0x9D,0x55,0x55,0x55,0x55,0x55,0x55,0xDD,0xDD,0x55,0x55,0x55,0x55,
                 0x55,0x55,0xDD,0x9D,0x55,0x55,0x55,0x55,0x55,0x55,0x5D,0xDD,0x55,0x55,0x55,0x55,
                 0xFF,0xFF,0xDD,0xDD,0xFF,0xFF,0x55,0x55,0xFF,0xFF,0xDD,0xDD,0xFF,0xFF,0x55,0x55,
                 0xFF,0xFF,0xDD,0xDD,0xFF,0xFF,0x55,0x55,0xFF,0xFF,0x5D,0xDD,0xFF,0xFF,0x55,0x55,
                 0x00,0x00,0x22,0x22,0x00,0x00,0xAA,0xAA,0x00,0x00,0x22,0x22,0x00,0x00,0xAA,0xAA,
                 0x00,0x00,0x22,0x22,0x00,0x00,0xAA,0xAA,0x00,0x00,0xA2,0x22,0x00,0x00,0xAA,0xAA,},
    /*  92 */ {0x55,0x55,0x9D,0x9D,0x55,0x55,0x55,0x55,0x55,0x44,0xDD,0xDD,0x55,0x66,0x55,0x55,
                 0x55,0x44,0xDD,0x9D,0x55,0x66,0x55,0x55,0x55,0x55,0x5D,0xDD,0x55,0x55,0x55,0x55,
                 0xFF,0xFF,0xDD,0xDD,0xFF,0xFF,0x55,0x55,0xFF,0xEE,0xDD,0xDD,0xFF,0xE6,0x55,0x55,
                 0xFF,0xEE,0xDD,0xDD,0xFF,0xE6,0x55,0x55,0xFF,0xFF,0x5D,0xDD,0xFF,0xFF,0x55,0x55,
                 0x00,0x00,0x22,0x22,0x00,0x00,0xAA,0xAA,0x00,0x11,0x22,0x22,0x00,0x19,0xAA,0xAA,
                 0x00,0x11,0x22,0x22,0x00,0x19,0xAA,0xAA,0x00,0x00,0xA2,0x22,0x00,0x00,0xAA,0xAA,},
    /*  93 */ {0x55,0x55,0x9D,0x9D,0x55,0x52,0x55,0x5A,0x44,0x4A,0xDD,0xC2,0x66,0x62,0x55,0x4A,
                 0x44,0x4A,0xDD,0x82,0x66,0xE2,0x55,0x55,0x55,0x55,0x5D,0xDD,0x55,0x55,0x55,0x55,
                 0xFF,0xFF,0xDD,0xDD,0xFF,0xF2,0x55,0x50,0xEE,0xEA,0xDD,0xC0,0x66,0x62,0x55,0x40,
                 0xEE,0xEA,0xDD,0xC0,0x66,0xE2,0x55,0x55,0xFF,0xFF,0x5D,0xDD,0xFF,0xFF,0x55,0x55,
                 0x00,0x00,0x22,0x22,0x00,0x0D,0xAA,0xAF,0x11,0x15,0x22,0x3F,0x99,0x9D,0xAA,0xBF,
                 0x11,0x15,0x22,0x3F,0x99,0x1D,0xAA,0xAA,0x00,0x00,0xA2,0x22,0x00,0x00,0xAA,0xAA,},
    /*  94 */ {0x55,0x6A,0x9D,0xA2,0xA2,0x22,0x8A,0xAA,0xAA,0xAA,0x22,0x22,0x22,0x22,0xAA,0xAA,
                 0xAA,0xAA,0x22,0x22,0x22,0xA2,0xAA,0x8A,0xAA,0xAA,0x5D,0xDD,0x55,0x55,0x55,0x55,
                 0xFF,0xEA,0xDD,0xC0,0xA2,0x22,0x00,0x00,0xAA,0xAA,0x00,0x00,0x22,0x22,0x00,0x00,
                 0xAA,0xAA,0x00,0x00,0x22,0xA2,0x00,0x00,0xAA,0xAA,0x5D,0xDD,0xFF,0xFF,0x55,0x55,
                 0x00,0x15,0x22,0x3F,0x5D,0xDD,0xFF,0xFF,0x55,0x55,0xFF,0xFF,0xDD,0xDD,0xFF,0xFF,
                 0x55,0x55,0xFF,0xFF,0xDD,0x5D,0xFF,0xFF,0x55,0x55,0xA2,0x22,0x00,0x00,0xAA,0xAA,},
    /*  95 */ {0xAB,0x29,0x23,0xA1,0xA2,0x22,0x8A,0xAA,0xAA,0xAA,0x22,0x22,0x22,0x22,0xAA,0xB5,
                 0xAA,0xB7,0x22,0x3D,0x22,0xA2,0xAA,0xD5,0xAA,0x55,0x5D,0xDD,0x55,0x55,0x55,0x55,
                 0xAB,0xAB,0x01,0x81,0xA2,0x22,0x00,0x00,0xAA,0xAA,0x00,0x00,0x22,0x22,0x00,0x15,
                 0xAA,0xBF,0x00,0x1D,0x22,0xAA,0x00,0x55,0xAA,0xFF,0x5D,0xDD,0xFF,0xFF,0x55,0x55,
                 0x54,0x54,0xFE,0x7E,0x5D,0xDD,0xFF,0xFF,0x55,0x55,0xFF,0xFF,0xDD,0xDD,0xFF,0xEA,
                 0x55,0x40,0xFF,0xE2,0xDD,0x55,0xFF,0xAA,0x55,0x00,0xA2,0x22,0x00,0x00,0xAA,0xAA,},
    /*  96 */ {0x52,0xAA,0x9A,0x22,0xA2,0x22,0x8A,0xAA,0xAA,0xAA,0x22,0x22,0x22,0x22,0x6A,0xAA,
                 0x6A,0xAA,0xE2,0x22,0x22,0xA2,0x54,0x8A,0x54,0xAA,0x5D,0xDD,0x55,0x55,0x55,0x55,
                 0xFA,0xAA,0xD8,0x00,0xA2,0x22,0x00,0x00,0xAA,0xAA,0x00,0x00,0x22,0x22,0x40,0x00,
                 0xEA,0xAA,0xC0,0x00,0xA2,0xA2,0x54,0x00,0xFE,0xAA,0x5D,0xDD,0xFF,0xFF,0x55,0x55,
                 0x05,0x55,0x27,0xFF,0x5D,0xDD,0xFF,0xFF,0x55,0x55,0xFF,0xFF,0xDD,0xDD,0xBF,0xFF,
                 0x15,0x55,0x3F,0xFF,0x5D,0x5D,0xAB,0xFF,0x01,0x55,0xA2,0x22,0x00,0x00,0xAA,0xAA,},
    /*  97 */ {0xAA,0xAA,0x22,0x22,0xA2,0x22,0x8A,0xAA,0xAA,0xAA,0x22,0x22,0x22,0x22,0xAA,0xAA,
                 0xAA,0xAA,0x22,0x22,0x22,0xA2,0xAA,0x8A,0xAA,0xAA,0x22,0x22,0x22,0x22,0xBB,0xAA,
                 0xAA,0xAA,0x00,0x00,0xA2,0x22,0x00,0x00,0xAA,0xAA,0x00,0x00,0x22,0x22,0x00,0x00,
                 0xAA,0xAA,0x00,0x00,0x22,0xA2,0x00,0x00,0xAA,0xAA,0x00,0x00,0xA2,0x22,0x11,0x00,
                 0x55,0x55,0xFF,0xFF,0x5D,0xDD,0xFF,0xFF,0x55,0x55,0xFF,0xFF,0xDD,0xDD,0xFF,0xFF,
                 0x55,0x55,0xFF,0xFF,0xDD,0x5D,0xFF,0xFF,0x55,0x55,0xFF,0xFF,0x5D,0xDD,0xEE,0xFF,},
    /*  98 */ {0xAA,0xAA,0x22,0x22,0xA2,0x2A,0x8A,0xB7,0xAA,0xB7,0x22,0x22,0x22,0x22,0xAA,0xAA,
                 0xAA,0xAA,0x22,0x22,0x22,0xA2,0xAA,0x8A,0xAA,0xAA,0x22,0x22,0x22,0x22,0xAA,0xAA,
                 0xAA,0xAA,0x00,0x00,0xA2,0x22,0x00,0x08,0xAA,0xA2,0x00,0x00,0x22,0x22,0x00,0x00,
                 0xAA,0xAA,0x00,0x00,0x22,0xA2,0x00,0x00,0xAA,0xAA,0x00,0x00,0x22,0x22,0x00,0x00,
                 0x55,0x55,0xFF,0xFF,0x5D,0xDD,0xFF,0xFF,0x55,0x5D,0xFF,0xFF,0xDD,0xDD,0xFF,0xFF,
                 0x55,0x55,0xFF,0xFF,0xDD,0x5D,0xFF,0xFF,0x55,0x55,0xFF,0xFF,0xDD,0xDD,0xFF,0xFF,},
    /*  99 */ {0x9A,0x44,0x12,0xC4,0xDE,0xDD,0x56,0x11,0x76,0x11,0x22,0x23,0x22,0x21,0xAA,0xA9,
                 0xAA,0xA9,0x22,0x22,0x22,0xA2,0xAA,0x8A,0xAA,0xAA,0x22,0x22,0x22,0x22,0xAA,0xAA,
                 0x8A,0x00,0x20,0x2A,0x02,0x00,0x88,0xAA,0x22,0x00,0x00,0x00,0x22,0x20,0x00,0x02,
                 0xAA,0xA8,0x00,0x00,0x22,0xA2,0x00,0x00,0xAA,0xAA,0x00,0x00,0x22,0x22,0x00,0x00,
                 0x75,0xFF,0xFF,0xFF,0xFD,0xFF,0xFF,0xFF,0xDD,0xFF,0xFF,0xFF,0xDD,0xDF,0xFF,0xFF,
                 0x55,0x57,0xFF,0xFF,0xDD,0x5D,0xFF,0xFF,0x55,0x55,0xFF,0xFF,0xDD,0xDD,0xFF,0xFF,},
    /* 100 */ {0x44,0x44,0xC4,0xC4,0xDD,0xDD,0x55,0x51,0x55,0x51,0x5D,0x42,0xDD,0xC2,0x11,0x2A,
                 0x11,0x2A,0x22,0x22,0x22,0xA2,0xAA,0x8A,0xAA,0xAA,0x22,0x22,0x22,0x22,0xAA,0xAA,
                 0x00,0x00,0x2A,0x2A,0x00,0x00,0xAA,0xAA,0x00,0x00,0xA2,0xA0,0x00,0x02,0xAA,0x80,
                 0x00,0x2A,0x00,0x00,0x22,0xA2,0x00,0x00,0xAA,0xAA,0x00,0x00,0x22,0x22,0x00,0x00,
                 0xFF,0xFF,0xFF,0xFF,0xFF,0xFF,0xFF,0xFF,0xFF,0xFF,0xFF,0xFF,0xFF,0xFD,0xFF,0xFF,
                 0xFF,0xD5,0xFF,0xFF,0xDD,0x5D,0xFF,0xFF,0x55,0x55,0xFF,0xFF,0xDD,0xDD,0xFF,0xFF,},
    /* 101 */ {0x44,0x55,0xC4,0xD5,0xDD,0xDD,0x11,0x55,0x11,0x55,0x23,0x55,0x21,0xDD,0xA9,0x11,
                 0xA9,0x11,0x22,0x23,0x22,0xA1,0xAA,0x89,0xAA,0xAB,0x22,0x22,0x22,0x22,0xAA,0xAA,
                 0x00,0x00,0x2A,0x2A,0x00,0x00,0xAA,0xAA,0x00,0x00,0x00,0xAA,0x20,0x00,0x02,0xAA,
                 0xA8,0x00,0x00,0x00,0x22,0xA0,0x00,0x02,0xAA,0xAA,0x00,0x00,0x22,0x22,0x00,0x00,
                 0xFF,0xFF,0xFF,0xFF,0xFF,0xFF,0xFF,0xFF,0xFF,0xFF,0xFF,0xFF,0xDF,0xFF,0xFF,0xFF,
                 0x57,0xFF,0xFF,0xFF,0xDD,0x5F,0xFF,0xFF,0x55,0x55,0xFF,0xFF,0xDD,0xDD,0xFF,0xFF,},
    /* 102 */ {0x55,0x55,0xD5,0xD5,0xDD,0xDD,0x55,0x55,0x55,0x55,0x5D,0x55,0xDD,0xDD,0x55,0x55,
                 0x55,0x55,0xD5,0xD5,0xDD,0xDD,0x11,0x11,0xBB,0xBB,0x22,0x22,0x22,0x22,0xAA,0xAA,
                 0x00,0x00,0x2A,0x2A,0x00,0x00,0xAA,0xAA,0x00,0x00,0xA2,0xAA,0x00,0x00,0xAA,0xAA,
                 0x00,0x00,0x2A,0x2A,0x00,0x00,0xAA,0xAA,0xAA,0xAA,0x00,0x00,0x22,0x22,0x00,0x00,
                 0xFF,0xFF,0xFF,0xFF,0xFF,0xFF,0xFF,0xFF,0xFF,0xFF,0xFF,0xFF,0xFF,0xFF,0xFF,0xFF,
                 0xFF,0xFF,0xFF,0xFF,0xFF,0xFF,0xFF,0xFF,0x55,0x55,0xFF,0xFF,0xDD,0xDD,0xFF,0xFF,},
    /* 103 */ {0x55,0x55,0xD5,0xD5,0xDD,0xDD,0x55,0x55,0x55,0x55,0x5D,0x55,0xDD,0xDD,0x55,0x55,
                 0x55,0x55,0xD5,0xD5,0xDD,0xDD,0x55,0x55,0x75,0x55,0x55,0x55,0x33,0x33,0xB1,0x11,
                 0x00,0x00,0x2A,0x2A,0x00,0x00,0xAA,0xAA,0x00,0x00,0xA2,0xAA,0x00,0x00,0xAA,0xAA,
                 0x00,0x00,0x2A,0x2A,0x00,0x00,0xAA,0xAA,0x00,0x00,0x2A,0xAA,0x22,0x22,0x0A,0xAA,
                 0xFF,0xFF,0xFF,0xFF,0xFF,0xFF,0xFF,0xFF,0xFF,0xFF,0xFF,0xFF,0xFF,0xFF,0xFF,0xFF,
                 0xFF,0xFF,0xFF,0xFF,0xFF,0xFF,0xFF,0xFF,0xFF,0xFF,0xFF,0xFF,0xDD,0xDD,0xFF,0xFF,},
    /* 104 */ {0x55,0x55,0xD5,0xD5,0xDD,0xDD,0x55,0x55,0x55,0x55,0x5D,0x55,0xDD,0xDD,0x55,0x55,
                 0x55,0x55,0xD5,0xD5,0xDD,0xDD,0x55,0x55,0x75,0x55,0x55,0x54,0x33,0x33,0x11,0x11,
                 0x00,0x00,0x2A,0x2A,0x00,0x00,0xAA,0xAA,0x00,0x00,0xA2,0xAA,0x00,0x00,0xAA,0xAA,
                 0x00,0x00,0x2A,0x2A,0x00,0x00,0xAA,0xAA,0x00,0x00,0xAA,0xAA,0x22,0x22,0xAA,0xAA,
                 0xFF,0xFF,0xFF,0xFF,0xFF,0xFF,0xFF,0xFF,0xFF,0xFF,0xFF,0xFF,0xFF,0xFF,0xFF,0xFF,
                 0xFF,0xFF,0xFF,0xFF,0xFF,0xFF,0xFF,0xFF,0xFF,0xFF,0xFF,0xFF,0xDD,0xDD,0xFF,0xFF,},
    /* 105 */ {0x55,0x4A,0xD5,0xE2,0xDD,0xD2,0x55,0x12,0x55,0x12,0x5D,0x22,0xDD,0xA2,0x51,0x2A,
                 0x51,0x2A,0xD2,0x22,0xDA,0xA2,0x12,0x8A,0x3A,0xAA,0x22,0x22,0x22,0x22,0xAA,0xAA,
                 0x00,0x0A,0x2A,0x00,0x00,0x02,0xAA,0xA8,0x00,0x02,0xA2,0x00,0x00,0x22,0xAA,0x80,
                 0x00,0x2A,0x20,0x00,0x02,0xA2,0xA8,0x00,0x2A,0xAA,0x00,0x00,0x22,0x22,0x00,0x00,
                 0xFF,0xF5,0xFF,0xFF,0xFF,0xFD,0xFF,0xFF,0xFF,0xFD,0xFF,0xFF,0xFF,0xDD,0xFF,0xFF,
                 0xFF,0xD5,0xFF,0xFF,0xFD,0x5D,0xFF,0xFF,0xD5,0x55,0xFF,0xFF,0xDD,0xDD,0xFF,0xFF,},
    /* 106 */ {0xAA,0xA9,0x22,0x21,0xA2,0x21,0x8A,0xA9,0xAA,0xA9,0x22,0x21,0x22,0x21,0xAA,0xA9,
                 0xAA,0xA9,0x22,0x21,0x22,0xA1,0xAA,0x89,0xAA,0xA9,0x22,0x21,0x22,0x21,0xAA,0xA9,
                 0xAA,0xAA,0x00,0x00,0xA2,0x22,0x00,0x00,0xAA,0xAA,0x00,0x00,0x22,0x22,0x00,0x00,
                 0xAA,0xAA,0x00,0x00,0x22,0xA2,0x00,0x00,0xAA,0xAA,0x00,0x00,0x22,0x22,0x00,0x00,
                 0x55,0x54,0xFF,0xFE,0x5D,0xDC,0xFF,0xFE,0x55,0x54,0xFF,0xFE,0xDD,0xDC,0xFF,0xFE,
                 0x55,0x54,0xFF,0xFE,0xDD,0x5C,0xFF,0xFE,0x55,0x54,0xFF,0xFE,0xDD,0xDC,0xFF,0xFE,},
    /* 107 */ {0x0A,0xAA,0x42,0x22,0x42,0x22,0x4A,0xAA,0x6A,0x44,0x03,0xDD,0x15,0x55,0x95,0x55,
                 0x15,0x55,0x5D,0x9D,0x91,0x55,0x91,0x55,0x15,0x55,0x9D,0xDD,0x55,0x55,0x95,0x55,
                 0x6A,0xAA,0x00,0x00,0x62,0x22,0xC0,0x00,0x6A,0xEE,0x41,0xDD,0x7F,0xFF,0x55,0x55,
                 0x7F,0xFF,0x1D,0xDD,0x7B,0xFF,0x51,0x55,0x7F,0xFF,0x5D,0xDD,0x7F,0xFF,0x55,0x55,
                 0x15,0x55,0x3F,0xFF,0x1D,0xDD,0x3F,0xFF,0x15,0x11,0x3E,0x22,0x00,0x00,0x2A,0xAA,
                 0x00,0x00,0x22,0x22,0x04,0x00,0x2E,0xAA,0x00,0x00,0x22,0x22,0x00,0x00,0x2A,0xAA,},
    /* 108 */ {0xA5,0x55,0x2D,0x9D,0xA1,0x15,0x89,0x15,0x45,0x55,0xDD,0xDD,0x55,0x55,0x55,0x55,
                 0x55,0x55,0xDD,0x9D,0x55,0x55,0x55,0x55,0x55,0x55,0x5D,0xDD,0x55,0x55,0x55,0x55,
                 0xAF,0xFF,0x0D,0xDD,0xA3,0xBF,0x01,0x15,0xEF,0xFF,0xDD,0xDD,0xFF,0xFF,0x55,0x55,
                 0xFF,0xFF,0xDD,0xDD,0xFF,0xFF,0x55,0x55,0xFF,0xFF,0x5D,0xDD,0xFF,0xFF,0x55,0x55,
                 0x50,0x00,0xF2,0x22,0x5C,0x40,0xFE,0xEA,0x10,0x00,0x22,0x22,0x00,0x00,0xAA,0xAA,
                 0x00,0x00,0x22,0x22,0x00,0x00,0xAA,0xAA,0x00,0x00,0xA2,0x22,0x00,0x00,0xAA,0xAA,},
    /* 109 */ {0x55,0x55,0x9D,0x9D,0x55,0x55,0x55,0x55,0x55,0x55,0xDD,0xDD,0x55,0x55,0x55,0x55,
                 0x55,0x55,0xDD,0x9D,0x55,0x55,0x55,0x55,0x54,0xAA,0x5C,0xAA,0x55,0x57,0x55,0x55,
                 0xFF,0xFF,0xDD,0xDD,0xFF,0xFF,0x55,0x55,0xFF,0xFF,0xDD,0xDD,0xFF,0xFF,0x55,0x55,
                 0xFF,0xFF,0xDD,0xDD,0xFF,0xFF,0x55,0x55,0xFF,0x55,0x5D,0xFF,0xFF,0xFD,0x55,0x55,
                 0x00,0x00,0x22,0x22,0x00,0x00,0xAA,0xAA,0x00,0x00,0x22,0x22,0x00,0x00,0xAA,0xAA,
                 0x00,0x00,0x22,0x22,0x00,0x00,0xAA,0xAA,0x00,0x00,0xA2,0x00,0x00,0x00,0xAA,0xAA,},
    /* 110 */ {0x55,0x55,0x9D,0x9D,0x55,0x55,0x55,0x55,0x55,0x55,0xDD,0xDD,0x55,0x55,0x55,0x55,
                 0x55,0x55,0xDD,0x9D,0x55,0x55,0x55,0x55,0xAA,0x55,0xAA,0xDD,0x55,0x55,0x55,0x55,
                 0xFF,0xFF,0xDD,0xDD,0xFF,0xFF,0x55,0x55,0xFF,0xFF,0xDD,0xDD,0xFF,0xFF,0x55,0x55,
                 0xFF,0xFF,0xDD,0xDD,0xFF,0xFF,0x55,0x55,0x55,0xFF,0xFF,0xDD,0xFF,0xFF,0x55,0x55,
                 0x00,0x00,0x22,0x22,0x00,0x00,0xAA,0xAA,0x00,0x00,0x22,0x22,0x00,0x00,0xAA,0xAA,
                 0x00,0x00,0x22,0x22,0x00,0x00,0xAA,0xAA,0x00,0x00,0x00,0x22,0x00,0x00,0xAA,0xAA,},
    /* 111 */ {0x55,0x55,0x9D,0x9D,0x51,0x11,0x51,0x11,0x55,0x55,0xDD,0xDD,0x55,0x55,0x55,0x55,
                 0x55,0x55,0xDD,0x9D,0x55,0x55,0x55,0x55,0x55,0x55,0x5D,0xDD,0x55,0x55,0x55,0x55,
                 0xFF,0xFF,0xDD,0xDD,0xFB,0xBB,0x51,0x11,0xFF,0xFF,0xDD,0xDD,0xFF,0xFF,0x55,0x55,
                 0xFF,0xFF,0xDD,0xDD,0xFF,0xFF,0x55,0x55,0xFF,0xFF,0x5D,0xDD,0xFF,0xFF,0x55,0x55,
                 0x00,0x00,0x22,0x22,0x04,0x44,0xAE,0xEE,0x00,0x00,0x22,0x22,0x00,0x00,0xAA,0xAA,
                 0x00,0x00,0x22,0x22,0x00,0x00,0xAA,0xAA,0x00,0x00,0xA2,0x22,0x00,0x00,0xAA,0xAA,},
    /* 112 */ {0x55,0x55,0x9D,0x9D,0x11,0x11,0x11,0x11,0x55,0x55,0xDD,0xDD,0x55,0x55,0x55,0x55,
                 0x55,0x55,0xDD,0x9D,0x55,0x55,0x55,0x55,0x55,0x55,0x5D,0xDD,0x55,0x55,0x55,0x55,
                 0xFF,0xFF,0xDD,0xDD,0xBB,0xBB,0x11,0x11,0xFF,0xFF,0xDD,0xDD,0xFF,0xFF,0x55,0x55,
                 0xFF,0xFF,0xDD,0xDD,0xFF,0xFF,0x55,0x55,0xFF,0xFF,0x5D,0xDD,0xFF,0xFF,0x55,0x55,
                 0x00,0x00,0x22,0x22,0x44,0x44,0xEE,0xEE,0x00,0x00,0x22,0x22,0x00,0x00,0xAA,0xAA,
                 0x00,0x00,0x22,0x22,0x00,0x00,0xAA,0xAA,0x00,0x00,0xA2,0x22,0x00,0x00,0xAA,0xAA,},
    /* 113 */ {0x55,0x55,0x9D,0x9D,0x12,0x55,0x11,0xDD,0x55,0x55,0xDD,0xDD,0x55,0x55,0x55,0x55,
                 0x55,0x55,0xDD,0x9D,0x55,0x55,0x55,0x55,0x55,0x55,0x5D,0xDD,0x55,0x55,0x55,0x55,
                 0xFF,0xFF,0xDD,0xDD,0xBA,0x77,0x11,0x55,0xFF,0xFF,0xDD,0xDD,0xFF,0xFF,0x55,0x55,
                 0xFF,0xFF,0xDD,0xDD,0xFF,0xFF,0x55,0x55,0xFF,0xFF,0x5D,0xDD,0xFF,0xFF,0x55,0x55,
                 0x00,0x00,0x22,0x22,0x45,0x88,0xEE,0xAA,0x00,0x00,0x22,0x22,0x00,0x00,0xAA,0xAA,
                 0x00,0x00,0x22,0x22,0x00,0x00,0xAA,0xAA,0x00,0x00,0xA2,0x22,0x00,0x00,0xAA,0xAA,},
    /* 114 */ {0x55,0x54,0x9D,0x9E,0xD5,0x52,0xDD,0xDA,0x55,0x57,0xDD,0xDD,0x55,0x55,0x55,0x55,
                 0x55,0x55,0xDD,0x9D,0x55,0x55,0x55,0x55,0x55,0x55,0x5D,0xDD,0x55,0x55,0x55,0x55,
                 0xFF,0xFE,0xDD,0xDC,0xF7,0x72,0x55,0x50,0xFF,0xFF,0xDD,0xDD,0xFF,0xFF,0x55,0x55,
                 0xFF,0xFF,0xDD,0xDD,0xFF,0xFF,0x55,0x55,0xFF,0xFF,0x5D,0xDD,0xFF,0xFF,0x55,0x55,
                 0x00,0x01,0x22,0x23,0x08,0x8D,0xAA,0xAF,0x00,0x00,0x22,0x22,0x00,0x00,0xAA,0xAA,
                 0x00,0x00,0x22,0x22,0x00,0x00,0xAA,0xAA,0x00,0x00,0xA2,0x22,0x00,0x00,0xAA,0xAA,},
    /* 115 */ {0xAA,0xAA,0x22,0x22,0xA2,0x22,0x8A,0xAA,0x6A,0xAA,0xC2,0x22,0x55,0x55,0x55,0x55,
                 0x55,0x55,0xDD,0x9D,0x55,0xD5,0x5D,0xDD,0x55,0x55,0x5D,0xDD,0x55,0x55,0x55,0x55,
                 0xAA,0xAA,0x00,0x00,0xA2,0x22,0x00,0x00,0xEA,0xAA,0xC0,0x00,0xFF,0xFF,0x55,0x55,
                 0xFF,0xFF,0xDD,0xDD,0xF7,0xF7,0x55,0x55,0xFF,0xFF,0x5D,0xDD,0xFF,0xFF,0x55,0x55,
                 0x55,0x55,0xFF,0xFF,0x5D,0xDD,0xFF,0xFF,0x15,0x55,0x3F,0xFF,0x00,0x00,0xAA,0xAA,
                 0x00,0x00,0x22,0x22,0x08,0x08,0xAA,0xAA,0x00,0x00,0xA2,0x22,0x00,0x00,0xAA,0xAA,},
    /* 116 */ {0xAA,0xAA,0x22,0x22,0xA2,0x22,0x8A,0xAA,0xAA,0xAA,0x22,0x22,0x55,0x52,0x55,0x5A,
                 0x56,0xAA,0xDE,0x22,0x52,0xA2,0xDA,0x8A,0x55,0x55,0x5D,0xDD,0x55,0x55,0x55,0x55,
                 0xAA,0xAA,0x00,0x00,0xA2,0x22,0x00,0x00,0xAA,0xAA,0x00,0x00,0xFF,0xF2,0x55,0x50,
                 0xFE,0xAA,0xDC,0x00,0x72,0xA2,0x50,0x00,0xFF,0xFF,0x5D,0xDD,0xFF,0xFF,0x55,0x55,
                 0x55,0x55,0xFF,0xFF,0x5D,0xDD,0xFF,0xFF,0x55,0x55,0xFF,0xFF,0x00,0x0D,0xAA,0xAF,
                 0x01,0x55,0x23,0xFF,0x8D,0x5D,0xAF,0xFF,0x00,0x00,0xA2,0x22,0x00,0x00,0xAA,0xAA,},
    /* 117 */ {0xAA,0xAA,0x22,0x22,0xA2,0x22,0x8A,0xAA,0xAA,0xAA,0x22,0x22,0x22,0x22,0xAA,0xAA,
                 0xAA,0xAA,0x22,0x22,0x22,0xA2,0xAA,0x8A,0x4A,0xAA,0x53,0x33,0x52,0x22,0x55,0x55,
                 0xAA,0xAA,0x00,0x00,0xA2,0x22,0x00,0x00,0xAA,0xAA,0x00,0x00,0x22,0x22,0x00,0x00,
                 0xAA,0xAA,0x00,0x00,0x22,0xA2,0x00,0x00,0xEA,0xAA,0x51,0x11,0xF2,0x22,0x55,0x55,
                 0x55,0x55,0xFF,0xFF,0x5D,0xDD,0xFF,0xFF,0x55,0x55,0xFF,0xFF,0xDD,0xDD,0xFF,0xFF,
                 0x55,0x55,0xFF,0xFF,0xDD,0x5D,0xFF,0xFF,0x15,0x55,0xAE,0xEE,0x0D,0xDD,0xAA,0xAA,},
    /* 118 */ {0xAA,0xAA,0x22,0x22,0xA2,0x22,0x8A,0xAA,0xAA,0xAA,0x22,0x22,0x22,0x22,0xAA,0xAA,
                 0xAA,0xAA,0x22,0x22,0x22,0xA2,0xAA,0x8A,0xAA,0x55,0x32,0xDD,0x22,0x55,0x55,0x55,
                 0xAA,0xAA,0x00,0x00,0xA2,0x22,0x00,0x00,0xAA,0xAA,0x00,0x00,0x22,0x22,0x00,0x00,
                 0xAA,0xAA,0x00,0x00,0x22,0xA2,0x00,0x00,0xAA,0xFF,0x10,0xDD,0x22,0xFF,0x55,0x55,
                 0x55,0x55,0xFF,0xFF,0x5D,0xDD,0xFF,0xFF,0x55,0x55,0xFF,0xFF,0xDD,0xDD,0xFF,0xFF,
                 0x55,0x55,0xFF,0xFF,0xDD,0x5D,0xFF,0xFF,0x55,0x00,0xEF,0x22,0xDD,0x00,0xAA,0xAA,},
    /* 119 */ {0xAA,0xAA,0x22,0x22,0xA2,0x22,0x8A,0xAA,0xAA,0xAA,0x22,0x22,0x25,0x42,0xB5,0x4A,
                 0xAA,0xAA,0x22,0x22,0x22,0xA2,0xAA,0x8A,0x55,0x55,0x5D,0xDD,0x55,0x55,0x55,0x55,
                 0xAA,0xAA,0x00,0x00,0xA2,0x22,0x00,0x00,0xAA,0xAA,0x00,0x00,0x2F,0xE2,0x15,0x40,
                 0xAA,0xAA,0x00,0x00,0x22,0xA2,0x00,0x00,0xFF,0xFF,0x5D,0xDD,0xFF,0xFF,0x55,0x55,
                 0x55,0x55,0xFF,0xFF,0x5D,0xDD,0xFF,0xFF,0x55,0x55,0xFF,0xFF,0xD0,0x1D,0xEA,0xBF,
                 0x55,0x55,0xFF,0xFF,0xDD,0x5D,0xFF,0xFF,0x00,0x00,0xA2,0x22,0x00,0x00,0xAA,0xAA,},
    /* 120 */ {0xAA,0xAA,0x22,0x22,0xA2,0x22,0x8A,0xAA,0xAA,0xAA,0x22,0x22,0x22,0x22,0xAA,0xAA,
                 0xAA,0xAA,0x22,0x22,0x22,0xA2,0xAA,0x8A,0x55,0x6A,0x5D,0xC0,0x55,0x42,0x55,0x55,
                 0xAA,0xAA,0x00,0x00,0xA2,0x22,0x00,0x00,0xAA,0xAA,0x00,0x00,0x22,0x22,0x00,0x00,
                 0xAA,0xAA,0x00,0x00,0x22,0xA2,0x00,0x00,0xFF,0xEA,0x5D,0xC0,0xFF,0xE2,0x55,0x55,
                 0x55,0x55,0xFF,0xFF,0x5D,0xDD,0xFF,0xFF,0x55,0x55,0xFF,0xFF,0xDD,0xDD,0xFF,0xFF,
                 0x55,0x55,0xFF,0xFF,0xDD,0x5D,0xFF,0xFF,0x00,0x15,0xA2,0x3F,0x00,0x1D,0xAA,0xAA,},
    /* 121 */ {0xAA,0xAA,0x22,0x22,0xA2,0x25,0x8A,0xAD,0xAA,0xAA,0x22,0x22,0x22,0x22,0xAA,0xAA,
                 0xAA,0xAA,0x22,0x22,0x22,0xA2,0xAA,0x8A,0xAA,0xAA,0x00,0x22,0x22,0x22,0x54,0xAA,
                 0xAA,0xAA,0x00,0x00,0xA2,0x20,0x00,0x02,0xAA,0xAA,0x00,0x00,0x22,0x22,0x00,0x00,
                 0xAA,0xAA,0x00,0x00,0x22,0xA2,0x00,0x00,0xAA,0xAA,0x00,0x00,0x22,0x22,0x54,0x00,
                 0x55,0x55,0xFF,0xFF,0x5D,0xDF,0xFF,0xFF,0x55,0x55,0xFF,0xFF,0xDD,0xDD,0xFF,0xFF,
                 0x55,0x55,0xFF,0xFF,0xDD,0x5D,0xFF,0xFF,0x55,0x55,0xFF,0xFF,0xDD,0xDD,0xAB,0xFF,},
    /* 122 */ {0xB1,0x11,0x33,0x33,0xDD,0xDD,0x55,0x55,0xAA,0xAA,0x22,0x22,0x22,0x22,0xAA,0xAA,
                 0xAA,0xAA,0x22,0x22,0x22,0xA2,0xAA,0x8A,0xAA,0xAA,0x22,0x22,0x22,0x22,0xAA,0xAA,
                 0xA0,0x00,0x00,0x00,0x00,0x00,0xAA,0xAA,0xAA,0xAA,0x00,0x00,0x22,0x22,0x00,0x00,
                 0xAA,0xAA,0x00,0x00,0x22,0xA2,0x00,0x00,0xAA,0xAA,0x00,0x00,0x22,0x22,0x00,0x00,
                 0x5F,0xFF,0xFF,0xFF,0xFF,0xFF,0xFF,0xFF,0x55,0x55,0xFF,0xFF,0xDD,0xDD,0xFF,0xFF,
                 0x55,0x55,0xFF,0xFF,0xDD,0x5D,0xFF,0xFF,0x55,0x55,0xFF,0xFF,0xDD,0xDD,0xFF,0xFF,},
    /* 123 */ {0x11,0x11,0x33,0x33,0xDD,0xDD,0x55,0x55,0xAA,0xAA,0x22,0x22,0x22,0x22,0xAA,0xAA,
                 0xAA,0xAA,0x22,0x22,0x22,0xA2,0xAA,0x8A,0xAA,0xAA,0x22,0x22,0x22,0x22,0xAA,0xAA,
                 0x00,0x00,0x00,0x00,0x00,0x00,0xAA,0xAA,0xAA,0xAA,0x00,0x00,0x22,0x22,0x00,0x00,
                 0xAA,0xAA,0x00,0x00,0x22,0xA2,0x00,0x00,0xAA,0xAA,0x00,0x00,0x22,0x22,0x00,0x00,
                 0xFF,0xFF,0xFF,0xFF,0xFF,0xFF,0xFF,0xFF,0x55,0x55,0xFF,0xFF,0xDD,0xDD,0xFF,0xFF,
                 0x55,0x55,0xFF,0xFF,0xDD,0x5D,0xFF,0xFF,0x55,0x55,0xFF,0xFF,0xDD,0xDD,0xFF,0xFF,},
    /* 124 */ {0xAA,0xAA,0x22,0x22,0xD2,0x22,0x5A,0xAA,0xAA,0xAA,0x22,0x22,0x22,0x22,0xAA,0xAA,
                 0xAA,0xAA,0x22,0x22,0x22,0xA2,0xAA,0x8A,0xAA,0x95,0x00,0x1D,0x22,0x15,0x95,0x55,
                 0xAA,0xAA,0x00,0x00,0x02,0x22,0xA0,0x00,0xAA,0xAA,0x00,0x00,0x22,0x22,0x00,0x00,
                 0xAA,0xAA,0x00,0x00,0x22,0xA2,0x00,0x00,0xAA,0xBF,0x00,0x1D,0x22,0x3F,0x15,0x55,
                 0x55,0x55,0xFF,0xFF,0xFD,0xDD,0xFF,0xFF,0x55,0x55,0xFF,0xFF,0xDD,0xDD,0xFF,0xFF,
                 0x55,0x55,0xFF,0xFF,0xDD,0x5D,0xFF,0xFF,0x55,0x40,0xFF,0xE2,0xDD,0xC0,0xEA,0xAA,},
    /* 125 */ {0xAA,0xA9,0x22,0x23,0xA2,0x22,0x8A,0xAA,0xAA,0xAE,0x22,0x26,0x15,0x56,0x95,0x56,
                 0xB5,0x56,0x2D,0x9E,0x24,0x46,0xA4,0x46,0x55,0x56,0x5D,0xDE,0x55,0x56,0x55,0x56,
                 0xAA,0xAA,0x00,0x02,0xA2,0x20,0x00,0x02,0xAA,0xAC,0x00,0x06,0x3F,0xFC,0x15,0x56,
                 0xBF,0xFC,0x0D,0xDE,0x2E,0xEC,0x04,0x46,0xFF,0xFC,0x5D,0xDE,0xFF,0xFC,0x55,0x56,
                 0x55,0x54,0xFF,0xFC,0x5D,0xDC,0xFF,0xFC,0x55,0x50,0xFF,0xF8,0xC0,0x00,0xEA,0xA8,
                 0x40,0x00,0xF2,0x20,0xD1,0x10,0xFB,0xB8,0x00,0x00,0xA2,0x20,0x00,0x00,0xAA,0xA8,},
    /* 126 */ {0x15,0x55,0x5D,0x9D,0x55,0x55,0x95,0x55,0x15,0x55,0x1D,0xDD,0x15,0x55,0x95,0x55,
                 0x15,0x55,0x5D,0xBF,0x6A,0xAA,0xEA,0xAA,0x75,0x48,0xFD,0xC8,0x37,0x6A,0xF7,0x77,
                 0x7F,0xFF,0x1D,0xDD,0x3F,0xFF,0x55,0x55,0x7F,0xFF,0x5D,0xDD,0x7F,0xFF,0x55,0x55,
                 0x7F,0xFF,0x1D,0xFF,0x15,0x55,0x3F,0xFF,0x1F,0xF7,0x3D,0xDD,0x5D,0xD5,0x37,0x77,
                 0x00,0x00,0x22,0x22,0x00,0x00,0x2A,0xAA,0x00,0x00,0x22,0x22,0x00,0x00,0x2A,0xAA,
                 0x00,0x00,0x22,0x00,0x00,0x00,0x00,0x00,0x00,0x00,0x02,0x22,0x00,0x00,0x08,0x88,},
    /* 127 */ {0x55,0x55,0x9D,0x9D,0x55,0x55,0x55,0x55,0x55,0x55,0xDD,0xDD,0x55,0x55,0x55,0x55,
                 0x55,0x55,0xFF,0xBF,0xAA,0xAA,0xAA,0xAA,0x88,0x88,0x88,0x88,0xEA,0xAA,0x77,0x6A,
                 0xFF,0xFF,0xDD,0xDD,0xFF,0xFF,0x55,0x55,0xFF,0xFF,0xDD,0xDD,0xFF,0xFF,0x55,0x55,
                 0xFF,0xFF,0xFF,0xFF,0x55,0x55,0xFF,0xFF,0x77,0x77,0xDD,0xDD,0x55,0x55,0x77,0x7F,
                 0x00,0x00,0x22,0x22,0x00,0x00,0xAA,0xAA,0x00,0x00,0x22,0x22,0x00,0x00,0xAA,0xAA,
                 0x00,0x00,0x00,0x00,0x00,0x00,0x00,0x00,0x00,0x00,0x22,0x22,0x00,0x00,0x88,0x80,},
    /* 128 */ {0x55,0x55,0x9D,0xBF,0x55,0x77,0x55,0x55,0x55,0x55,0xDF,0xFF,0x57,0x77,0x55,0x55,
                 0x55,0x55,0xFE,0xEA,0xAA,0xAA,0xAA,0xAA,0x88,0xAA,0x88,0xAA,0xEA,0xAA,0xAA,0xAA,
                 0xFF,0xFF,0xDD,0xFF,0xFF,0xDD,0x55,0x55,0xFF,0xFF,0xDF,0xFF,0xFD,0xDD,0x55,0x55,
                 0xFF,0xFF,0xFF,0xBF,0x55,0x55,0xFF,0xFF,0x77,0x55,0xDD,0xFF,0x55,0x55,0xFF,0xFF,
                 0x00,0x00,0x22,0x00,0x00,0x00,0xAA,0xAA,0x00,0x00,0x20,0x00,0x00,0x00,0xAA,0xAA,
                 0x00,0x00,0x00,0x00,0x00,0x00,0x00,0x00,0x00,0x00,0x22,0x00,0x00,0x00,0x00,0x00,},
    /* 129 */ {0x55,0x55,0xBF,0x9D,0x77,0x55,0x55,0x55,0x55,0x55,0xFF,0xFF,0x77,0x77,0x55,0x55,
                 0x55,0x55,0xEA,0xEB,0xAA,0xAA,0xAA,0xAA,0xAA,0x88,0xAA,0x88,0xEA,0xAA,0xAA,0xAA,
                 0xFF,0xFF,0xFF,0xDD,0xDD,0xFF,0x55,0x55,0xFF,0xFF,0xFF,0xFF,0xDD,0xDD,0x55,0x55,
                 0xFF,0xFF,0xBF,0xBF,0x55,0x55,0xFF,0xFF,0x55,0x77,0xFF,0xDD,0x55,0x55,0xFF,0xFF,
                 0x00,0x00,0x00,0x22,0x00,0x00,0xAA,0xAA,0x00,0x00,0x00,0x00,0x00,0x00,0xAA,0xAA,
                 0x00,0x00,0x00,0x00,0x00,0x00,0x00,0x00,0x00,0x00,0x00,0x22,0x00,0x00,0x00,0x00,},
    /* 130 */ {0x55,0x55,0x9D,0x9D,0x55,0x55,0x55,0x55,0x55,0x55,0xFF,0xFF,0x77,0x77,0x55,0x55,
                 0x55,0x55,0xFE,0xEA,0xAA,0xAA,0xAA,0xAA,0x88,0x8A,0x88,0x8A,0xEA,0xAA,0xAA,0xAA,
                 0xFF,0xFF,0xDD,0xDD,0xFF,0xFF,0x55,0x55,0xFF,0xFF,0xFF,0xFF,0xDD,0xDD,0x55,0x55,
                 0xFF,0xFF,0xFF,0xBF,0x55,0x55,0xFF,0xFF,0x77,0x75,0xDD,0xDF,0x55,0x55,0xFF,0xFF,
                 0x00,0x00,0x22,0x22,0x00,0x00,0xAA,0xAA,0x00,0x00,0x00,0x00,0x00,0x00,0xAA,0xAA,
                 0x00,0x00,0x00,0x00,0x00,0x00,0x00,0x00,0x00,0x00,0x22,0x20,0x00,0x00,0x00,0x00,},
    /* 131 */ {0x55,0x55,0x9F,0xBF,0x56,0xAA,0x54,0x88,0x54,0x88,0xEE,0xAA,0x6A,0xEA,0x55,0x55,
                 0x55,0x55,0xEA,0xEA,0x88,0x88,0x88,0x88,0xAA,0xAA,0xAA,0xAA,0xEA,0xAA,0xAA,0xAA,
                 0xFF,0xFF,0xDF,0xFF,0xFD,0x55,0x55,0xDD,0xFF,0x77,0xFB,0xFF,0xD5,0x55,0x55,0x55,
                 0xFF,0xFF,0xBF,0xBF,0x55,0x55,0xFF,0xFF,0x55,0x55,0xFF,0xFF,0x55,0x55,0xFF,0xFF,
                 0x00,0x00,0x20,0x00,0x00,0x00,0xAA,0x22,0x00,0x00,0x00,0x00,0x00,0x00,0xAA,0xAA,
                 0x00,0x00,0x00,0x00,0x00,0x00,0x00,0x00,0x00,0x00,0x00,0x00,0x00,0x00,0x00,0x00,},
    /* 132 */ {0x55,0x55,0x9D,0x9D,0xD5,0x55,0xD5,0x55,0x95,0x55,0xAF,0xFE,0xAB,0x76,0x55,0x55,
                 0x55,0x55,0xEA,0xEA,0x88,0x88,0x88,0x88,0xAA,0xAA,0xAA,0xAA,0xEA,0xAA,0xAA,0xAA,
                 0xFF,0xFF,0xDD,0xDD,0x7F,0xFF,0xD5,0x55,0x7F,0xFF,0xFB,0xFF,0x55,0xDD,0x55,0x55,
                 0xFF,0xFF,0xBF,0xBF,0x55,0x55,0xFF,0xFF,0x55,0x55,0xFF,0xFF,0x55,0x55,0xFF,0xFF,
                 0x00,0x00,0x22,0x22,0x00,0x00,0x2A,0xAA,0x00,0x00,0x00,0x00,0x00,0x00,0xAA,0xAA,
                 0x00,0x00,0x00,0x00,0x00,0x00,0x00,0x00,0x00,0x00,0x00,0x00,0x00,0x00,0x00,0x00,},
    /* 133 */ {0x55,0x55,0x9E,0xD9,0x5A,0xAA,0x59,0x6E,0x49,0x6E,0xAE,0xAA,0xAA,0xEA,0x55,0x55,
                 0x55,0x55,0xEA,0xEA,0x89,0x5E,0x89,0x56,0xAA,0xAA,0xAA,0xAA,0xEA,0xAA,0xAA,0xAA,
                 0xFF,0xFF,0xDF,0x9D,0xF5,0x55,0x5D,0x7F,0xF7,0xD5,0xFB,0xFF,0x55,0x55,0x55,0x55,
                 0xFF,0xFF,0xBF,0xBF,0x54,0x01,0xFE,0xAB,0x55,0x55,0xFF,0xFF,0x55,0x55,0xFF,0xFF,
                 0x00,0x00,0x20,0x22,0x00,0x00,0xA2,0x80,0x00,0x00,0x00,0x00,0x00,0x00,0xAA,0xAA,
                 0x00,0x00,0x00,0x00,0x00,0x00,0x00,0x00,0x00,0x00,0x00,0x00,0x00,0x00,0x00,0x00,},
    /* 134 */ {0x55,0x55,0xD9,0x9D,0xA9,0x55,0xED,0x55,0xED,0x55,0xAD,0x99,0xA9,0x51,0x55,0x55,
                 0x55,0x55,0xEA,0xE9,0xEE,0xEA,0xEE,0xEA,0xAA,0xAA,0xAA,0xAA,0xEA,0xAA,0xAA,0xAA,
                 0xFF,0xFF,0x9D,0xDD,0x57,0xFF,0xFD,0x55,0x57,0xFF,0xF9,0xDD,0x57,0xFF,0x55,0x55,
                 0xFF,0xFF,0xBF,0xBD,0x11,0x15,0xBB,0xBF,0x55,0x55,0xFF,0xFF,0x55,0x55,0xFF,0xFF,
                 0x00,0x00,0x22,0x22,0x00,0x00,0x02,0xAA,0x00,0x00,0x02,0x22,0x00,0x00,0xAA,0xAA,
                 0x00,0x00,0x00,0x02,0x00,0x00,0x00,0x00,0x00,0x00,0x00,0x00,0x00,0x00,0x00,0x00,},
    /* 135 */ {0x55,0x55,0x9D,0x9D,0x55,0x55,0x55,0x55,0x55,0x55,0xDD,0xDD,0x55,0x55,0x55,0x55,
                 0x55,0x55,0xD9,0xDD,0xAA,0xAA,0xAA,0xAA,0xEE,0xD5,0xEE,0xDD,0xEA,0x91,0xAA,0x91,
                 0xFF,0xFF,0xDD,0xDD,0xFF,0xFF,0x55,0x55,0xFF,0xFF,0xDD,0xDD,0xFF,0xFF,0x55,0x55,
                 0xFF,0xFF,0x9D,0x9D,0x55,0x55,0xFF,0xFF,0x55,0x7F,0xFF,0xDD,0x55,0x7F,0xFF,0xD5,
                 0x00,0x00,0x22,0x22,0x00,0x00,0xAA,0xAA,0x00,0x00,0x22,0x22,0x00,0x00,0xAA,0xAA,
                 0x00,0x00,0x22,0x22,0x00,0x00,0x00,0x00,0x00,0x00,0x00,0x22,0x00,0x00,0x00,0x2A,},
    /* 136 */ {0x55,0x55,0x9D,0x9D,0x55,0x55,0x55,0x55,0x55,0x55,0xDD,0xDD,0x55,0x55,0x55,0x55,
                 0x55,0x55,0xDD,0x9D,0xAA,0xAA,0xAA,0xAA,0x55,0x55,0x5D,0xDD,0x51,0x15,0x11,0x15,
                 0xFF,0xFF,0xDD,0xDD,0xFF,0xFF,0x55,0x55,0xFF,0xFF,0xDD,0xDD,0xFF,0xFF,0x55,0x55,
                 0xFF,0xFF,0xDD,0xDD,0x55,0x55,0xFF,0xFF,0xFF,0xFF,0x5D,0xDD,0xFF,0xFF,0x55,0x55,
                 0x00,0x00,0x22,0x22,0x00,0x00,0xAA,0xAA,0x00,0x00,0x22,0x22,0x00,0x00,0xAA,0xAA,
                 0x00,0x00,0x22,0x22,0x00,0x00,0x00,0x00,0x00,0x00,0xA2,0x22,0x00,0x00,0xAA,0xAA,},
    /* 137 */ {0x55,0x55,0x9D,0x9D,0x55,0x55,0x5D,0xDD,0x5D,0xDD,0xDD,0xDD,0x55,0x55,0x55,0x55,
                 0x55,0x55,0xDD,0x9D,0xD5,0x55,0xD5,0x55,0x55,0x55,0x5D,0xDD,0x55,0x55,0x55,0x55,
                 0xFF,0xFF,0xDD,0xDD,0xFF,0xFF,0x55,0x55,0xFF,0xFF,0xDD,0xDD,0xFF,0xFF,0x55,0x55,
                 0xFF,0xFF,0xDD,0xDD,0x7F,0xFF,0xD5,0x55,0xFF,0xFF,0x5D,0xDD,0xFF,0xFF,0x55,0x55,
                 0x00,0x00,0x22,0x22,0x00,0x00,0xAA,0xAA,0x00,0x00,0x22,0x22,0x00,0x00,0xAA,0xAA,
                 0x00,0x00,0x22,0x22,0x00,0x00,0x2A,0xAA,0x00,0x00,0xA2,0x22,0x00,0x00,0xAA,0xAA,},
    /* 138 */ {0x55,0x55,0x9D,0x9D,0x55,0x55,0xDA,0x55,0xDC,0x55,0xDD,0xDD,0x55,0x55,0x55,0x55,
                 0x55,0x55,0xDD,0x9D,0x55,0x55,0x55,0x55,0x55,0x55,0x5D,0xDD,0x55,0x55,0x55,0x55,
                 0xFF,0xFF,0xDD,0xDD,0xFF,0xFF,0x50,0x55,0xFE,0xFF,0xDD,0xDD,0xFF,0xFF,0x55,0x55,
                 0xFF,0xFF,0xDD,0xDD,0xFF,0xFF,0x55,0x55,0xFF,0xFF,0x5D,0xDD,0xFF,0xFF,0x55,0x55,
                 0x00,0x00,0x22,0x22,0x00,0x00,0xAF,0xAA,0x01,0x00,0x22,0x22,0x00,0x00,0xAA,0xAA,
                 0x00,0x00,0x22,0x22,0x00,0x00,0xAA,0xAA,0x00,0x00,0xA2,0x22,0x00,0x00,0xAA,0xAA,},
    /* 139 */ {0x55,0x55,0x9D,0x9D,0x55,0x55,0x55,0x55,0x55,0x55,0xDD,0xDD,0x55,0x55,0x55,0x55,
                 0x55,0x55,0xDD,0x9D,0x4A,0xAA,0x4A,0xAA,0x55,0x55,0x5D,0xDD,0x55,0x55,0x55,0x55,
                 0xFF,0xFF,0xDD,0xDD,0xFF,0xFF,0x55,0x55,0xFF,0xFF,0xDD,0xDD,0xFF,0xFF,0x55,0x55,
                 0xFF,0xFF,0xDD,0xDD,0xF5,0x55,0x5F,0xFF,0xFF,0xFF,0x5D,0xDD,0xFF,0xFF,0x55,0x55,
                 0x00,0x00,0x22,0x22,0x00,0x00,0xAA,0xAA,0x00,0x00,0x22,0x22,0x00,0x00,0xAA,0xAA,
                 0x00,0x00,0x22,0x22,0x00,0x00,0xA0,0x00,0x00,0x00,0xA2,0x22,0x00,0x00,0xAA,0xAA,},
    /* 140 */ {0x55,0x55,0x9D,0x9D,0x55,0x55,0x54,0x44,0x54,0x44,0xDD,0xDD,0x55,0x55,0x55,0x55,
                 0x55,0x55,0xDD,0x9D,0x55,0x55,0x55,0x55,0x55,0x55,0x5D,0xDD,0x55,0x55,0x55,0x55,
                 0xFF,0xFF,0xDD,0xDD,0xFF,0xFF,0x54,0x44,0xFE,0xEE,0xDD,0xDD,0xFF,0xFF,0x55,0x55,
                 0xFF,0xFF,0xDD,0xDD,0xFF,0xFF,0x55,0x55,0xFF,0xFF,0x5D,0xDD,0xFF,0xFF,0x55,0x55,
                 0x00,0x00,0x22,0x22,0x00,0x00,0xAB,0xBB,0x01,0x11,0x22,0x22,0x00,0x00,0xAA,0xAA,
                 0x00,0x00,0x22,0x22,0x00,0x00,0xAA,0xAA,0x00,0x00,0xA2,0x22,0x00,0x00,0xAA,0xAA,},
    /* 141 */ {0x54,0xAA,0x9A,0x22,0x52,0x22,0x4A,0xAA,0x4A,0xAA,0xD9,0x9A,0x55,0x52,0x55,0x55,
                 0x55,0x55,0xDD,0x9D,0x55,0x55,0x55,0x55,0x44,0x44,0x4C,0xCC,0x55,0x55,0x55,0x55,
                 0xFE,0xAA,0xD8,0x00,0xFA,0x22,0x40,0x00,0xEA,0xAA,0xD9,0x98,0xFF,0xFA,0x55,0x55,
                 0xFF,0xFF,0xDD,0xDD,0xFF,0xFF,0x55,0x55,0xEE,0xEE,0x4C,0xCC,0xFF,0xFF,0x55,0x55,
                 0x01,0x55,0x27,0xFF,0x05,0xDD,0xBF,0xFF,0x15,0x55,0x26,0x67,0x00,0x05,0xAA,0xAA,
                 0x00,0x00,0x22,0x22,0x00,0x00,0xAA,0xAA,0x11,0x11,0xB3,0x33,0x00,0x00,0xAA,0xAA,},
    /* 142 */ {0xAA,0xAA,0x22,0x22,0xA2,0x22,0x8A,0xAA,0xAA,0xAA,0x22,0x22,0x22,0x22,0x55,0x55,
                 0x55,0x55,0xDD,0x9D,0x55,0x55,0x55,0x55,0xAA,0x44,0x22,0xCC,0x11,0x55,0x55,0x55,
                 0xAA,0xAA,0x00,0x00,0xA2,0x22,0x00,0x00,0xAA,0xAA,0x00,0x00,0x22,0x22,0x55,0x55,
                 0xFF,0xFF,0xDD,0xDD,0xFF,0xFF,0x55,0x55,0xAA,0xEE,0x00,0xCC,0xBB,0xFF,0x55,0x55,
                 0x55,0x55,0xFF,0xFF,0x5D,0xDD,0xFF,0xFF,0x55,0x55,0xFF,0xFF,0xDD,0xDD,0xAA,0xAA,
                 0x00,0x00,0x22,0x22,0x00,0x00,0xAA,0xAA,0x55,0x11,0xFF,0x33,0x44,0x00,0xAA,0xAA,},
    /* 143 */ {0xAA,0xAA,0x22,0x22,0xA2,0x22,0x8A,0xAA,0xAA,0xAA,0x22,0x21,0x22,0x21,0x55,0x55,
                 0x55,0x55,0xDD,0x9D,0x55,0x55,0x55,0x55,0x44,0x44,0x4C,0xCC,0x55,0x55,0x55,0x55,
                 0xAA,0xAA,0x00,0x00,0xA2,0x22,0x00,0x00,0xAA,0xAA,0x00,0x01,0x22,0x23,0x55,0x55,
                 0xFF,0xFF,0xDD,0xDD,0xFF,0xFF,0x55,0x55,0xEE,0xEE,0x4C,0xCC,0xFF,0xFF,0x55,0x55,
                 0x55,0x55,0xFF,0xFF,0x5D,0xDD,0xFF,0xFF,0x55,0x55,0xFF,0xFE,0xDD,0xDC,0xAA,0xAA,
                 0x00,0x00,0x22,0x22,0x00,0x00,0xAA,0xAA,0x11,0x11,0xB3,0x33,0x00,0x00,0xAA,0xAA,},
    /* 144 */ {0x95,0x55,0x21,0x9D,0xA1,0x55,0x8A,0x45,0xAA,0x45,0x99,0xDD,0x55,0x55,0x55,0x55,
                 0x55,0x55,0xDD,0x9D,0x55,0x54,0x55,0x54,0x55,0x55,0x5D,0xDD,0x55,0x55,0x55,0x55,
                 0xBF,0xFF,0x01,0xDD,0xA3,0xFF,0x00,0x45,0xAA,0xEF,0x99,0xDD,0xFF,0xFF,0x55,0x55,
                 0xFF,0xFF,0xDD,0xDD,0xFF,0xFF,0x55,0x55,0xFF,0xFF,0x5D,0xDD,0xFF,0xFF,0x55,0x55,
                 0x40,0x00,0xFE,0x22,0x5C,0x00,0xFF,0xBA,0x55,0x10,0x66,0x22,0x00,0x00,0xAA,0xAA,
                 0x00,0x00,0x22,0x22,0x00,0x00,0xAA,0xAA,0x00,0x00,0xA2,0x22,0x00,0x00,0xAA,0xAA,},
    /* 145 */ {0x55,0x56,0x9D,0x9E,0x55,0x56,0x55,0x56,0x55,0x56,0xDD,0xDE,0x55,0x56,0x55,0x56,
                 0x55,0x56,0xDD,0x9E,0xAA,0xA8,0xAA,0xA8,0x55,0x52,0x5D,0xDA,0x55,0x58,0x55,0x5A,
                 0xFF,0xFC,0xDD,0xDE,0xFF,0xFC,0x55,0x56,0xFF,0xFC,0xDD,0xDE,0xFF,0xFC,0x55,0x56,
                 0xFF,0xFC,0xDD,0xDE,0x55,0x54,0xFF,0xFE,0xFF,0xFC,0x5D,0xDE,0xFF,0xF4,0x55,0x5E,
                 0x00,0x00,0x22,0x20,0x00,0x00,0xAA,0xA8,0x00,0x00,0x22,0x20,0x00,0x00,0xAA,0xA8,
                 0x00,0x00,0x22,0x20,0x00,0x00,0x00,0x00,0x00,0x00,0xA2,0x20,0x00,0x00,0xAA,0xA0,},
    /* 146 */ {0x75,0x55,0x7D,0x9D,0x6A,0xAA,0xEA,0xAA,0x6A,0xAA,0x6E,0xAA,0x2A,0xEA,0xEA,0xAA,
                 0x66,0x22,0x7F,0xBF,0x76,0xAA,0xEA,0xAA,0x4A,0xAA,0xEA,0xAA,0x2A,0xAA,0xEA,0xAA,
                 0x1F,0xFF,0x3D,0xDD,0x15,0x55,0x3F,0xFF,0x15,0x55,0x3B,0xFF,0x55,0x55,0x3F,0xFF,
                 0x1D,0xDD,0x3F,0xFF,0x1D,0x55,0x3F,0xFF,0x15,0x55,0x3F,0xFF,0x55,0x55,0x3F,0xFF,
                 0x00,0x00,0x02,0x22,0x00,0x00,0x00,0x00,0x00,0x00,0x00,0x00,0x00,0x00,0x00,0x00,
                 0x00,0x00,0x00,0x00,0x00,0x00,0x00,0x00,0x00,0x00,0x00,0x00,0x00,0x00,0x00,0x00,},
    /* 147 */ {0x55,0x55,0x9D,0x9D,0xAA,0xAA,0xAA,0xAA,0xAA,0xAA,0xAE,0xAA,0xAA,0xEA,0xAA,0xAA,
                 0x22,0x22,0xFF,0xBF,0xAA,0xAA,0xAA,0xAA,0xAA,0xAA,0xAA,0xAA,0xEA,0xAA,0xAA,0xAA,
                 0xFF,0xFF,0xDD,0xDD,0x55,0x55,0xFF,0xFF,0x55,0x55,0xFB,0xFF,0x55,0x55,0xFF,0xFF,
                 0xDD,0xDD,0xFF,0xFF,0x55,0x55,0xFF,0xFF,0x55,0x55,0xFF,0xFF,0x55,0x55,0xFF,0xFF,
                 0x00,0x00,0x22,0x22,0x00,0x00,0x00,0x00,0x00,0x00,0x00,0x00,0x00,0x00,0x00,0x00,
                 0x00,0x00,0x00,0x00,0x00,0x00,0x00,0x00,0x00,0x00,0x00,0x00,0x00,0x00,0x00,0x00,},
    /* 148 */ {0x55,0x6A,0x9D,0xAA,0xAA,0xAA,0xAA,0xAA,0xAA,0xAA,0xAE,0xAA,0xAA,0xEA,0xAA,0xAA,
                 0x2A,0xAA,0xEA,0xEA,0xAA,0xAA,0xAA,0x44,0xAA,0x55,0xAA,0xAD,0xEA,0xAD,0xA5,0x55,
                 0xFF,0xD5,0xDD,0xFF,0x55,0x55,0xFF,0xFF,0x55,0x55,0xFB,0xFF,0x55,0x55,0xFF,0xFF,
                 0xD5,0x55,0xBF,0xBF,0x55,0x55,0xFF,0xBB,0x55,0x00,0xFF,0xFA,0x55,0x50,0xFA,0xAA,
                 0x00,0x00,0x22,0x00,0x00,0x00,0x00,0x00,0x00,0x00,0x00,0x00,0x00,0x00,0x00,0x00,
                 0x00,0x00,0x00,0x00,0x00,0x00,0x00,0x00,0x00,0x00,0x00,0x00,0x00,0x00,0x00,0x00,},
    /* 149 */ {0xAA,0xB5,0xEA,0xFD,0xAA,0xAA,0xAA,0xAA,0xAA,0xAA,0xAE,0xAA,0xAA,0xEA,0xAA,0xAA,
                 0xAA,0xAA,0xEA,0xEA,0xAA,0xAA,0x44,0x4A,0x55,0x4A,0x55,0x6A,0x9D,0xAA,0x55,0x55,
                 0x55,0x5F,0xBF,0xBD,0x55,0x55,0xFF,0xFF,0x55,0x55,0xFB,0xFF,0x55,0x55,0xFF,0xFF,
                 0x55,0x55,0xBF,0xBF,0x55,0x55,0xBB,0xBF,0x00,0x15,0xAA,0xBF,0x40,0x55,0xAA,0xAA,
                 0x00,0x00,0x00,0x02,0x00,0x00,0x00,0x00,0x00,0x00,0x00,0x00,0x00,0x00,0x00,0x00,
                 0x00,0x00,0x00,0x00,0x00,0x00,0x00,0x00,0x00,0x00,0x00,0x00,0x00,0x00,0x00,0x00,},
    /* 150 */ {0x55,0x56,0x9D,0x9E,0xAA,0xAA,0xAA,0xAA,0xAA,0xAA,0xAE,0xAA,0xAA,0xEA,0xAA,0xAA,
                 0xAA,0xAA,0xEA,0xEA,0xAA,0xAA,0xAA,0xA4,0xAA,0xA5,0xAA,0xAD,0xEA,0xAD,0x55,0x55,
                 0xFF,0xFD,0xDD,0xDF,0x55,0x55,0xFF,0xFF,0x55,0x55,0xFB,0xFF,0x55,0x55,0xFF,0xFF,
                 0x55,0x55,0xBF,0xBF,0x55,0x55,0xFF,0xFB,0x55,0x50,0xFF,0xFA,0x55,0x50,0xAA,0xAA,
                 0x00,0x00,0x22,0x20,0x00,0x00,0x00,0x00,0x00,0x00,0x00,0x00,0x00,0x00,0x00,0x00,
                 0x00,0x00,0x00,0x00,0x00,0x00,0x00,0x00,0x00,0x00,0x00,0x00,0x00,0x00,0x00,0x00,},
    /* 151 */ {0xAA,0xAA,0xEA,0xEA,0xAA,0xAC,0xAA,0xA5,0xAA,0xAD,0xAE,0xAD,0xAA,0x9D,0xAA,0x55,
                 0xAA,0x91,0xEA,0xD1,0xAA,0x99,0x44,0x55,0x55,0x55,0x55,0x55,0x9D,0x9D,0x55,0x55,
                 0x55,0x55,0xBF,0xBF,0x55,0x51,0xFF,0xFA,0x55,0x50,0xFB,0xFA,0x55,0x40,0xFF,0xAA,
                 0x55,0x44,0xBF,0xAE,0x55,0x44,0xBB,0xAA,0x00,0x00,0xAA,0xAA,0x40,0x40,0xAA,0xAA,
                 0x00,0x00,0x00,0x00,0x00,0x00,0x00,0x00,0x00,0x00,0x00,0x00,0x00,0x00,0x00,0x00,
                 0x00,0x00,0x00,0x00,0x00,0x00,0x00,0x00,0x00,0x00,0x00,0x00,0x00,0x00,0x00,0x00,},
    /* 152 */ {0xAA,0xAA,0xEA,0xEA,0x4C,0xCC,0x55,0x55,0x55,0x55,0x55,0x55,0x9D,0x9D,0x55,0x55,
                 0x55,0x55,0x51,0x55,0xDD,0x5D,0x55,0x55,0x55,0x55,0x55,0x55,0x9D,0x9D,0x55,0x55,
                 0x55,0x55,0xBF,0xBF,0x11,0x11,0xAA,0xAA,0x00,0x00,0xAA,0xAA,0x40,0x40,0xAA,0xAA,
                 0x00,0x00,0xAE,0xAA,0x00,0x00,0xAA,0xAA,0x00,0x00,0xAA,0xAA,0x40,0x40,0xAA,0xAA,
                 0x00,0x00,0x00,0x00,0x00,0x00,0x00,0x00,0x00,0x00,0x00,0x00,0x00,0x00,0x00,0x00,
                 0x00,0x00,0x00,0x00,0x00,0x00,0x00,0x00,0x00,0x00,0x00,0x00,0x00,0x00,0x00,0x00,},
    /* 153 */ {0xAA,0xAA,0xEA,0xEA,0x4C,0xBF,0x55,0x55,0x55,0x55,0x55,0x55,0x9D,0x9D,0x55,0x55,
                 0x55,0x55,0x55,0x55,0xDD,0x5D,0x55,0x55,0x55,0x55,0x55,0x55,0x9D,0x9D,0x55,0x55,
                 0x55,0x55,0xBF,0xBF,0x11,0x40,0xAA,0xAA,0x00,0x00,0xAA,0xAA,0x40,0x40,0xAA,0xAA,
                 0x00,0x00,0xAA,0xAA,0x00,0x00,0xAA,0xAA,0x00,0x00,0xAA,0xAA,0x40,0x40,0xAA,0xAA,
                 0x00,0x00,0x00,0x00,0x00,0x00,0x00,0x00,0x00,0x00,0x00,0x00,0x00,0x00,0x00,0x00,
                 0x00,0x00,0x00,0x00,0x00,0x00,0x00,0x00,0x00,0x00,0x00,0x00,0x00,0x00,0x00,0x00,},
    /* 154 */ {0xAA,0xAA,0xEA,0xEA,0x7F,0xEA,0x55,0x6A,0x55,0x2A,0x55,0x2A,0x9D,0x9D,0x55,0x55,
                 0x55,0x5D,0x5D,0xDD,0xDD,0x5D,0x55,0x55,0x55,0x55,0x55,0x55,0x9D,0x9D,0x55,0x55,
                 0x55,0x55,0xBF,0xBF,0x00,0x15,0xAA,0xBF,0x00,0x55,0xAA,0xFF,0x40,0x40,0xAA,0xAA,
                 0x00,0x00,0xAA,0xAA,0x00,0x00,0xAA,0xAA,0x00,0x00,0xAA,0xAA,0x40,0x40,0xAA,0xAA,
                 0x00,0x00,0x00,0x00,0x00,0x00,0x00,0x00,0x00,0x00,0x00,0x00,0x00,0x00,0x00,0x00,
                 0x00,0x00,0x00,0x00,0x00,0x00,0x00,0x00,0x00,0x00,0x00,0x00,0x00,0x00,0x00,0x00,},
    /* 155 */ {0xA5,0x55,0xED,0x9D,0xAA,0xAA,0xAA,0xAA,0xAA,0xAA,0xAE,0xAA,0xAA,0xEA,0x6A,0xAA,
                 0xAB,0x95,0xEB,0xDD,0xAA,0x95,0x6A,0xAA,0x6A,0xAA,0x2A,0xAA,0xEA,0xAA,0x6A,0xAA,
                 0x5F,0xFF,0xBD,0xDD,0x55,0x55,0xFF,0xFF,0x55,0x55,0xFB,0xFF,0x55,0x55,0xBF,0xFF,
                 0x55,0x7F,0xBF,0x9D,0x55,0x7F,0xBF,0xFF,0x15,0x55,0xFF,0xFF,0x55,0x55,0xBF,0xFF,
                 0x00,0x00,0x02,0x22,0x00,0x00,0x00,0x00,0x00,0x00,0x00,0x00,0x00,0x00,0x00,0x00,
                 0x00,0x00,0x00,0x22,0x00,0x00,0x00,0x00,0x00,0x00,0x00,0x00,0x00,0x00,0x00,0x00,},
    /* 156 */ {0x55,0x55,0x9D,0x9D,0xA9,0x11,0xAA,0xA9,0xEE,0xED,0xEE,0xED,0xAA,0xE9,0xAA,0x91,
                 0x55,0x55,0xDD,0x9D,0x55,0x55,0xAA,0xA9,0xAA,0xAA,0xAA,0xEE,0xEA,0xEE,0xAA,0xAA,
                 0xFF,0xFF,0xDD,0xDD,0x57,0xFF,0xFF,0xFD,0x55,0x57,0xFF,0xFD,0x55,0x57,0xFF,0xD5,
                 0xFF,0xFF,0xDD,0xDD,0xFF,0xFF,0xFF,0xFD,0x55,0x55,0xFF,0xFF,0x55,0x55,0xFF,0xFF,
                 0x00,0x00,0x22,0x22,0x00,0x00,0x00,0x02,0x00,0x00,0x00,0x02,0x00,0x00,0x00,0x2A,
                 0x00,0x00,0x22,0x22,0x00,0x00,0x00,0x02,0x00,0x00,0x00,0x00,0x00,0x00,0x00,0x00,},
    /* 157 */ {0x55,0x55,0x9D,0x9D,0x55,0x55,0x55,0x55,0x55,0x55,0xDD,0xDD,0x15,0x55,0x15,0x55,
                 0x55,0x55,0xDD,0x9D,0x55,0x55,0x11,0x55,0xA9,0x55,0xED,0xDD,0xED,0x55,0xA9,0x11,
                 0xFF,0xFF,0xDD,0xDD,0xFF,0xFF,0x55,0x55,0xFF,0xFF,0xDD,0xDD,0xFF,0xFF,0x55,0x55,
                 0xFF,0xFF,0xDD,0xDD,0xFF,0xFF,0x55,0x55,0x57,0xFF,0xFD,0xDD,0x57,0xFF,0xFD,0x55,
                 0x00,0x00,0x22,0x22,0x00,0x00,0xAA,0xAA,0x00,0x00,0x22,0x22,0x00,0x00,0xAA,0xAA,
                 0x00,0x00,0x22,0x22,0x00,0x00,0xAA,0xAA,0x00,0x00,0x02,0x22,0x00,0x00,0x02,0xAA,},
    /* 158 */ {0x55,0x55,0x9D,0x9D,0x55,0x55,0x55,0x55,0x55,0x55,0xDD,0xDD,0x55,0x55,0x55,0x55,
                 0x55,0x55,0xDD,0x9D,0x55,0x55,0x55,0x55,0x56,0x55,0x5D,0xDD,0x55,0x55,0x12,0x55,
                 0xFF,0xFF,0xDD,0xDD,0xFF,0xFF,0x55,0x55,0xFF,0xFF,0xDD,0xDD,0xFF,0xFF,0x55,0x55,
                 0xFF,0xFF,0xDD,0xDD,0xFF,0xFF,0x55,0x55,0xFD,0xFF,0x5D,0xDD,0xFF,0xFF,0x57,0x55,
                 0x00,0x00,0x22,0x22,0x00,0x00,0xAA,0xAA,0x00,0x00,0x22,0x22,0x00,0x00,0xAA,0xAA,
                 0x00,0x00,0x22,0x22,0x00,0x00,0xAA,0xAA,0x00,0x00,0xA2,0x22,0x00,0x00,0xA8,0xAA,},
    /* 159 */ {0x55,0x55,0x9D,0x9D,0x55,0x55,0x55,0x55,0x55,0x44,0xDD,0xCC,0x55,0x55,0x55,0x55,
                 0x55,0x55,0xDD,0x9D,0x55,0x55,0x55,0x55,0x55,0x55,0x5D,0xDD,0x55,0x55,0x55,0x55,
                 0xFF,0xFF,0xDD,0xDD,0xFF,0xFF,0x55,0x55,0xFF,0xEE,0xDD,0xCC,0xFF,0xFF,0x55,0x55,
                 0xFF,0xFF,0xDD,0xDD,0xFF,0xFF,0x55,0x55,0xFF,0xFF,0x5D,0xDD,0xFF,0xFF,0x55,0x55,
                 0x00,0x00,0x22,0x22,0x00,0x00,0xAA,0xAA,0x00,0x11,0x22,0x33,0x00,0x00,0xAA,0xAA,
                 0x00,0x00,0x22,0x22,0x00,0x00,0xAA,0xAA,0x00,0x00,0xA2,0x22,0x00,0x00,0xAA,0xAA,},
    /* 160 */ {0x55,0x55,0x9D,0x9D,0x55,0x55,0x55,0x55,0x44,0x55,0xCC,0xDD,0x55,0x55,0x55,0x55,
                 0x55,0x55,0xDD,0x9D,0x55,0x55,0x55,0x55,0x55,0x55,0x5D,0xDD,0x55,0x55,0x55,0x55,
                 0xFF,0xFF,0xDD,0xDD,0xFF,0xFF,0x55,0x55,0xEE,0xFF,0xCC,0xDD,0xFF,0xFF,0x55,0x55,
                 0xFF,0xFF,0xDD,0xDD,0xFF,0xFF,0x55,0x55,0xFF,0xFF,0x5D,0xDD,0xFF,0xFF,0x55,0x55,
                 0x00,0x00,0x22,0x22,0x00,0x00,0xAA,0xAA,0x11,0x00,0x33,0x22,0x00,0x00,0xAA,0xAA,
                 0x00,0x00,0x22,0x22,0x00,0x00,0xAA,0xAA,0x00,0x00,0xA2,0x22,0x00,0x00,0xAA,0xAA,},
    /* 161 */ {0x55,0x55,0x9D,0x9D,0x55,0x55,0x55,0x55,0x55,0x55,0xDD,0xDD,0x55,0x55,0x55,0x55,
                 0x55,0x55,0xDD,0x9D,0x55,0x55,0x55,0x55,0x55,0x55,0x5D,0xDD,0x55,0x55,0x55,0x5D,
                 0xFF,0xFF,0xDD,0xDD,0xFF,0xFF,0x55,0x55,0xFF,0xFF,0xDD,0xDD,0xFF,0xFF,0x55,0x55,
                 0xFF,0xFF,0xDD,0xDD,0xFF,0xFF,0x55,0x55,0xFF,0xFF,0x5D,0xDD,0xFF,0xFF,0x55,0x5D,
                 0x00,0x00,0x22,0x22,0x00,0x00,0xAA,0xAA,0x00,0x00,0x22,0x22,0x00,0x00,0xAA,0xAA,
                 0x00,0x00,0x22,0x22,0x00,0x00,0xAA,0xAA,0x00,0x00,0xA2,0x22,0x00,0x00,0xAA,0xA2,},
    /* 162 */ {0x55,0x56,0x9D,0x98,0xDD,0xD8,0xAA,0xA8,0x22,0x20,0xAE,0xA8,0xAA,0xE8,0xDA,0xA8,
                 0x55,0x54,0xDD,0x9E,0x55,0x54,0xDA,0xA8,0xAA,0xA8,0x2A,0xA8,0x62,0xA8,0xAA,0xA8,
                 0xFF,0xFC,0xDD,0xDE,0x77,0x74,0xFF,0xFE,0xDD,0xDC,0xFB,0xFE,0x55,0x54,0xDF,0xFE,
                 0xFF,0xFC,0xDD,0xDE,0xFF,0xFC,0xDF,0xFE,0x55,0x54,0x7F,0xFE,0xDD,0x54,0xFF,0xFE,
                 0x00,0x00,0x22,0x20,0x00,0x00,0x00,0x00,0x00,0x00,0x00,0x00,0x00,0x00,0x20,0x00,
                 0x00,0x00,0x22,0x20,0x00,0x00,0x20,0x00,0x00,0x00,0x80,0x00,0x00,0x00,0x00,0x00,},
    /* 163 */ {0x6A,0xAA,0x6A,0xEA,0x6A,0xAA,0xEA,0xAA,0x4A,0xAA,0x6E,0xAA,0x2A,0xEA,0xEA,0xAA,
                 0x6A,0xAA,0x4A,0xEA,0x6A,0xAA,0xEA,0xAA,0x6A,0xAA,0xCA,0xAA,0x2A,0xAA,0xEA,0xAA,
                 0x15,0x55,0x3F,0xBF,0x15,0x55,0x3F,0xFF,0x15,0x55,0x3B,0xFF,0x55,0x55,0x3F,0xFF,
                 0x15,0x55,0x3F,0xBF,0x15,0x55,0x3F,0xFF,0x15,0x55,0x3F,0xFF,0x55,0x55,0x3F,0xFF,
                 0x00,0x00,0x00,0x00,0x00,0x00,0x00,0x00,0x00,0x00,0x00,0x00,0x00,0x00,0x00,0x00,
                 0x00,0x00,0x00,0x00,0x00,0x00,0x00,0x00,0x00,0x00,0x00,0x00,0x00,0x00,0x00,0x00,},
    /* 164 */ {0xAA,0xAA,0xEA,0xEA,0xAA,0xAA,0xAA,0xAA,0xAA,0x00,0xAE,0x00,0xAA,0xC8,0xAA,0xAA,
                 0xAA,0xAA,0xE2,0x40,0xAA,0x5D,0xA2,0x55,0xA2,0x55,0xA2,0x55,0xEA,0x9D,0xA2,0x55,
                 0x55,0x55,0xBF,0xBF,0x55,0x55,0xFF,0xFF,0x55,0x55,0xFB,0xFF,0x55,0x55,0xFF,0xFF,
                 0x55,0x55,0xBF,0xBF,0x55,0x00,0xFF,0xAA,0x55,0x00,0xFF,0xAA,0x55,0x40,0xFF,0xAA,
                 0x00,0x00,0x00,0x00,0x00,0x00,0x00,0x00,0x00,0x00,0x00,0x00,0x00,0x00,0x00,0x00,
                 0x00,0x00,0x00,0x00,0x00,0x00,0x00,0x00,0x00,0x00,0x00,0x00,0x00,0x00,0x00,0x00,},
    /* 165 */ {0xA4,0x55,0xEA,0xD5,0xAA,0x9D,0xA4,0x55,0x15,0x55,0x15,0x55,0x9D,0x9D,0xA5,0x55,
                 0xA5,0x55,0x55,0x55,0xDD,0x5D,0x55,0x55,0x55,0x55,0x55,0x55,0x9D,0x9D,0x55,0x55,
                 0x51,0x00,0xBF,0xAA,0x55,0x40,0xFB,0xAA,0x40,0x00,0xEA,0xAA,0x40,0x40,0xFA,0xAA,
                 0x50,0x00,0xAA,0xAA,0x00,0x00,0xAA,0xAA,0x00,0x00,0xAA,0xAA,0x40,0x40,0xAA,0xAA,
                 0x00,0x00,0x00,0x00,0x00,0x00,0x00,0x00,0x00,0x00,0x00,0x00,0x00,0x00,0x00,0x00,
                 0x00,0x00,0x00,0x00,0x00,0x00,0x00,0x00,0x00,0x00,0x00,0x00,0x00,0x00,0x00,0x00,},
    /* 166 */ {0x55,0x55,0x55,0x55,0x5D,0xDD,0x55,0x55,0x55,0x55,0x55,0x55,0x9D,0x9D,0x55,0x55,
                 0x55,0x55,0x55,0x55,0xDD,0x5D,0x55,0x55,0x55,0x55,0x55,0x55,0x9D,0x9D,0x55,0x55,
                 0x00,0x00,0xAA,0xAA,0x00,0x00,0xAA,0xAA,0x00,0x00,0xAA,0xAA,0x40,0x40,0xAA,0xAA,
                 0x00,0x00,0xAA,0xAA,0x00,0x00,0xAA,0xAA,0x00,0x00,0xAA,0xAA,0x40,0x40,0xAA,0xAA,
                 0x00,0x00,0x00,0x00,0x00,0x00,0x00,0x00,0x00,0x00,0x00,0x00,0x00,0x00,0x00,0x00,
                 0x00,0x00,0x00,0x00,0x00,0x00,0x00,0x00,0x00,0x00,0x00,0x00,0x00,0x00,0x00,0x00,},
    /* 167 */ {0x55,0x55,0x55,0x55,0x5D,0xDD,0x55,0x55,0x55,0x55,0x55,0x55,0x9D,0x9D,0x55,0x55,
                 0x55,0x55,0x55,0x22,0xDD,0x40,0x54,0x4A,0x54,0x40,0x52,0x22,0x9C,0x00,0x44,0xAA,
                 0x00,0x00,0xAA,0xAA,0x00,0x00,0xAA,0xAA,0x00,0x00,0xAA,0xAA,0x40,0x40,0xAA,0xAA,
                 0x00,0x00,0xAA,0x80,0x00,0x00,0xAA,0xA0,0x00,0x00,0xA8,0x00,0x40,0x00,0xAA,0x00,
                 0x00,0x00,0x00,0x00,0x00,0x00,0x00,0x00,0x00,0x00,0x00,0x00,0x00,0x00,0x00,0x00,
                 0x00,0x00,0x00,0x00,0x00,0x00,0x00,0x00,0x00,0x00,0x00,0x00,0x00,0x00,0x00,0x00,},
    /* 168 */ {0x55,0x55,0x55,0x55,0x5D,0xDC,0x55,0x55,0x55,0x55,0x55,0x55,0x9D,0x9D,0x55,0x55,
                 0x55,0x55,0x22,0x22,0x00,0x00,0xAA,0xAA,0x00,0x00,0xA2,0x22,0x00,0x00,0xAA,0xAA,
                 0x00,0x00,0xAA,0xAA,0x00,0x00,0xAA,0xAA,0x00,0x00,0xAA,0xAA,0x40,0x40,0xAA,0xAA,
                 0x00,0x00,0x00,0x00,0x00,0x00,0x00,0x00,0x00,0x00,0x00,0x00,0x00,0x00,0x00,0x00,
                 0x00,0x00,0x00,0x00,0x00,0x00,0x00,0x00,0x00,0x00,0x00,0x00,0x00,0x00,0x00,0x00,
                 0x00,0x00,0x00,0x00,0x00,0x00,0x00,0x00,0x00,0x00,0x00,0x00,0x00,0x00,0x00,0x00,},
    /* 169 */ {0x51,0x15,0x22,0x21,0x40,0x01,0x6A,0xA9,0x00,0x00,0x62,0x22,0x88,0x00,0x56,0x66,
                 0x40,0x01,0x22,0x22,0x00,0x00,0xAA,0xAA,0x00,0x00,0xA2,0x22,0x00,0x00,0xAA,0xAA,
                 0x00,0x00,0x80,0x02,0x00,0x00,0x80,0x02,0x00,0x00,0x80,0x00,0x40,0x00,0xA8,0x88,
                 0x00,0x00,0x00,0x00,0x00,0x00,0x00,0x00,0x00,0x00,0x00,0x00,0x00,0x00,0x00,0x00,
                 0x00,0x00,0x00,0x00,0x00,0x00,0x00,0x00,0x00,0x00,0x00,0x00,0x00,0x00,0x00,0x00,
                 0x00,0x00,0x00,0x00,0x00,0x00,0x00,0x00,0x00,0x00,0x00,0x00,0x00,0x00,0x00,0x00,},
    /* 170 */ {0x55,0x55,0x11,0x55,0x11,0xDD,0x99,0x55,0x11,0x55,0x55,0x55,0x9D,0x9D,0x55,0x55,
                 0x55,0x55,0x23,0x55,0x00,0x5D,0xAA,0xD5,0x00,0x55,0xA2,0x55,0x00,0x1D,0xAA,0xF5,
                 0x00,0x00,0x22,0xAA,0x00,0x00,0x22,0xAA,0x00,0x00,0x2A,0xAA,0x40,0x40,0xAA,0xAA,
                 0x00,0x00,0x00,0x2A,0x00,0x00,0x00,0x2A,0x00,0x00,0x00,0x2A,0x00,0x40,0x00,0x0A,
                 0x00,0x00,0x00,0x00,0x00,0x00,0x00,0x00,0x00,0x00,0x00,0x00,0x00,0x00,0x00,0x00,
                 0x00,0x00,0x00,0x00,0x00,0x00,0x00,0x00,0x00,0x00,0x00,0x00,0x00,0x00,0x00,0x00,},
    /* 171 */ {0x6A,0xAA,0xEA,0xEA,0xAA,0xAA,0x6A,0xAA,0x57,0xAA,0x55,0xAA,0x9D,0xEA,0x56,0xAA,
                 0x56,0xAA,0x55,0xFA,0xDD,0xBA,0x55,0xBA,0x55,0xBA,0x55,0x5A,0x9D,0x9A,0x55,0x5B,
                 0x15,0x55,0xBF,0xBF,0x55,0x55,0xBF,0xFF,0x00,0x55,0xAA,0xFF,0x40,0x55,0xAB,0xFF,
                 0x01,0x55,0xAA,0xAF,0x00,0x45,0xAA,0xEF,0x00,0x45,0xAA,0xAF,0x40,0x45,0xAA,0xAE,
                 0x00,0x00,0x00,0x00,0x00,0x00,0x00,0x00,0x00,0x00,0x00,0x00,0x00,0x00,0x00,0x00,
                 0x00,0x00,0x00,0x00,0x00,0x00,0x00,0x00,0x00,0x00,0x00,0x00,0x00,0x00,0x00,0x00,},
    /* 172 */ {0xAA,0xAA,0xDD,0x9D,0x95,0x55,0xAA,0xAA,0xAA,0xAA,0xAE,0xAA,0xAA,0xEA,0xAA,0xAA,
                 0xAA,0xAA,0xEA,0xEA,0xAA,0xAA,0xAA,0xAA,0xAA,0xAA,0xAA,0xAA,0xEA,0xAA,0xAA,0xAA,
                 0x55,0x55,0x9D,0xDD,0x7F,0xFF,0xFF,0xFF,0x55,0x55,0xFB,0xFF,0x55,0x55,0xFF,0xFF,
                 0x55,0x55,0xBF,0xBF,0x55,0x55,0xFF,0xFF,0x55,0x55,0xFF,0xFF,0x55,0x55,0xFF,0xFF,
                 0x00,0x00,0x22,0x22,0x00,0x00,0x00,0x00,0x00,0x00,0x00,0x00,0x00,0x00,0x00,0x00,
                 0x00,0x00,0x00,0x00,0x00,0x00,0x00,0x00,0x00,0x00,0x00,0x00,0x00,0x00,0x00,0x00,},
    /* 173 */ {0x91,0x11,0x9D,0x9D,0x55,0x55,0xA9,0x11,0xAA,0xAA,0xAE,0xAA,0xAA,0xEA,0xAA,0xAA,
                 0xAA,0xAA,0xEA,0xEA,0xAA,0xAA,0xAA,0xAA,0xAA,0xAA,0xAA,0xAA,0xEA,0xAA,0xAA,0xAA,
                 0x7F,0xFF,0xDD,0xDD,0xFF,0xFF,0xFD,0x55,0x55,0x55,0xFB,0xFF,0x55,0x55,0xFF,0xFF,
                 0x55,0x55,0xBF,0xBF,0x55,0x55,0xFF,0xFF,0x55,0x55,0xFF,0xFF,0x55,0x55,0xFF,0xFF,
                 0x00,0x00,0x22,0x22,0x00,0x00,0x02,0xAA,0x00,0x00,0x00,0x00,0x00,0x00,0x00,0x00,
                 0x00,0x00,0x00,0x00,0x00,0x00,0x00,0x00,0x00,0x00,0x00,0x00,0x00,0x00,0x00,0x00,},
    /* 174 */ {0x11,0x55,0x9D,0x9D,0x55,0x55,0x12,0xDD,0xAA,0xAD,0xAE,0xAD,0xAA,0xE8,0xAA,0x8D,
                 0xAA,0x88,0xEA,0xEA,0xAA,0xAA,0xAA,0xAA,0xAA,0xAA,0xAA,0xAA,0xEA,0xAA,0xAA,0xAA,
                 0xFF,0xFF,0xDD,0xDD,0xFF,0xFF,0x57,0xDD,0x55,0x57,0xFB,0xFD,0x55,0x57,0xFF,0xDD,
                 0x55,0x77,0xBF,0xBF,0x55,0x55,0xFF,0xFF,0x55,0x55,0xFF,0xFF,0x55,0x55,0xFF,0xFF,
                 0x00,0x00,0x22,0x22,0x00,0x00,0xA8,0x22,0x00,0x00,0x00,0x02,0x00,0x00,0x00,0x22,
                 0x00,0x00,0x00,0x00,0x00,0x00,0x00,0x00,0x00,0x00,0x00,0x00,0x00,0x00,0x00,0x00,},
    /* 175 */ {0x55,0x55,0x9D,0x9D,0x55,0x55,0xDD,0xDD,0xDD,0xDD,0xDD,0xDD,0x88,0xC8,0xDD,0xDD,
                 0x88,0x88,0xEA,0xEA,0xAA,0xAA,0xAA,0xAA,0xAA,0xAA,0xAA,0xAA,0xEA,0xAA,0xAA,0xAA,
                 0xFF,0xFF,0xDD,0xDD,0xFF,0xFF,0xDD,0xDD,0x77,0x77,0xDD,0xDD,0x77,0x77,0xDD,0xDD,
                 0x77,0x77,0xBF,0xBF,0x55,0x55,0xFF,0xFF,0x55,0x55,0xFF,0xFF,0x55,0x55,0xFF,0xFF,
                 0x00,0x00,0x22,0x22,0x00,0x00,0x22,0x22,0x00,0x00,0x22,0x22,0x00,0x00,0x22,0x22,
                 0x00,0x00,0x00,0x00,0x00,0x00,0x00,0x00,0x00,0x00,0x00,0x00,0x00,0x00,0x00,0x00,},
    /* 176 */ {0x55,0x55,0x9D,0x9D,0x55,0x55,0x55,0x55,0x55,0x55,0xDD,0xDD,0x95,0x55,0xD5,0x55,
                 0xD5,0x55,0xDD,0x9D,0xD5,0x55,0xAB,0x55,0x89,0x55,0xAB,0xDD,0xDD,0x55,0xAB,0x55,
                 0xFF,0xFF,0xDD,0xDD,0xFF,0xFF,0x55,0x55,0xFF,0xFF,0xDD,0xDD,0x7F,0xFF,0xD5,0x55,
                 0x7F,0xFF,0x9D,0xDD,0x7F,0xFF,0xFF,0x55,0x77,0xFF,0xFF,0xDD,0x77,0xFF,0xFF,0x55,
                 0x00,0x00,0x22,0x22,0x00,0x00,0xAA,0xAA,0x00,0x00,0x22,0x22,0x00,0x00,0x2A,0xAA,
                 0x00,0x00,0x22,0x22,0x00,0x00,0x00,0xAA,0x00,0x00,0x00,0x22,0x00,0x00,0x00,0xAA,},
    /* 177 */ {0x55,0x55,0x9D,0x9D,0x55,0x55,0x55,0x55,0x55,0x55,0xDD,0xDD,0x55,0x55,0x55,0x55,
                 0x55,0x55,0xDD,0x9D,0x55,0x55,0x55,0x56,0x55,0x54,0x5D,0xDE,0x55,0x55,0x55,0x6A,
                 0xFF,0xFF,0xDD,0xDD,0xFF,0xFF,0x55,0x55,0xFF,0xFF,0xDD,0xDD,0xFF,0xFF,0x55,0x55,
                 0xFF,0xFF,0xDD,0xDD,0xFF,0xFF,0x55,0x57,0xFF,0xFF,0x5D,0xDF,0xFF,0xFF,0x55,0x7F,
                 0x00,0x00,0x22,0x22,0x00,0x00,0xAA,0xAA,0x00,0x00,0x22,0x22,0x00,0x00,0xAA,0xAA,
                 0x00,0x00,0x22,0x22,0x00,0x00,0xAA,0xA8,0x00,0x00,0xA2,0x20,0x00,0x00,0xAA,0x80,},
    /* 178 */ {0x55,0x5D,0x9D,0x9D,0x55,0x55,0x55,0xDD,0x55,0xAA,0xDD,0xAA,0x48,0xEA,0x5D,0x8A,
                 0x58,0x8A,0xCA,0xEA,0x5A,0xAA,0xAA,0xAA,0x8A,0xAA,0xAA,0xAA,0xDA,0xAA,0xAA,0xAA,
                 0xFF,0xF7,0xDD,0xDD,0xFF,0xFF,0x55,0xDD,0xFF,0x55,0xDD,0xFF,0xF7,0x55,0x5D,0xDF,
                 0xF7,0x75,0xDF,0xBF,0xF5,0x55,0xFF,0xFF,0x75,0x55,0xFF,0xFF,0x75,0x55,0xFF,0xFF,
                 0x00,0x00,0x22,0x22,0x00,0x00,0xAA,0x22,0x00,0x00,0x22,0x00,0x00,0x00,0xA2,0x20,
                 0x00,0x00,0x20,0x00,0x00,0x00,0x00,0x00,0x00,0x00,0x00,0x00,0x00,0x00,0x00,0x00,},
    /* 179 */ {0xDA,0xA8,0x9D,0x98,0x55,0x58,0xAA,0xA8,0xAA,0xA8,0xAE,0xA8,0xAA,0xE8,0xAA,0xA8,
                 0xAA,0xA8,0xEA,0xE8,0xAA,0xA8,0xAA,0xA8,0xAA,0xA8,0xAA,0xA8,0xEA,0xA8,0xAA,0xA8,
                 0x75,0x54,0xDD,0xDE,0xFF,0xF4,0xFF,0xFE,0x55,0x54,0xFB,0xFE,0x55,0x54,0xFF,0xFE,
                 0x55,0x54,0xBF,0xBE,0x55,0x54,0xFF,0xFE,0x55,0x54,0xFF,0xFE,0x55,0x54,0xFF,0xFE,
                 0x00,0x00,0x22,0x20,0x00,0x00,0x00,0x00,0x00,0x00,0x00,0x00,0x00,0x00,0x00,0x00,
                 0x00,0x00,0x00,0x00,0x00,0x00,0x00,0x00,0x00,0x00,0x00,0x00,0x00,0x00,0x00,0x00,},
    /* 180 */ {0x6A,0xAA,0x4A,0xEA,0x6A,0xAA,0xEA,0xAA,0x6A,0xAB,0x4C,0x89,0x08,0xC9,0xEA,0xAB,
                 0x62,0x22,0x62,0x62,0x4D,0x5D,0xE5,0x55,0x65,0x55,0xE5,0x55,0x1D,0x9D,0xD5,0x55,
                 0x15,0x55,0x3F,0xBF,0x15,0x55,0x3F,0xFF,0x15,0x54,0x3B,0xFE,0x55,0x54,0x3F,0xFE,
                 0x15,0x55,0x3F,0xBF,0x10,0x00,0x3A,0xAA,0x10,0x00,0x3A,0xAA,0x40,0x40,0x2A,0xAA,
                 0x00,0x00,0x00,0x00,0x00,0x00,0x00,0x00,0x00,0x00,0x00,0x00,0x00,0x00,0x00,0x00,
                 0x00,0x00,0x00,0x00,0x00,0x00,0x00,0x00,0x00,0x00,0x00,0x00,0x00,0x00,0x00,0x00,},
    /* 181 */ {0xA2,0x55,0xE2,0x55,0xAA,0xDD,0x22,0x55,0x77,0x55,0x55,0x55,0x9D,0x9D,0x55,0x55,
                 0x55,0x55,0x55,0x55,0xDD,0x5D,0x55,0x55,0x55,0x55,0x55,0x55,0x9D,0x9D,0x55,0x55,
                 0x55,0x00,0xBF,0xAA,0x55,0x00,0xFF,0xAA,0x00,0x00,0xAA,0xAA,0x40,0x40,0xAA,0xAA,
                 0x00,0x00,0xAA,0xAA,0x00,0x00,0xAA,0xAA,0x00,0x00,0xAA,0xAA,0x40,0x40,0xAA,0xAA,
                 0x00,0x00,0x00,0x00,0x00,0x00,0x00,0x00,0x00,0x00,0x00,0x00,0x00,0x00,0x00,0x00,
                 0x00,0x00,0x00,0x00,0x00,0x00,0x00,0x00,0x00,0x00,0x00,0x00,0x00,0x00,0x00,0x00,},
    /* 182 */ {0x55,0x55,0x55,0x55,0x5D,0xDD,0x55,0x54,0x55,0x55,0x55,0x13,0x9D,0x99,0x55,0x55,
                 0x55,0x54,0x55,0x55,0xDD,0x5D,0x55,0x55,0x55,0x55,0x55,0x55,0x9D,0x9D,0x55,0x55,
                 0x00,0x00,0xAA,0xAA,0x00,0x00,0xAA,0xAA,0x00,0x00,0xAA,0xA8,0x40,0x00,0xAA,0xAA,
                 0x00,0x00,0xAA,0xAA,0x00,0x00,0xAA,0xAA,0x00,0x00,0xAA,0xAA,0x40,0x40,0xAA,0xAA,
                 0x00,0x00,0x00,0x00,0x00,0x00,0x00,0x00,0x00,0x00,0x00,0x00,0x00,0x00,0x00,0x00,
                 0x00,0x00,0x00,0x00,0x00,0x00,0x00,0x00,0x00,0x00,0x00,0x00,0x00,0x00,0x00,0x00,},
    /* 183 */ {0x44,0x00,0x22,0x22,0x4C,0x00,0x44,0xAA,0x40,0x00,0x22,0x22,0x00,0x00,0x6A,0xAA,
                 0x44,0x00,0x44,0x22,0x80,0x00,0x44,0x44,0x44,0x44,0x55,0x44,0x9D,0x80,0x55,0x44,
                 0x00,0x00,0x80,0x00,0x00,0x00,0xAA,0x00,0x00,0x00,0x00,0x00,0x00,0x00,0x80,0x00,
                 0x00,0x00,0xAA,0x00,0x00,0x00,0xAA,0xAA,0x00,0x00,0xAA,0xAA,0x40,0x00,0xAA,0xAA,
                 0x00,0x00,0x00,0x00,0x00,0x00,0x00,0x00,0x00,0x00,0x00,0x00,0x00,0x00,0x00,0x00,
                 0x00,0x00,0x00,0x00,0x00,0x00,0x00,0x00,0x00,0x00,0x00,0x00,0x00,0x00,0x00,0x00,},
    /* 184 */ {0x00,0x00,0x22,0x22,0x00,0x00,0xAA,0xAA,0x00,0x00,0x22,0x22,0x00,0x00,0xAA,0xAA,
                 0x00,0x00,0x22,0x22,0x00,0x00,0xAA,0xAA,0x00,0x00,0xA2,0x22,0x00,0x00,0x4A,0xAA,
                 0x00,0x00,0x00,0x00,0x00,0x00,0x00,0x00,0x00,0x00,0x00,0x00,0x00,0x00,0x00,0x00,
                 0x00,0x00,0x00,0x00,0x00,0x00,0x00,0x00,0x00,0x00,0x00,0x00,0x00,0x00,0xA0,0x00,
                 0x00,0x00,0x00,0x00,0x00,0x00,0x00,0x00,0x00,0x00,0x00,0x00,0x00,0x00,0x00,0x00,
                 0x00,0x00,0x00,0x00,0x00,0x00,0x00,0x00,0x00,0x00,0x00,0x00,0x00,0x00,0x00,0x00,},
    /* 185 */ {0x00,0x00,0x22,0x22,0x00,0x00,0xAA,0xAA,0x00,0x00,0x22,0x22,0x00,0x00,0xAA,0xAA,
                 0x00,0x00,0x22,0x22,0x00,0x00,0xAA,0xAA,0x00,0x00,0xA2,0x22,0x00,0x00,0xAA,0xAA,
                 0x00,0x00,0x00,0x00,0x00,0x00,0x00,0x00,0x00,0x00,0x00,0x00,0x00,0x00,0x00,0x00,
                 0x00,0x00,0x00,0x00,0x00,0x00,0x00,0x00,0x00,0x00,0x00,0x00,0x00,0x00,0x00,0x00,
                 0x00,0x00,0x00,0x00,0x00,0x00,0x00,0x00,0x00,0x00,0x00,0x00,0x00,0x00,0x00,0x00,
                 0x00,0x00,0x00,0x00,0x00,0x00,0x00,0x00,0x00,0x00,0x00,0x00,0x00,0x00,0x00,0x00,},
    /* 186 */ {0x00,0x15,0x22,0x25,0x00,0x1D,0xAA,0xF5,0x00,0x55,0x22,0x15,0x00,0x15,0xAA,0xD5,
                 0x00,0x55,0x22,0x55,0x00,0x5D,0xAA,0xD5,0x00,0x55,0xA2,0x55,0x00,0x1D,0xAA,0xD5,
                 0x00,0x00,0x00,0x0A,0x00,0x00,0x00,0x0A,0x00,0x00,0x00,0x22,0x00,0x00,0x00,0x2A,
                 0x00,0x00,0x00,0x2A,0x00,0x00,0x00,0x2A,0x00,0x00,0x00,0x2A,0x00,0x40,0x00,0x2A,
                 0x00,0x00,0x00,0x00,0x00,0x00,0x00,0x00,0x00,0x00,0x00,0x00,0x00,0x00,0x00,0x00,
                 0x00,0x00,0x00,0x00,0x00,0x00,0x00,0x00,0x00,0x00,0x00,0x00,0x00,0x00,0x00,0x00,},
    /* 187 */ {0x55,0x55,0x55,0x55,0x5D,0xDD,0x55,0x55,0x55,0x55,0x55,0x55,0x15,0x1D,0x55,0x55,
                 0x55,0x55,0x55,0x55,0xDD,0x5D,0x55,0x55,0x55,0x55,0x55,0x55,0x9D,0x9D,0x55,0x55,
                 0x00,0x00,0xAA,0xAA,0x00,0x00,0xAA,0xAA,0x00,0x00,0x22,0x2A,0x40,0x40,0xAA,0xAA,
                 0x00,0x00,0xAA,0xAA,0x00,0x00,0xAA,0xAA,0x00,0x00,0xAA,0xAA,0x40,0x40,0xAA,0xAA,
                 0x00,0x00,0x00,0x00,0x00,0x00,0x00,0x00,0x00,0x00,0x00,0x00,0x00,0x00,0x00,0x00,
                 0x00,0x00,0x00,0x00,0x00,0x00,0x00,0x00,0x00,0x00,0x00,0x00,0x00,0x00,0x00,0x00,},
    /* 188 */ {0x55,0x5B,0x55,0x55,0x5D,0xDD,0x55,0x55,0x55,0x55,0x55,0x55,0x9D,0x9D,0x55,0x55,
                 0x55,0x55,0x55,0x55,0xDD,0x5D,0x55,0x55,0x55,0x55,0x55,0x55,0x9D,0x9D,0x55,0x55,
                 0x00,0x04,0xAA,0xAA,0x00,0x00,0xAA,0xAA,0x00,0x00,0xAA,0xAA,0x40,0x40,0xAA,0xAA,
                 0x00,0x00,0xAA,0xAA,0x00,0x00,0xAA,0xAA,0x00,0x00,0xAA,0xAA,0x40,0x40,0xAA,0xAA,
                 0x00,0x00,0x00,0x00,0x00,0x00,0x00,0x00,0x00,0x00,0x00,0x00,0x00,0x00,0x00,0x00,
                 0x00,0x00,0x00,0x00,0x00,0x00,0x00,0x00,0x00,0x00,0x00,0x00,0x00,0x00,0x00,0x00,},
    /* 189 */ {0xAA,0xAA,0xEA,0xEA,0xAA,0xAA,0xAA,0xAA,0x2A,0xAA,0x6E,0xEE,0xAE,0xAE,0x2A,0xAA,
                 0xBA,0xAA,0xFA,0xEA,0xBA,0xAA,0xBA,0xAA,0xBB,0xAA,0xBB,0xAA,0x9B,0xAA,0x5B,0xAA,
                 0x55,0x55,0xBF,0xBF,0x55,0x55,0xFF,0xFF,0x55,0x55,0xBB,0xBB,0x51,0x51,0xFF,0xFF,
                 0x45,0x55,0xAF,0xBF,0x45,0x55,0xEF,0xFF,0x44,0x55,0xEE,0xFF,0x44,0x55,0xAE,0xFF,
                 0x00,0x00,0x00,0x00,0x00,0x00,0x00,0x00,0x00,0x00,0x00,0x00,0x00,0x00,0x00,0x00,
                 0x00,0x00,0x00,0x00,0x00,0x00,0x00,0x00,0x00,0x00,0x00,0x00,0x00,0x00,0x00,0x00,},
    /* 190 */ {0xAA,0xAA,0xEA,0xEA,0xAA,0xAA,0xAA,0xAA,0xAA,0xAA,0xEE,0xAA,0xAA,0xEA,0xAA,0xAA,
                 0xAA,0xAA,0xEA,0xEA,0xAA,0xAA,0xAA,0xAA,0xAA,0xAA,0xAA,0xAA,0xEA,0xAA,0xAA,0xAA,
                 0x55,0x55,0xBF,0xBF,0x55,0x55,0xFF,0xFF,0x55,0x55,0xBB,0xFF,0x55,0x55,0xFF,0xFF,
                 0x55,0x55,0xBF,0xBF,0x55,0x55,0xFF,0xFF,0x55,0x55,0xFF,0xFF,0x55,0x55,0xFF,0xFF,
                 0x00,0x00,0x00,0x00,0x00,0x00,0x00,0x00,0x00,0x00,0x00,0x00,0x00,0x00,0x00,0x00,
                 0x00,0x00,0x00,0x00,0x00,0x00,0x00,0x00,0x00,0x00,0x00,0x00,0x00,0x00,0x00,0x00,},
    /* 191 */ {0xAA,0xAA,0xEA,0xEA,0xAA,0xAA,0xAA,0xAA,0xAA,0xAA,0xAE,0xAA,0xAA,0xEA,0xAA,0xAA,
                 0xAA,0xAA,0xEA,0xEA,0xAA,0xAA,0xAA,0xAD,0xAA,0xAB,0xAA,0xA9,0xEA,0xAB,0xAA,0xDD,
                 0x55,0x55,0xBF,0xBF,0x55,0x55,0xFF,0xFF,0x55,0x55,0xFB,0xFF,0x55,0x55,0xFF,0xFF,
                 0x55,0x55,0xBF,0xBF,0x55,0x55,0xFF,0xFD,0x55,0x55,0xFF,0xFD,0x55,0x55,0xFF,0xDD,
                 0x00,0x00,0x00,0x00,0x00,0x00,0x00,0x00,0x00,0x00,0x00,0x00,0x00,0x00,0x00,0x00,
                 0x00,0x00,0x00,0x00,0x00,0x00,0x00,0x02,0x00,0x00,0x00,0x02,0x00,0x00,0x00,0x22,},
    /* 192 */ {0xAA,0xAA,0xEA,0xEA,0xAA,0xDD,0xAA,0xAB,0xAA,0xAB,0xAE,0xAA,0xAA,0xEA,0xB5,0x55,
                 0xB5,0x55,0xDD,0x9D,0xB5,0x55,0x55,0x55,0x55,0x55,0x5D,0xDD,0x55,0x55,0x55,0x55,
                 0x55,0x55,0xBF,0xBF,0x55,0x77,0xFF,0xFF,0x55,0x55,0xFB,0xFF,0x55,0x55,0xF5,0x55,
                 0x5F,0xFF,0x9D,0xDD,0x5F,0xFF,0x55,0x55,0xFF,0xFF,0x5D,0xDD,0xFF,0xFF,0x55,0x55,
                 0x00,0x00,0x00,0x00,0x00,0x00,0x00,0x00,0x00,0x00,0x00,0x00,0x00,0x00,0x0A,0xAA,
                 0x00,0x00,0x22,0x22,0x00,0x00,0xAA,0xAA,0x00,0x00,0xA2,0x22,0x00,0x00,0xAA,0xAA,},
    /* 193 */ {0x89,0x55,0xEB,0x9D,0x55,0x55,0x55,0x55,0x55,0x55,0xAE,0xAA,0xAA,0xEA,0x55,0x55,
                 0x55,0x55,0xDD,0x9D,0x55,0x55,0x55,0x55,0x55,0x55,0x5D,0xDD,0x55,0x55,0x55,0x55,
                 0x77,0xFF,0xBF,0xDD,0xFF,0xFF,0x55,0x55,0xFF,0xFF,0xFB,0xFF,0x55,0x55,0x55,0x55,
                 0xFF,0xFF,0xDD,0xDD,0xFF,0xFF,0x55,0x55,0xFF,0xFF,0x5D,0xDD,0xFF,0xFF,0x55,0x55,
                 0x00,0x00,0x00,0x22,0x00,0x00,0xAA,0xAA,0x00,0x00,0x00,0x00,0x00,0x00,0xAA,0xAA,
                 0x00,0x00,0x22,0x22,0x00,0x00,0xAA,0xAA,0x00,0x00,0xA2,0x22,0x00,0x00,0xAA,0xAA,},
    /* 194 */ {0x55,0x55,0x9D,0x9D,0x55,0x55,0x55,0x55,0x55,0x55,0xAE,0xDD,0xAA,0x55,0x55,0x55,
                 0x55,0x55,0xDD,0x9D,0x55,0x55,0x55,0x55,0x55,0x55,0x5D,0xDD,0x55,0x55,0x55,0x55,
                 0xFF,0xFF,0xDD,0xDD,0xFF,0xFF,0x55,0x55,0xFF,0xFF,0xFB,0xDD,0x55,0xFF,0x55,0x55,
                 0xFF,0xFF,0xDD,0xDD,0xFF,0xFF,0x55,0x55,0xFF,0xFF,0x5D,0xDD,0xFF,0xFF,0x55,0x55,
                 0x00,0x00,0x22,0x22,0x00,0x00,0xAA,0xAA,0x00,0x00,0x00,0x22,0x00,0x00,0xAA,0xAA,
                 0x00,0x00,0x22,0x22,0x00,0x00,0xAA,0xAA,0x00,0x00,0xA2,0x22,0x00,0x00,0xAA,0xAA,},
    /* 195 */ {0x55,0x55,0x9D,0x9D,0x55,0x55,0x55,0x55,0x55,0x55,0xDC,0xAA,0x54,0xEA,0x55,0x55,
                 0x55,0x55,0xDD,0x9D,0x55,0x55,0x55,0x55,0x55,0x55,0x5D,0xDD,0x55,0x55,0x55,0x55,
                 0xFF,0xFF,0xDD,0xDD,0xFF,0xFF,0x55,0x55,0xFF,0xFF,0xDD,0xFF,0xFF,0x55,0x55,0x55,
                 0xFF,0xFF,0xDD,0xDD,0xFF,0xFF,0x55,0x55,0xFF,0xFF,0x5D,0xDD,0xFF,0xFF,0x55,0x55,
                 0x00,0x00,0x22,0x22,0x00,0x00,0xAA,0xAA,0x00,0x00,0x22,0x00,0x00,0x00,0xAA,0xAA,
                 0x00,0x00,0x22,0x22,0x00,0x00,0xAA,0xAA,0x00,0x00,0xA2,0x22,0x00,0x00,0xAA,0xAA,},
    /* 196 */ {0x55,0x48,0x9D,0xAA,0x55,0x5D,0x55,0x6A,0x55,0x6A,0xAE,0xAA,0xAA,0xEA,0x56,0xAA,
                 0x56,0xAA,0xDC,0xCA,0x56,0xAA,0x55,0xDA,0x56,0xAA,0x5C,0xAA,0x56,0xAA,0x55,0xAA,
                 0xFF,0xF7,0xDD,0xFF,0xFF,0xF7,0x55,0x7F,0xFF,0xD5,0xFB,0xFF,0x55,0x55,0x57,0xFF,
                 0xFD,0x55,0xDD,0x9F,0xFD,0x55,0x55,0xDF,0xFD,0x55,0x5D,0xFF,0xFD,0x55,0x55,0xFF,
                 0x00,0x00,0x22,0x00,0x00,0x00,0xAA,0x80,0x00,0x00,0x00,0x00,0x00,0x00,0xA8,0x00,
                 0x00,0x00,0x22,0x20,0x00,0x00,0xAA,0x20,0x00,0x00,0xA2,0x00,0x00,0x00,0xAA,0x00,},
    /* 197 */ {0x8A,0xAA,0xEA,0xEA,0xDA,0xAA,0xAA,0xAA,0xAA,0xAA,0xAE,0xAA,0xAA,0xEA,0xAA,0xAA,
                 0xAA,0xAA,0xEA,0xEA,0xAA,0xAA,0xAA,0xAA,0xAA,0xAA,0xAA,0xAA,0xEA,0xAA,0xAA,0xAA,
                 0x75,0x55,0xBF,0xBF,0x75,0x55,0xFF,0xFF,0x55,0x55,0xFB,0xFF,0x55,0x55,0xFF,0xFF,
                 0x55,0x55,0xBF,0xBF,0x55,0x55,0xFF,0xFF,0x55,0x55,0xFF,0xFF,0x55,0x55,0xFF,0xFF,
                 0x00,0x00,0x00,0x00,0x00,0x00,0x00,0x00,0x00,0x00,0x00,0x00,0x00,0x00,0x00,0x00,
                 0x00,0x00,0x00,0x00,0x00,0x00,0x00,0x00,0x00,0x00,0x00,0x00,0x00,0x00,0x00,0x00,},
    /* 198 */ {0xAA,0xA8,0xEA,0xE8,0xAA,0xA8,0xAA,0xA8,0xAA,0xA8,0xAE,0x24,0xAA,0xEC,0xAA,0xAC,
                 0xAA,0xAC,0xEA,0xEC,0xAA,0xAC,0xAA,0xAC,0xAA,0x8C,0xAA,0x8C,0xEA,0x9C,0xAA,0x94,
                 0x55,0x54,0xBF,0xBE,0x55,0x54,0xFF,0xFE,0x55,0x54,0xFB,0xFA,0x55,0x50,0xFF,0xFA,
                 0x55,0x50,0xBF,0xBA,0x55,0x50,0xFF,0xFA,0x55,0x50,0xFF,0xFA,0x55,0x40,0xFF,0xEA,
                 0x00,0x00,0x00,0x00,0x00,0x00,0x00,0x00,0x00,0x00,0x00,0x00,0x00,0x00,0x00,0x00,
                 0x00,0x00,0x00,0x00,0x00,0x00,0x00,0x00,0x00,0x00,0x00,0x00,0x00,0x00,0x00,0x00,},
    /* 199 */ {0x55,0x55,0x55,0x55,0x49,0xDD,0xCA,0xAA,0x4A,0xAA,0x55,0x55,0x1D,0x9D,0xD5,0x55,
                 0x55,0x55,0x55,0x55,0x1D,0x5D,0x95,0x55,0x55,0x55,0x95,0x55,0x1D,0x9D,0x95,0x55,
                 0x00,0x00,0x2A,0xAA,0x14,0x00,0x3F,0xFF,0x15,0x55,0x2A,0xAA,0x00,0x40,0x2A,0xAA,
                 0x00,0x00,0x2A,0xAA,0x00,0x00,0x2A,0xAA,0x00,0x00,0x2A,0xAA,0x00,0x40,0x2A,0xAA,
                 0x00,0x00,0x00,0x00,0x00,0x00,0x00,0x00,0x00,0x00,0x00,0x00,0x00,0x00,0x00,0x00,
                 0x00,0x00,0x00,0x00,0x00,0x00,0x00,0x00,0x00,0x00,0x00,0x00,0x00,0x00,0x00,0x00,},
    /* 200 */ {0x55,0x55,0x55,0x55,0x5D,0xDD,0xAA,0xD5,0xAA,0xD5,0x55,0x55,0x9D,0x9D,0x55,0x55,
                 0x55,0x55,0x55,0x55,0xDD,0x5D,0x55,0x55,0x55,0x55,0x55,0x55,0x9D,0x9D,0x55,0x55,
                 0x00,0x00,0xAA,0xAA,0x00,0x00,0xFF,0xAA,0x55,0x00,0xAA,0xAA,0x40,0x40,0xAA,0xAA,
                 0x00,0x00,0xAA,0xAA,0x00,0x00,0xAA,0xAA,0x00,0x00,0xAA,0xAA,0x40,0x40,0xAA,0xAA,
                 0x00,0x00,0x00,0x00,0x00,0x00,0x00,0x00,0x00,0x00,0x00,0x00,0x00,0x00,0x00,0x00,
                 0x00,0x00,0x00,0x00,0x00,0x00,0x00,0x00,0x00,0x00,0x00,0x00,0x00,0x00,0x00,0x00,},
    /* 201 */ {0x55,0x44,0x55,0x55,0x5D,0xDD,0x55,0x55,0x55,0x55,0x55,0x55,0x9D,0x9D,0x55,0x55,
                 0x55,0x55,0x55,0x55,0xDD,0x5D,0x55,0x55,0x55,0x55,0x55,0x55,0x9D,0x9D,0x55,0x55,
                 0x00,0x00,0xAA,0xAA,0x00,0x00,0xAA,0xAA,0x00,0x00,0xAA,0xAA,0x40,0x40,0xAA,0xAA,
                 0x00,0x00,0xAA,0xAA,0x00,0x00,0xAA,0xAA,0x00,0x00,0xAA,0xAA,0x40,0x40,0xAA,0xAA,
                 0x00,0x00,0x00,0x00,0x00,0x00,0x00,0x00,0x00,0x00,0x00,0x00,0x00,0x00,0x00,0x00,
                 0x00,0x00,0x00,0x00,0x00,0x00,0x00,0x00,0x00,0x00,0x00,0x00,0x00,0x00,0x00,0x00,},
    /* 202 */ {0x40,0x00,0x42,0x22,0x00,0x00,0x55,0x55,0x55,0x55,0x54,0x44,0x9C,0x8C,0x52,0xAA,
                 0x54,0x44,0x54,0x44,0xDD,0x5D,0x55,0x55,0x55,0x55,0x55,0x55,0x9D,0x9D,0x55,0x55,
                 0x00,0x00,0xA0,0x00,0x00,0x00,0xAA,0xAA,0x00,0x00,0xAA,0xAA,0x40,0x40,0xA8,0x00,
                 0x00,0x00,0xAA,0xAA,0x00,0x00,0xAA,0xAA,0x00,0x00,0xAA,0xAA,0x40,0x40,0xAA,0xAA,
                 0x00,0x00,0x00,0x00,0x00,0x00,0x00,0x00,0x00,0x00,0x00,0x00,0x00,0x00,0x00,0x00,
                 0x00,0x00,0x00,0x00,0x00,0x00,0x00,0x00,0x00,0x00,0x00,0x00,0x00,0x00,0x00,0x00,},
    /* 203 */ {0x00,0x00,0x22,0x22,0x00,0x00,0x4A,0xAA,0x54,0x44,0x42,0x22,0x80,0x00,0xAA,0xAA,
                 0x40,0x05,0x42,0x25,0xD0,0x05,0x5A,0xA9,0x55,0x55,0x55,0x55,0x9D,0x9D,0x59,0x55,
                 0x00,0x00,0x00,0x00,0x00,0x00,0xA0,0x00,0x00,0x00,0xA8,0x00,0x40,0x00,0x00,0x00,
                 0x00,0x00,0xA0,0x02,0x00,0x00,0xA0,0x02,0x00,0x00,0xAA,0xAA,0x40,0x40,0xA2,0xAA,
                 0x00,0x00,0x00,0x00,0x00,0x00,0x00,0x00,0x00,0x00,0x00,0x00,0x00,0x00,0x00,0x00,
                 0x00,0x00,0x00,0x00,0x00,0x00,0x00,0x00,0x00,0x00,0x00,0x00,0x00,0x00,0x00,0x00,},
    /* 204 */ {0x00,0x55,0x22,0x55,0x01,0x5D,0xA9,0x55,0x45,0x55,0x22,0x55,0x00,0x9D,0xAB,0x55,
                 0x55,0x55,0x55,0x55,0xDD,0x5D,0x99,0x55,0x55,0x55,0x55,0x55,0x9D,0x9D,0x55,0x55,
                 0x00,0x00,0x00,0x2A,0x00,0x00,0x02,0xAA,0x00,0x00,0x00,0xAA,0x00,0x40,0x00,0xAA,
                 0x00,0x00,0xAA,0xAA,0x00,0x00,0x22,0xAA,0x00,0x00,0xAA,0xAA,0x40,0x40,0xAA,0xAA,
                 0x00,0x00,0x00,0x00,0x00,0x00,0x00,0x00,0x00,0x00,0x00,0x00,0x00,0x00,0x00,0x00,
                 0x00,0x00,0x00,0x00,0x00,0x00,0x00,0x00,0x00,0x00,0x00,0x00,0x00,0x00,0x00,0x00,},
    /* 205 */ {0x55,0x55,0x55,0x55,0x5D,0xDD,0x55,0x2A,0x55,0x2A,0x55,0x55,0x9D,0x9D,0x55,0x55,
                 0x55,0x55,0x55,0x55,0xDD,0x5D,0x55,0x55,0x55,0x55,0x55,0x55,0x9D,0x9D,0x55,0x55,
                 0x00,0x00,0xAA,0xAA,0x00,0x00,0xAA,0xFF,0x00,0x55,0xAA,0xAA,0x40,0x40,0xAA,0xAA,
                 0x00,0x00,0xAA,0xAA,0x00,0x00,0xAA,0xAA,0x00,0x00,0xAA,0xAA,0x40,0x40,0xAA,0xAA,
                 0x00,0x00,0x00,0x00,0x00,0x00,0x00,0x00,0x00,0x00,0x00,0x00,0x00,0x00,0x00,0x00,
                 0x00,0x00,0x00,0x00,0x00,0x00,0x00,0x00,0x00,0x00,0x00,0x00,0x00,0x00,0x00,0x00,},
    /* 206 */ {0x5B,0xBA,0x5B,0xFA,0xFB,0xBA,0xAA,0xAA,0xAA,0xAA,0x5F,0xBA,0x9D,0xFB,0x55,0x55,
                 0x55,0x55,0x55,0x55,0xDD,0x5D,0x55,0x55,0x55,0x55,0x55,0x55,0x9D,0x9D,0x55,0x55,
                 0x04,0x45,0xAE,0xAF,0x04,0x45,0xFF,0xFF,0x55,0x55,0xAA,0xEF,0x40,0x44,0xAA,0xAA,
                 0x00,0x00,0xAA,0xAA,0x00,0x00,0xAA,0xAA,0x00,0x00,0xAA,0xAA,0x40,0x40,0xAA,0xAA,
                 0x00,0x00,0x00,0x00,0x00,0x00,0x00,0x00,0x00,0x00,0x00,0x00,0x00,0x00,0x00,0x00,
                 0x00,0x00,0x00,0x00,0x00,0x00,0x00,0x00,0x00,0x00,0x00,0x00,0x00,0x00,0x00,0x00,},
    /* 207 */ {0xAA,0xAA,0xEA,0xEA,0xAA,0xAA,0xAA,0xAA,0xAA,0xAA,0xAE,0xAA,0xBA,0xEA,0xBA,0xAA,
                 0xBA,0xAA,0xFB,0xEA,0xBB,0xAA,0x5B,0xAA,0x5B,0xAA,0x5B,0xAA,0x9B,0xAA,0x5B,0xAA,
                 0x55,0x55,0xBF,0xBF,0x55,0x55,0xFF,0xFF,0x55,0x55,0xFB,0xFF,0x45,0x55,0xEF,0xFF,
                 0x45,0x55,0xAE,0xBF,0x44,0x55,0xAE,0xFF,0x04,0x55,0xAE,0xFF,0x44,0x55,0xAE,0xFF,
                 0x00,0x00,0x00,0x00,0x00,0x00,0x00,0x00,0x00,0x00,0x00,0x00,0x00,0x00,0x00,0x00,
                 0x00,0x00,0x00,0x00,0x00,0x00,0x00,0x00,0x00,0x00,0x00,0x00,0x00,0x00,0x00,0x00,},
    /* 208 */ {0xAA,0xAB,0xEA,0xC9,0xAA,0xDD,0xAD,0x55,0xAD,0x55,0xAE,0x8D,0xAA,0xE9,0xAA,0xAB,
                 0xAA,0xAD,0xEA,0xEB,0xAA,0xA9,0xAA,0xAB,0xAA,0xAD,0xAA,0xAA,0xEA,0xA8,0xAA,0xAA,
                 0x55,0x55,0xBF,0x9D,0x55,0x77,0xFD,0x55,0x57,0xFF,0xFB,0xDD,0x55,0x57,0xFF,0xFF,
                 0x55,0x57,0xBF,0xBF,0x55,0x57,0xFF,0xFF,0x55,0x57,0xFF,0xFF,0x55,0x57,0xFF,0xFF,
                 0x00,0x00,0x00,0x22,0x00,0x00,0x02,0xAA,0x00,0x00,0x00,0x22,0x00,0x00,0x00,0x00,
                 0x00,0x00,0x00,0x00,0x00,0x00,0x00,0x00,0x00,0x00,0x00,0x00,0x00,0x00,0x00,0x00,},
    /* 209 */ {0x55,0x55,0x9D,0x9D,0x55,0x55,0x55,0x55,0x55,0x55,0xDD,0xDD,0x55,0x55,0x55,0x55,
                 0x55,0x55,0xDD,0x9D,0x55,0x55,0x55,0x55,0x55,0x55,0xBD,0xDD,0xD5,0x55,0xB5,0x55,
                 0xFF,0xFF,0xDD,0xDD,0xFF,0xFF,0x55,0x55,0xFF,0xFF,0xDD,0xDD,0xFF,0xFF,0x55,0x55,
                 0xFF,0xFF,0xDD,0xDD,0xFF,0xFF,0x55,0x55,0xFF,0xFF,0xFD,0xDD,0x7F,0xFF,0xF5,0x55,
                 0x00,0x00,0x22,0x22,0x00,0x00,0xAA,0xAA,0x00,0x00,0x22,0x22,0x00,0x00,0xAA,0xAA,
                 0x00,0x00,0x22,0x22,0x00,0x00,0xAA,0xAA,0x00,0x00,0x02,0x22,0x00,0x00,0x0A,0xAA,},
    /* 210 */ {0x55,0x55,0x9D,0x9D,0x55,0x55,0x55,0x55,0x55,0x55,0xDD,0xDD,0x55,0x54,0x55,0x56,
                 0x55,0x55,0xDD,0xAA,0x55,0x4A,0x55,0x6A,0x55,0x5A,0x5E,0xAA,0x54,0xAA,0x56,0xAA,
                 0xFF,0xFF,0xDD,0xDD,0xFF,0xFF,0x55,0x55,0xFF,0xFF,0xDD,0xDD,0xFF,0xFF,0x55,0x57,
                 0xFF,0xFF,0xDD,0xFF,0xFF,0xF5,0x55,0x7F,0xFF,0xF5,0x5F,0xFF,0xFF,0x55,0x57,0xFF,
                 0x00,0x00,0x22,0x22,0x00,0x00,0xAA,0xAA,0x00,0x00,0x22,0x22,0x00,0x00,0xAA,0xA8,
                 0x00,0x00,0x22,0x00,0x00,0x00,0xAA,0x80,0x00,0x00,0xA0,0x00,0x00,0x00,0xA8,0x00,},
    /* 211 */ {0x6A,0xAA,0x8A,0xEA,0x5A,0xAA,0x52,0x2A,0x52,0x2A,0x8E,0xAA,0xAA,0xEA,0xAA,0xAA,
                 0xAA,0xAA,0xEA,0xEA,0xAA,0xAA,0xAA,0xAA,0xAA,0xAA,0xAA,0xAA,0xEA,0xAA,0xAA,0xAA,
                 0xD5,0x55,0xDF,0xBF,0xF5,0x55,0x57,0x7F,0xFD,0xD5,0xDB,0xFF,0x55,0x55,0xFF,0xFF,
                 0x55,0x55,0xBF,0xBF,0x55,0x55,0xFF,0xFF,0x55,0x55,0xFF,0xFF,0x55,0x55,0xFF,0xFF,
                 0x00,0x00,0x20,0x00,0x00,0x00,0xA8,0x80,0x00,0x00,0x20,0x00,0x00,0x00,0x00,0x00,
                 0x00,0x00,0x00,0x00,0x00,0x00,0x00,0x00,0x00,0x00,0x00,0x00,0x00,0x00,0x00,0x00,},
    /* 212 */ {0xAA,0xAA,0xEA,0xEA,0xAA,0xAA,0xAA,0xAA,0xAA,0xAA,0xAE,0xAA,0xA8,0xC8,0xA8,0x95,
                 0xA8,0x95,0xC8,0xD5,0x88,0x9D,0x88,0x95,0x88,0x95,0x88,0x95,0xE8,0x9D,0xA8,0x95,
                 0x55,0x55,0xBF,0xBF,0x55,0x55,0xFF,0xFF,0x55,0x55,0xFB,0xFF,0x55,0x55,0xFF,0xEA,
                 0x55,0x40,0xBF,0xAA,0x55,0x40,0xFF,0xEA,0x55,0x40,0xFF,0xEA,0x55,0x40,0xFF,0xEA,
                 0x00,0x00,0x00,0x00,0x00,0x00,0x00,0x00,0x00,0x00,0x00,0x00,0x00,0x00,0x00,0x00,
                 0x00,0x00,0x00,0x00,0x00,0x00,0x00,0x00,0x00,0x00,0x00,0x00,0x00,0x00,0x00,0x00,},
    /* 213 */ {0xA8,0x94,0xE8,0xD4,0xA8,0x8C,0xAA,0xAC,0xAA,0xAC,0xAC,0x06,0x89,0x9C,0x55,0x56,
                 0x55,0x54,0x55,0x56,0xDD,0x5C,0x55,0x56,0x55,0x54,0x55,0x56,0x9D,0x9C,0x55,0x56,
                 0x55,0x40,0xBF,0xAA,0x55,0x50,0xFF,0xFA,0x55,0x50,0xFB,0xF8,0x54,0x40,0xAA,0xA8,
                 0x00,0x00,0xAA,0xA8,0x00,0x00,0xAA,0xA8,0x00,0x00,0xAA,0xA8,0x40,0x40,0xAA,0xA8,
                 0x00,0x00,0x00,0x00,0x00,0x00,0x00,0x00,0x00,0x00,0x00,0x00,0x00,0x00,0x00,0x00,
                 0x00,0x00,0x00,0x00,0x00,0x00,0x00,0x00,0x00,0x00,0x00,0x00,0x00,0x00,0x00,0x00,},
    /* 214 */ {0x55,0x55,0x15,0x55,0x1D,0xDD,0x95,0x55,0x15,0x55,0x55,0x55,0x1D,0x9D,0x95,0x55,
                 0x15,0x55,0x55,0x55,0x1D,0x5D,0x95,0x55,0x55,0x55,0xC5,0x55,0x0D,0x9D,0xC5,0x55,
                 0x00,0x00,0x2A,0xAA,0x00,0x00,0x2A,0xAA,0x00,0x00,0x2A,0xAA,0x00,0x40,0x2A,0xAA,
                 0x00,0x00,0x2A,0xAA,0x00,0x00,0x2A,0xAA,0x00,0x00,0x3A,0xAA,0x50,0x40,0x3A,0xAA,
                 0x00,0x00,0x00,0x00,0x00,0x00,0x00,0x00,0x00,0x00,0x00,0x00,0x00,0x00,0x00,0x00,
                 0x00,0x00,0x00,0x00,0x00,0x00,0x00,0x00,0x00,0x00,0x00,0x00,0x00,0x00,0x00,0x00,},
    /* 215 */ {0x55,0x55,0x55,0x55,0x5D,0xDD,0x55,0x55,0x55,0x55,0x55,0x55,0x9D,0x9D,0x55,0x55,
                 0x55,0x55,0x55,0x55,0xDD,0x5D,0x55,0x55,0x55,0x55,0x55,0x44,0x9D,0x8C,0x55,0x54,
                 0x00,0x00,0xAA,0xAA,0x00,0x00,0xAA,0xAA,0x00,0x00,0xAA,0xAA,0x40,0x40,0xAA,0xAA,
                 0x00,0x00,0xAA,0xAA,0x00,0x00,0xAA,0xAA,0x00,0x00,0xAA,0xBB,0x40,0x51,0xAA,0xAB,
                 0x00,0x00,0x00,0x00,0x00,0x00,0x00,0x00,0x00,0x00,0x00,0x00,0x00,0x00,0x00,0x00,
                 0x00,0x00,0x00,0x00,0x00,0x00,0x00,0x00,0x00,0x00,0x00,0x00,0x00,0x00,0x00,0x00,},
    /* 216 */ {0x55,0x55,0x55,0x55,0x5D,0xDD,0x55,0x55,0x55,0x55,0x55,0x55,0x9D,0x9D,0x55,0x55,
                 0x55,0x55,0x55,0x55,0xDD,0x5D,0x55,0x55,0x55,0x55,0xA4,0x44,0xEC,0x8C,0xA5,0x55,
                 0x00,0x00,0xAA,0xAA,0x00,0x00,0xAA,0xAA,0x00,0x00,0xAA,0xAA,0x40,0x40,0xAA,0xAA,
                 0x00,0x00,0xAA,0xAA,0x00,0x00,0xAA,0xAA,0x00,0x00,0xFB,0xBB,0x51,0x51,0xFA,0xAA,
                 0x00,0x00,0x00,0x00,0x00,0x00,0x00,0x00,0x00,0x00,0x00,0x00,0x00,0x00,0x00,0x00,
                 0x00,0x00,0x00,0x00,0x00,0x00,0x00,0x00,0x00,0x00,0x00,0x00,0x00,0x00,0x00,0x00,},
    /* 217 */ {0x55,0x55,0x55,0x55,0x5D,0xDD,0x55,0x55,0x55,0x55,0x55,0x55,0x9D,0x9D,0x55,0x55,
                 0x55,0x55,0x55,0x55,0xDD,0x5D,0x55,0x55,0x51,0x11,0x56,0x22,0x9C,0x00,0x51,0xAA,
                 0x00,0x00,0xAA,0xAA,0x00,0x00,0xAA,0xAA,0x00,0x00,0xAA,0xAA,0x40,0x40,0xAA,0xAA,
                 0x00,0x00,0xAA,0xAA,0x00,0x00,0xAA,0xAA,0x00,0x00,0xA8,0x00,0x40,0x00,0xAA,0x00,
                 0x00,0x00,0x00,0x00,0x00,0x00,0x00,0x00,0x00,0x00,0x00,0x00,0x00,0x00,0x00,0x00,
                 0x00,0x00,0x00,0x00,0x00,0x00,0x00,0x00,0x00,0x00,0x00,0x00,0x00,0x00,0x00,0x00,},
    /* 218 */ {0x55,0x55,0x55,0x55,0x5D,0xDD,0x55,0x55,0x55,0x55,0x55,0x55,0x9D,0x9D,0x55,0x55,
                 0x55,0x55,0x55,0x55,0xCC,0x4D,0x55,0x55,0x00,0x01,0xA2,0x22,0x00,0x00,0xAA,0xAA,
                 0x00,0x00,0xAA,0xAA,0x00,0x00,0xAA,0xAA,0x00,0x00,0xAA,0xAA,0x40,0x40,0xAA,0xAA,
                 0x00,0x00,0xAA,0xAA,0x00,0x00,0xAA,0xAA,0x00,0x00,0x00,0x00,0x00,0x00,0x00,0x00,
                 0x00,0x00,0x00,0x00,0x00,0x00,0x00,0x00,0x00,0x00,0x00,0x00,0x00,0x00,0x00,0x00,
                 0x00,0x00,0x00,0x00,0x00,0x00,0x00,0x00,0x00,0x00,0x00,0x00,0x00,0x00,0x00,0x00,},
    /* 219 */ {0x55,0x55,0x55,0x55,0x5D,0xDD,0x55,0x55,0x55,0x55,0x55,0x55,0x9D,0x9D,0x55,0x55,
                 0x55,0x55,0x55,0x55,0xDD,0x5D,0x5D,0x55,0x01,0x55,0xA1,0x55,0x01,0x9D,0xA9,0x99,
                 0x00,0x00,0xAA,0xAA,0x00,0x00,0xAA,0xAA,0x00,0x00,0xAA,0xAA,0x40,0x40,0xAA,0xAA,
                 0x00,0x00,0xAA,0xAA,0x00,0x00,0xA2,0xAA,0x00,0x00,0x02,0xAA,0x00,0x40,0x02,0x22,
                 0x00,0x00,0x00,0x00,0x00,0x00,0x00,0x00,0x00,0x00,0x00,0x00,0x00,0x00,0x00,0x00,
                 0x00,0x00,0x00,0x00,0x00,0x00,0x00,0x00,0x00,0x00,0x00,0x00,0x00,0x00,0x00,0x00,},
    /* 220 */ {0x55,0x55,0x55,0x55,0x5D,0xDD,0x55,0x55,0x55,0x55,0x55,0x55,0x9D,0x9D,0x55,0x55,
                 0x55,0x55,0x55,0x55,0xDD,0x5D,0x55,0x55,0x55,0x55,0x55,0x76,0x9D,0x9E,0x55,0x56,
                 0x00,0x00,0xAA,0xAA,0x00,0x00,0xAA,0xAA,0x00,0x00,0xAA,0xAA,0x40,0x40,0xAA,0xAA,
                 0x00,0x00,0xAA,0xAA,0x00,0x00,0xAA,0xAA,0x00,0x00,0xAA,0xAB,0x40,0x41,0xAA,0xAB,
                 0x00,0x00,0x00,0x00,0x00,0x00,0x00,0x00,0x00,0x00,0x00,0x00,0x00,0x00,0x00,0x00,
                 0x00,0x00,0x00,0x00,0x00,0x00,0x00,0x00,0x00,0x00,0x00,0x00,0x00,0x00,0x00,0x00,},
    /* 221 */ {0x55,0x55,0x55,0x55,0x5D,0xDD,0x55,0x55,0x55,0x55,0x55,0x55,0x9D,0x9D,0x55,0x55,
                 0x55,0x55,0x55,0x55,0xDD,0x5D,0x55,0x55,0xFF,0xD5,0xAA,0xAB,0xEA,0xAB,0xAA,0xAB,
                 0x00,0x00,0xAA,0xAA,0x00,0x00,0xAA,0xAA,0x00,0x00,0xAA,0xAA,0x40,0x40,0xAA,0xAA,
                 0x00,0x00,0xAA,0xAA,0x00,0x00,0xAA,0xAA,0x00,0x00,0xFF,0xFE,0x55,0x54,0xFF,0xFE,
                 0x00,0x00,0x00,0x00,0x00,0x00,0x00,0x00,0x00,0x00,0x00,0x00,0x00,0x00,0x00,0x00,
                 0x00,0x00,0x00,0x00,0x00,0x00,0x00,0x00,0x00,0x00,0x00,0x00,0x00,0x00,0x00,0x00,},
    /* 222 */ {0x55,0x55,0x55,0x55,0x5D,0xDD,0x55,0x55,0x55,0x55,0x55,0x55,0x9D,0x9D,0x55,0x55,
                 0x55,0x55,0x55,0x55,0xDD,0x5D,0x55,0x55,0x55,0x55,0x75,0x56,0xBD,0x9E,0x55,0x56,
                 0x00,0x00,0xAA,0xAA,0x00,0x00,0xAA,0xAA,0x00,0x00,0xAA,0xAA,0x40,0x40,0xAA,0xAA,
                 0x00,0x00,0xAA,0xAA,0x00,0x00,0xAA,0xAA,0x00,0x00,0xAA,0xAB,0x40,0x41,0xAA,0xAB,
                 0x00,0x00,0x00,0x00,0x00,0x00,0x00,0x00,0x00,0x00,0x00,0x00,0x00,0x00,0x00,0x00,
                 0x00,0x00,0x00,0x00,0x00,0x00,0x00,0x00,0x00,0x00,0x00,0x00,0x00,0x00,0x00,0x00,},
    /* 223 */ {0x5B,0xAA,0x51,0x7B,0x59,0xBB,0x5B,0xAA,0x5B,0xAA,0x5F,0xAA,0x9B,0xEA,0x5B,0xAA,
                 0x5B,0xAA,0x5B,0xEA,0xDB,0xAA,0x5A,0xAA,0x5A,0xAA,0xAA,0xA9,0xEA,0xA9,0xAA,0xAA,
                 0x04,0x55,0xAE,0xAE,0x04,0x44,0xAE,0xFF,0x04,0x55,0xAA,0xFF,0x44,0x55,0xAE,0xFF,
                 0x04,0x55,0xAE,0xBF,0x04,0x55,0xAF,0xFF,0x05,0x55,0xFF,0xFD,0x55,0x57,0xFF,0xFF,
                 0x00,0x00,0x00,0x00,0x00,0x00,0x00,0x00,0x00,0x00,0x00,0x00,0x00,0x00,0x00,0x00,
                 0x00,0x00,0x00,0x00,0x00,0x00,0x00,0x00,0x00,0x00,0x00,0x02,0x00,0x00,0x00,0x00,},
    /* 224 */ {0xAA,0xAA,0xEA,0xEA,0xAA,0xAA,0xAA,0xAA,0xAA,0xAA,0xAE,0xAA,0xAA,0xEA,0xAA,0xAA,
                 0xAA,0xAA,0xEA,0xEA,0xAA,0xAA,0xAA,0xAA,0xAA,0xAA,0x5D,0xDD,0x55,0x55,0xAA,0xAB,
                 0x55,0x55,0xBF,0xBF,0x55,0x55,0xFF,0xFF,0x55,0x55,0xFB,0xFF,0x55,0x55,0xFF,0xFF,
                 0x55,0x55,0xBF,0xBF,0x55,0x55,0xFF,0xFF,0x55,0x55,0x5D,0xDD,0xFF,0xFF,0xFF,0xFF,
                 0x00,0x00,0x00,0x00,0x00,0x00,0x00,0x00,0x00,0x00,0x00,0x00,0x00,0x00,0x00,0x00,
                 0x00,0x00,0x00,0x00,0x00,0x00,0x00,0x00,0x00,0x00,0xA2,0x22,0x00,0x00,0x00,0x00,},
    /* 225 */ {0xB5,0x55,0xEA,0xDD,0xAA,0x95,0xB5,0x55,0xB5,0x55,0xDD,0xDD,0xAB,0x55,0x89,0x55,
                 0xAB,0x55,0xDD,0x9D,0xAB,0x55,0x89,0x55,0x9D,0x55,0x5D,0xDD,0x55,0x55,0x77,0x55,
                 0x5F,0xFF,0xBF,0x9D,0x55,0x7F,0xF5,0x55,0x5F,0xFF,0xDD,0xDD,0x55,0xFF,0xDD,0x55,
                 0x55,0xFF,0xDD,0xDD,0x55,0xFF,0xDD,0x55,0x77,0xFF,0x5D,0xDD,0xFF,0xFF,0x77,0x55,
                 0x00,0x00,0x00,0x22,0x00,0x00,0x0A,0xAA,0x00,0x00,0x22,0x22,0x00,0x00,0x22,0xAA,
                 0x00,0x00,0x22,0x22,0x00,0x00,0x22,0xAA,0x00,0x00,0xA2,0x22,0x00,0x00,0x88,0xAA,},
    /* 226 */ {0x55,0x55,0x9D,0x9D,0x55,0x11,0x55,0x55,0x55,0x55,0xDD,0xDD,0x55,0x56,0x55,0x56,
                 0x55,0x5A,0xDD,0x9A,0x6A,0xAA,0x48,0x8A,0x5D,0xD8,0x5D,0xDD,0x55,0x55,0x77,0x6A,
                 0xFF,0xFF,0xDD,0xDD,0xFF,0xFF,0x55,0x55,0xFF,0xFF,0xDD,0xDD,0xFF,0xFD,0x55,0x57,
                 0xFF,0xF5,0xDD,0xDF,0xD5,0x55,0x5D,0xDF,0xF7,0x77,0x5D,0xDD,0xFF,0xFF,0x77,0x7F,
                 0x00,0x00,0x22,0x22,0x00,0x00,0xAA,0xAA,0x00,0x00,0x22,0x22,0x00,0x00,0xAA,0xA8,
                 0x00,0x00,0x22,0x20,0x00,0x00,0xA2,0x20,0x00,0x00,0xA2,0x22,0x00,0x00,0x88,0x80,},
    /* 227 */ {0x56,0xAA,0xEA,0xEA,0x2A,0xAA,0x6A,0xAA,0x6A,0xAA,0xDE,0xAA,0xAA,0xEA,0xAA,0xAA,
                 0xAA,0xAA,0xEA,0xEA,0xAA,0xAA,0xAA,0xAA,0xAA,0xAA,0x5D,0xDA,0x55,0x5A,0xAA,0xAA,
                 0xFD,0x55,0xBF,0xBF,0xD5,0x55,0x7F,0xFF,0xD5,0x55,0xDB,0xFF,0x55,0x55,0xFF,0xFF,
                 0x55,0x55,0xBF,0xBF,0x55,0x55,0xFF,0xFF,0x55,0x55,0x5D,0xDF,0xFF,0xF5,0xFF,0xFF,
                 0x00,0x00,0x00,0x00,0x00,0x00,0x80,0x00,0x00,0x00,0x20,0x00,0x00,0x00,0x00,0x00,
                 0x00,0x00,0x00,0x00,0x00,0x00,0x00,0x00,0x00,0x00,0xA2,0x20,0x00,0x00,0x00,0x00,},
    /* 228 */ {0xAA,0xAA,0xEA,0xE8,0xAA,0xA8,0xAA,0xAA,0xAA,0xAA,0xAE,0xAA,0xAA,0xE8,0xAA,0xA8,
                 0xAA,0xA8,0xEA,0xE8,0xA8,0x88,0xAA,0xAA,0xAA,0xAA,0xAA,0xAA,0xEA,0xAA,0xAA,0xAA,
                 0x55,0x55,0xBF,0xBF,0x55,0x55,0xFF,0xFF,0x55,0x55,0xFB,0xFF,0x55,0x55,0xFF,0xFF,
                 0x55,0x55,0xBF,0xBF,0x55,0x55,0xFF,0xFF,0x55,0x55,0xFF,0xFF,0x55,0x55,0xFF,0xFF,
                 0x00,0x00,0x00,0x00,0x00,0x00,0x00,0x00,0x00,0x00,0x00,0x00,0x00,0x00,0x00,0x00,
                 0x00,0x00,0x00,0x00,0x00,0x00,0x00,0x00,0x00,0x00,0x00,0x00,0x00,0x00,0x00,0x00,},
    /* 229 */ {0xA8,0x95,0xCD,0xD5,0x8D,0xDD,0xA8,0x95,0xA8,0x95,0xAC,0x95,0x88,0xDD,0x88,0x95,
                 0x88,0x95,0xC8,0xD5,0x88,0x9D,0xAA,0x81,0xAA,0xA8,0xAA,0xAA,0xEA,0xAA,0xAA,0xAA,
                 0x55,0x40,0xBA,0xAA,0x50,0x00,0xFF,0xEA,0x55,0x40,0xFB,0xEA,0x55,0x40,0xFF,0xEA,
                 0x55,0x40,0xBF,0xAA,0x55,0x40,0xFF,0xFE,0x55,0x55,0xFF,0xFF,0x55,0x55,0xFF,0xFF,
                 0x00,0x00,0x00,0x00,0x00,0x00,0x00,0x00,0x00,0x00,0x00,0x00,0x00,0x00,0x00,0x00,
                 0x00,0x00,0x00,0x00,0x00,0x00,0x00,0x00,0x00,0x00,0x00,0x00,0x00,0x00,0x00,0x00,},
    /* 230 */ {0x55,0x54,0x55,0x56,0x5D,0xDC,0x55,0x56,0x55,0x54,0x55,0x56,0x9D,0x9C,0x55,0x56,
                 0x55,0x54,0x55,0x54,0xDD,0x5C,0x55,0x54,0x00,0x04,0xAA,0xAC,0xEA,0xAC,0xAA,0xAC,
                 0x00,0x00,0xAA,0xA8,0x00,0x00,0xAA,0xA8,0x00,0x00,0xAA,0xA8,0x40,0x40,0xAA,0xA8,
                 0x00,0x00,0xAA,0xAA,0x00,0x00,0xAA,0xAA,0x55,0x50,0xFF,0xFA,0x55,0x50,0xFF,0xFA,
                 0x00,0x00,0x00,0x00,0x00,0x00,0x00,0x00,0x00,0x00,0x00,0x00,0x00,0x00,0x00,0x00,
                 0x00,0x00,0x00,0x00,0x00,0x00,0x00,0x00,0x00,0x00,0x00,0x00,0x00,0x00,0x00,0x00,},
    /* 231 */ {0x4A,0xD5,0x4A,0xD5,0x5D,0xDD,0xD5,0x55,0x55,0x55,0x45,0x55,0x2A,0xEC,0xEA,0xA4,
                 0x62,0x25,0x62,0x65,0x7F,0x7D,0xE3,0x75,0x6A,0x25,0xEA,0xAA,0x2A,0xAA,0x88,0x88,
                 0x15,0x00,0x3F,0xAA,0x00,0x00,0x2A,0xAA,0x00,0x00,0x3A,0xAA,0x55,0x51,0x3F,0xFB,
                 0x15,0x50,0x3F,0xBA,0x00,0x00,0x3E,0xAA,0x15,0x50,0x3F,0xFF,0x55,0x55,0x5D,0xDD,
                 0x00,0x00,0x00,0x00,0x00,0x00,0x00,0x00,0x00,0x00,0x00,0x00,0x00,0x00,0x00,0x00,
                 0x00,0x00,0x00,0x00,0x00,0x00,0x00,0x00,0x00,0x00,0x00,0x00,0x00,0x00,0x22,0x22,},
    /* 232 */ {0x56,0xAA,0x56,0xEA,0x5D,0xDD,0x55,0x55,0x55,0x55,0x55,0x55,0x8C,0x8A,0x44,0x4A,
                 0x55,0x55,0x55,0x55,0xDD,0x5D,0x55,0x55,0x55,0x55,0xAA,0xAA,0xEA,0xAA,0x88,0x88,
                 0x01,0x55,0xAB,0xBF,0x00,0x00,0xAA,0xAA,0x00,0x00,0xAA,0xAA,0x51,0x55,0xBB,0xBF,
                 0x00,0x00,0xAA,0xAA,0x00,0x00,0xAA,0xAA,0x00,0x00,0xFF,0xFF,0x55,0x55,0xDD,0xDD,
                 0x00,0x00,0x00,0x00,0x00,0x00,0x00,0x00,0x00,0x00,0x00,0x00,0x00,0x00,0x00,0x00,
                 0x00,0x00,0x00,0x00,0x00,0x00,0x00,0x00,0x00,0x00,0x00,0x00,0x00,0x00,0x22,0x22,},
    /* 233 */ {0xAA,0xAA,0xEA,0xEA,0x5D,0xDD,0x55,0x55,0x55,0x55,0x55,0x55,0xAA,0x8C,0xAA,0x45,
                 0x55,0x55,0x55,0x55,0xDD,0x5D,0x55,0x55,0x55,0x55,0xAA,0x55,0xEA,0xAD,0x88,0xA9,
                 0x55,0x55,0xBF,0xBF,0x00,0x00,0xAA,0xAA,0x00,0x00,0xAA,0xAA,0x55,0x51,0xFF,0xBA,
                 0x00,0x00,0xAA,0xAA,0x00,0x00,0xAA,0xAA,0x00,0x00,0xFF,0xAA,0x55,0x50,0xDD,0xFE,
                 0x00,0x00,0x00,0x00,0x00,0x00,0x00,0x00,0x00,0x00,0x00,0x00,0x00,0x00,0x00,0x00,
                 0x00,0x00,0x00,0x00,0x00,0x00,0x00,0x00,0x00,0x00,0x00,0x00,0x00,0x00,0x22,0x00,},
    /* 234 */ {0xD5,0x55,0xD5,0x55,0x5D,0xDD,0x55,0x55,0x55,0x55,0x55,0x55,0x9D,0x9D,0x55,0x55,
                 0x55,0x55,0x55,0x55,0xDD,0x5D,0x55,0x55,0x55,0x55,0x55,0x51,0x9D,0x9C,0x55,0x56,
                 0x00,0x00,0xAA,0xAA,0x00,0x00,0xAA,0xAA,0x00,0x00,0xAA,0xAA,0x40,0x40,0xAA,0xAA,
                 0x00,0x00,0xAA,0xAA,0x00,0x00,0xAA,0xAA,0x00,0x00,0xAA,0xAA,0x40,0x40,0xAA,0xA8,
                 0x00,0x00,0x00,0x00,0x00,0x00,0x00,0x00,0x00,0x00,0x00,0x00,0x00,0x00,0x00,0x00,
                 0x00,0x00,0x00,0x00,0x00,0x00,0x00,0x00,0x00,0x00,0x00,0x00,0x00,0x00,0x00,0x00,},
    /* 235 */ {0x55,0x55,0x55,0x55,0x4C,0xCC,0x4E,0xEE,0x54,0x40,0x22,0x22,0x80,0x00,0x6A,0xAA,
                 0x00,0x00,0x56,0x22,0xC4,0x00,0x6E,0xAA,0x40,0x00,0xA2,0x22,0x00,0x00,0xEA,0xAA,
                 0x00,0x00,0xAA,0xAA,0x00,0x00,0xA0,0x00,0x00,0x00,0x80,0x00,0x40,0x00,0x80,0x00,
                 0x00,0x00,0xA8,0x00,0x00,0x00,0x80,0x00,0x00,0x00,0x00,0x00,0x00,0x00,0x00,0x00,
                 0x00,0x00,0x00,0x00,0x00,0x00,0x00,0x00,0x00,0x00,0x00,0x00,0x00,0x00,0x00,0x00,
                 0x00,0x00,0x00,0x00,0x00,0x00,0x00,0x00,0x00,0x00,0x00,0x00,0x00,0x00,0x00,0x00,},
    /* 236 */ {0x54,0x55,0x50,0x15,0x40,0x0C,0xEA,0xAE,0x00,0x00,0x22,0x22,0x00,0x00,0xAA,0xAA,
                 0x00,0x00,0x22,0x22,0x00,0x00,0xAA,0xAA,0x00,0x00,0xA2,0x22,0x00,0x00,0xAA,0xAA,
                 0x00,0x00,0xAA,0xAA,0x00,0x00,0x00,0x00,0x00,0x00,0x00,0x00,0x00,0x00,0x00,0x00,
                 0x00,0x00,0x00,0x00,0x00,0x00,0x00,0x00,0x00,0x00,0x00,0x00,0x00,0x00,0x00,0x00,
                 0x00,0x00,0x00,0x00,0x00,0x00,0x00,0x00,0x00,0x00,0x00,0x00,0x00,0x00,0x00,0x00,
                 0x00,0x00,0x00,0x00,0x00,0x00,0x00,0x00,0x00,0x00,0x00,0x00,0x00,0x00,0x00,0x00,},
    /* 237 */ {0x51,0x55,0x56,0x55,0x40,0x5D,0xEA,0xD5,0x40,0x15,0x22,0x21,0x00,0x01,0xAA,0xA9,
                 0x00,0x00,0x22,0x22,0x00,0x00,0xAA,0xAA,0x00,0x00,0xA2,0x22,0x00,0x00,0xAA,0xAA,
                 0x00,0x00,0xA8,0xAA,0x00,0x00,0x00,0x2A,0x00,0x00,0x00,0x02,0x00,0x00,0x00,0x02,
                 0x00,0x00,0x00,0x00,0x00,0x00,0x00,0x00,0x00,0x00,0x00,0x00,0x00,0x00,0x00,0x00,
                 0x00,0x00,0x00,0x00,0x00,0x00,0x00,0x00,0x00,0x00,0x00,0x00,0x00,0x00,0x00,0x00,
                 0x00,0x00,0x00,0x00,0x00,0x00,0x00,0x00,0x00,0x00,0x00,0x00,0x00,0x00,0x00,0x00,},
    /* 238 */ {0x55,0x55,0x55,0x55,0x5D,0xDD,0x55,0x55,0x55,0x55,0x11,0x55,0x11,0x9D,0x99,0x55,
                 0x01,0x55,0x22,0x55,0x00,0x5D,0xAA,0xD5,0x00,0x55,0xA2,0x55,0x00,0x1D,0xAA,0xD5,
                 0x00,0x00,0xAA,0xAA,0x00,0x00,0xAA,0xAA,0x00,0x00,0x22,0xAA,0x00,0x40,0x22,0xAA,
                 0x00,0x00,0x00,0x2A,0x00,0x00,0x00,0x2A,0x00,0x00,0x00,0x2A,0x00,0x40,0x00,0x2A,
                 0x00,0x00,0x00,0x00,0x00,0x00,0x00,0x00,0x00,0x00,0x00,0x00,0x00,0x00,0x00,0x00,
                 0x00,0x00,0x00,0x00,0x00,0x00,0x00,0x00,0x00,0x00,0x00,0x00,0x00,0x00,0x00,0x00,},
    /* 239 */ {0x55,0x52,0x55,0x52,0x5D,0xDD,0x55,0x55,0x55,0x55,0x55,0x55,0x9D,0x9E,0x55,0x56,
                 0x55,0x55,0x55,0x55,0xDD,0x5D,0x55,0x55,0x55,0x55,0x55,0x5A,0x9D,0xAA,0x55,0xAE,
                 0x00,0x05,0xAA,0xAF,0x00,0x00,0xAA,0xAA,0x00,0x00,0xAA,0xAA,0x40,0x41,0xAA,0xAB,
                 0x00,0x00,0xAA,0xAA,0x00,0x00,0xAA,0xAA,0x00,0x00,0xAA,0xAF,0x40,0x55,0xAA,0xFF,
                 0x00,0x00,0x00,0x00,0x00,0x00,0x00,0x00,0x00,0x00,0x00,0x00,0x00,0x00,0x00,0x00,
                 0x00,0x00,0x00,0x00,0x00,0x00,0x00,0x00,0x00,0x00,0x00,0x00,0x00,0x00,0x00,0x00,},
    /* 240 */ {0xAA,0xAA,0xEA,0xEA,0x5B,0xBB,0x51,0x11,0x5B,0xBB,0xAE,0xAA,0xAA,0xEA,0xAA,0xAA,
                 0xAA,0xAA,0xFA,0xEA,0x9A,0xAA,0x3A,0xAA,0xAA,0xAA,0xAA,0xAA,0xD5,0x55,0xD5,0x55,
                 0x55,0x55,0xBF,0xBF,0x04,0x44,0xAE,0xEE,0x04,0x44,0xFB,0xFF,0x55,0x55,0xFF,0xFF,
                 0x55,0x55,0xAF,0xBF,0x45,0x55,0xEF,0xFF,0x55,0x55,0xFF,0xFF,0x7F,0xFF,0xD5,0x55,
                 0x00,0x00,0x00,0x00,0x00,0x00,0x00,0x00,0x00,0x00,0x00,0x00,0x00,0x00,0x00,0x00,
                 0x00,0x00,0x00,0x00,0x00,0x00,0x00,0x00,0x00,0x00,0x00,0x00,0x00,0x00,0x2A,0xAA,},
    /* 241 */ {0xAA,0xAA,0xEA,0xEA,0x5D,0xDD,0x55,0x55,0x55,0x55,0xAF,0x55,0xAA,0xEA,0xAA,0xAA,
                 0xAB,0xBB,0xEB,0xFB,0xA9,0x19,0xAB,0xBB,0xAA,0xAA,0xAA,0xAA,0x55,0x55,0x55,0x55,
                 0x55,0x55,0xBF,0xBF,0x00,0x00,0xAA,0xAA,0x00,0x00,0xFA,0xAA,0x55,0x55,0xFF,0xFF,
                 0x54,0x44,0xBE,0xAE,0x54,0x44,0xFE,0xEE,0x55,0x55,0xFF,0xFF,0xFF,0xFF,0x55,0x55,
                 0x00,0x00,0x00,0x00,0x00,0x00,0x00,0x00,0x00,0x00,0x00,0x00,0x00,0x00,0x00,0x00,
                 0x00,0x00,0x00,0x00,0x00,0x00,0x00,0x00,0x00,0x00,0x00,0x00,0x00,0x00,0xAA,0xAA,},
    /* 242 */ {0xAA,0xAA,0xEA,0xEA,0x5B,0xAA,0x53,0xAA,0x5A,0xAA,0xAE,0xAA,0xAA,0xD5,0xAA,0x95,
                 0xAA,0xAA,0xFA,0xEA,0x9A,0xAA,0xBA,0xAA,0xAA,0xAA,0xAA,0xAA,0x55,0x55,0x55,0x55,
                 0x55,0x55,0xBF,0xBF,0x04,0x55,0xAE,0xFF,0x05,0x55,0xFB,0xFF,0x55,0x7F,0xFF,0xD5,
                 0x55,0x55,0xAF,0xBF,0x45,0x55,0xEF,0xFF,0x55,0x55,0xFF,0xFF,0xFF,0xFF,0x55,0x55,
                 0x00,0x00,0x00,0x00,0x00,0x00,0x00,0x00,0x00,0x00,0x00,0x00,0x00,0x00,0x00,0x2A,
                 0x00,0x00,0x00,0x00,0x00,0x00,0x00,0x00,0x00,0x00,0x00,0x00,0x00,0x00,0xAA,0xAA,},
    /* 243 */ {0xAA,0xAA,0xEA,0xEA,0xAA,0xAA,0xAA,0xAA,0xAA,0xAA,0xAE,0xAA,0x55,0x55,0x55,0x55,
                 0xAA,0x22,0xEA,0xEA,0xAA,0xAA,0xAA,0xAA,0xAA,0xAA,0xAA,0xA8,0x55,0x55,0x55,0x55,
                 0x55,0x55,0xBF,0xBF,0x55,0x55,0xFF,0xFF,0x55,0x55,0xFB,0xFF,0xFF,0xFF,0x55,0x55,
                 0x55,0xDD,0xBF,0xBF,0x55,0x55,0xFF,0xFF,0x55,0x55,0xFF,0xFD,0xFF,0xFF,0x55,0x55,
                 0x00,0x00,0x00,0x00,0x00,0x00,0x00,0x00,0x00,0x00,0x00,0x00,0x00,0x00,0xAA,0xAA,
                 0x00,0x00,0x00,0x00,0x00,0x00,0x00,0x00,0x00,0x00,0x00,0x02,0x00,0x00,0xAA,0xAA,},
    /* 244 */ {0x77,0x55,0xEA,0x9D,0xAA,0xAA,0xAA,0xAA,0xAA,0xAA,0xAC,0x88,0x55,0x55,0x55,0x55,
                 0x22,0x22,0xEA,0xEA,0xAA,0xAA,0xAA,0xAA,0xAA,0xAA,0x88,0x88,0x55,0x55,0x55,0x55,
                 0xDD,0xFF,0xBF,0xDD,0x55,0x55,0xFF,0xFF,0x55,0x55,0xF9,0xDD,0xFF,0xFF,0x55,0x55,
                 0xDD,0xDD,0xBF,0xBF,0x55,0x55,0xFF,0xFF,0x55,0x55,0xDD,0xDD,0xFF,0xFF,0x55,0x55,
                 0x00,0x00,0x00,0x22,0x00,0x00,0x00,0x00,0x00,0x00,0x02,0x22,0x00,0x00,0xAA,0xAA,
                 0x00,0x00,0x00,0x00,0x00,0x00,0x00,0x00,0x00,0x00,0x22,0x22,0x00,0x00,0xAA,0xAA,},
    /* 245 */ {0x55,0x55,0x9D,0x9D,0xAA,0xAA,0xAA,0xAA,0xAA,0xAA,0x8C,0x88,0x55,0x55,0x55,0x55,
                 0x22,0x22,0xEA,0xEA,0xAA,0xAA,0xAA,0xAA,0xAA,0xAA,0x88,0x88,0x55,0x55,0x55,0x55,
                 0xFF,0xFF,0xDD,0xDD,0x55,0x55,0xFF,0xFF,0x55,0x55,0xD9,0xDD,0xFF,0xFF,0x55,0x55,
                 0xDD,0xDD,0xBF,0xBF,0x55,0x55,0xFF,0xFF,0x55,0x55,0xDD,0xDD,0xFF,0xFF,0x55,0x55,
                 0x00,0x00,0x22,0x22,0x00,0x00,0x00,0x00,0x00,0x00,0x22,0x22,0x00,0x00,0xAA,0xAA,
                 0x00,0x00,0x00,0x00,0x00,0x00,0x00,0x00,0x00,0x00,0x22,0x22,0x00,0x00,0xAA,0xAA,},
    /* 246 */ {0x77,0x2A,0xEA,0xEA,0xAA,0xAA,0xAA,0xAA,0xAA,0xAA,0x8E,0xAA,0x55,0x5A,0x55,0x5A,
                 0x2A,0xAA,0xEA,0xEA,0xAA,0xA8,0xAA,0xA8,0xAA,0xAA,0xAA,0xAA,0x55,0x5A,0x55,0x52,
                 0xDD,0xD5,0xBF,0xBF,0x55,0x55,0xFF,0xFF,0x55,0x55,0xDB,0xFF,0xFF,0xF5,0x55,0x5F,
                 0xD5,0x55,0xBF,0xBF,0x55,0x55,0xFF,0xFF,0x55,0x55,0xFF,0xFF,0xFF,0xF5,0x55,0x57,
                 0x00,0x00,0x00,0x00,0x00,0x00,0x00,0x00,0x00,0x00,0x20,0x00,0x00,0x00,0xAA,0xA0,
                 0x00,0x00,0x00,0x00,0x00,0x00,0x00,0x00,0x00,0x00,0x00,0x00,0x00,0x00,0xAA,0xA8,},
    /* 247 */ {0xAA,0xAA,0xEA,0xEA,0x88,0x88,0x8D,0xDD,0xA8,0x88,0xAE,0xAA,0xAA,0xEA,0xAA,0xAA,
                 0xAA,0xAA,0xC8,0xC8,0xDD,0xDD,0x8D,0xDD,0xA8,0x88,0xAA,0xA8,0xEA,0xAA,0x22,0x22,
                 0x55,0x55,0xBF,0xBF,0x55,0x55,0xFA,0xAA,0x55,0x55,0xFB,0xFF,0x55,0x55,0xFF,0xFF,
                 0x55,0x55,0xBF,0xBF,0x00,0x00,0xFA,0xAA,0x55,0x55,0xFF,0xFF,0x55,0x55,0x77,0x77,
                 0x00,0x00,0x00,0x00,0x00,0x00,0x00,0x00,0x00,0x00,0x00,0x00,0x00,0x00,0x00,0x00,
                 0x00,0x00,0x00,0x00,0x00,0x00,0x00,0x00,0x00,0x00,0x00,0x00,0x00,0x00,0x88,0x88,},
    /* 248 */ {0xAA,0xAA,0xEA,0xEA,0x89,0xDC,0xDD,0x55,0x89,0x54,0xAE,0xAA,0xAA,0xEA,0xAA,0xAA,
                 0xAA,0xAA,0xC8,0xC8,0xDD,0xDD,0xDD,0xDD,0x88,0x88,0x88,0xAA,0xEA,0xAA,0xAA,0x22,
                 0x55,0x55,0xBF,0xBF,0x54,0x01,0xAA,0xAA,0x54,0x01,0xFB,0xFF,0x55,0x55,0xFF,0xFF,
                 0x55,0x55,0xBF,0xBF,0x00,0x00,0xAA,0xAA,0x55,0x55,0xFF,0xFF,0x55,0x55,0xFF,0x77,
                 0x00,0x00,0x00,0x00,0x00,0x00,0x00,0x00,0x00,0x00,0x00,0x00,0x00,0x00,0x00,0x00,
                 0x00,0x00,0x00,0x00,0x00,0x00,0x00,0x00,0x00,0x00,0x00,0x00,0x00,0x00,0x00,0x88,},
    /* 249 */ {0xAA,0xAA,0xEA,0xEA,0x88,0x88,0xDD,0x88,0x88,0xAA,0xAE,0xAA,0xAA,0xEA,0xAA,0xAA,
                 0xAA,0xAA,0xCA,0xEA,0xD8,0x88,0x88,0x88,0xAA,0xAA,0xAA,0xAA,0xEA,0xAD,0x22,0x25,
                 0x55,0x55,0xBF,0xBF,0x55,0x55,0xAA,0xFF,0x55,0x55,0xFB,0xFF,0x55,0x55,0xFF,0xFF,
                 0x55,0x55,0xBF,0xBF,0x05,0x55,0xFF,0xFF,0x55,0x55,0xFF,0xFF,0x55,0x57,0x77,0x75,
                 0x00,0x00,0x00,0x00,0x00,0x00,0x00,0x00,0x00,0x00,0x00,0x00,0x00,0x00,0x00,0x00,
                 0x00,0x00,0x00,0x00,0x00,0x00,0x00,0x00,0x00,0x00,0x00,0x00,0x00,0x00,0x88,0x8A,},
    /* 250 */ {0xAA,0xAC,0xEA,0xEC,0x88,0x9C,0xDD,0xD6,0x88,0x94,0xAE,0xAC,0xAA,0xE8,0xAA,0xA8,
                 0xAA,0xA8,0xEA,0xEC,0x88,0x8C,0x88,0x8E,0xAA,0xA8,0xAA,0xA8,0x55,0x50,0x55,0x56,
                 0x55,0x50,0xBF,0xBA,0x55,0x40,0xAA,0xA8,0x55,0x40,0xFB,0xFA,0x55,0x54,0xFF,0xFE,
                 0x55,0x54,0xBF,0xBA,0x55,0x50,0xFF,0xF8,0x55,0x54,0xFF,0xFE,0xFF,0xFC,0x55,0x56,
                 0x00,0x00,0x00,0x00,0x00,0x00,0x00,0x00,0x00,0x00,0x00,0x00,0x00,0x00,0x00,0x00,
                 0x00,0x00,0x00,0x00,0x00,0x00,0x00,0x00,0x00,0x00,0x00,0x00,0x00,0x00,0xAA,0xA8,},
    /* 251 */ {0x6A,0xAA,0x6A,0xEA,0x6A,0xAA,0xE2,0x22,0x77,0x62,0x66,0x2A,0x2A,0xEA,0xEA,0xAA,
                 0x6A,0xAA,0x6A,0xEA,0x6D,0x5D,0xF5,0x55,0x75,0x55,0xF5,0x55,0x2D,0x9D,0xC5,0x55,
                 0x15,0x55,0x3F,0xBF,0x15,0x55,0x3F,0xFF,0x00,0x15,0x3B,0xFF,0x55,0x55,0x3F,0xFF,
                 0x15,0x55,0x3F,0xBF,0x10,0x00,0x2A,0xAA,0x00,0x00,0x2A,0xAA,0x50,0x40,0x3A,0xAA,
                 0x00,0x00,0x00,0x00,0x00,0x00,0x00,0x00,0x00,0x00,0x00,0x00,0x00,0x00,0x00,0x00,
                 0x00,0x00,0x00,0x00,0x00,0x00,0x00,0x00,0x00,0x00,0x00,0x00,0x00,0x00,0x00,0x00,},
    /* 252 */ {0xAA,0xAA,0xEA,0xEA,0xAA,0xAA,0x23,0x77,0x22,0x22,0xAE,0xAA,0xAA,0xEA,0xAA,0xAA,
                 0xAA,0xAA,0xEA,0xEA,0xAA,0x2A,0x77,0x77,0x77,0x77,0x77,0x77,0xEA,0xAA,0x44,0x44,
                 0x55,0x55,0xBF,0xBF,0x55,0x55,0xFE,0xAA,0x55,0x55,0xFB,0xFF,0x55,0x55,0xFF,0xFF,
                 0x55,0x55,0xBF,0xBF,0x55,0x55,0xAA,0xAA,0x00,0x00,0xAA,0xAA,0x55,0x55,0xBB,0xBB,
                 0x00,0x00,0x00,0x00,0x00,0x00,0x00,0x00,0x00,0x00,0x00,0x00,0x00,0x00,0x00,0x00,
                 0x00,0x00,0x00,0x00,0x00,0x00,0x00,0x00,0x00,0x00,0x00,0x00,0x00,0x00,0x00,0x00,},
    /* 253 */ {0xAA,0xA5,0xEA,0x55,0x2A,0xDD,0x77,0x55,0x37,0x55,0xA6,0x55,0xAA,0x9D,0xAA,0xA5,
                 0xAA,0xA5,0xE5,0x55,0xDD,0x5D,0x55,0x55,0x55,0x55,0x55,0x55,0x9D,0x9D,0x55,0x55,
                 0x55,0x50,0xBF,0xAA,0x55,0x00,0xAA,0xAA,0x40,0x00,0xFB,0xAA,0x55,0x40,0xFF,0xFA,
                 0x55,0x50,0xBA,0xAA,0x00,0x00,0xAA,0xAA,0x00,0x00,0xAA,0xAA,0x40,0x40,0xAA,0xAA,
                 0x00,0x00,0x00,0x00,0x00,0x00,0x00,0x00,0x00,0x00,0x00,0x00,0x00,0x00,0x00,0x00,
                 0x00,0x00,0x00,0x00,0x00,0x00,0x00,0x00,0x00,0x00,0x00,0x00,0x00,0x00,0x00,0x00,},
    /* 254 */ {0x55,0x54,0x55,0x52,0x5D,0xDC,0x55,0x4E,0x55,0x44,0x55,0x62,0x99,0x00,0x56,0xAA,
                 0x54,0x00,0x52,0x22,0xDC,0x40,0x56,0xEA,0x54,0x40,0x56,0x62,0x9C,0x00,0x52,0xAA,
                 0x00,0x00,0xAA,0xA8,0x00,0x00,0xAA,0xA0,0x00,0x00,0xAA,0x80,0x40,0x00,0xA8,0x00,
                 0x00,0x00,0xA8,0x00,0x00,0x00,0xA8,0x00,0x00,0x00,0xA8,0x00,0x40,0x40,0xA8,0x00,
                 0x00,0x00,0x00,0x00,0x00,0x00,0x00,0x00,0x00,0x00,0x00,0x00,0x00,0x00,0x00,0x00,
                 0x00,0x00,0x00,0x00,0x00,0x00,0x00,0x00,0x00,0x00,0x00,0x00,0x00,0x00,0x00,0x00,},
    /* 255 */ {0x00,0x55,0x22,0x55,0x00,0x5D,0xAA,0xD5,0x00,0x55,0x22,0x55,0x00,0x1D,0xAA,0xD5,
                 0x00,0x55,0x22,0x55,0x01,0x5D,0xAD,0x55,0x05,0x55,0xA5,0x55,0x05,0x9D,0xA9,0x55,
                 0x00,0x00,0x00,0x2A,0x00,0x00,0x00,0x2A,0x00,0x00,0x00,0x2A,0x00,0x40,0x00,0x2A,
                 0x00,0x00,0x00,0x2A,0x00,0x00,0x02,0xAA,0x00,0x00,0x02,0xAA,0x00,0x40,0x02,0xAA,
                 0x00,0x00,0x00,0x00,0x00,0x00,0x00,0x00,0x00,0x00,0x00,0x00,0x00,0x00,0x00,0x00,
                 0x00,0x00,0x00,0x00,0x00,0x00,0x00,0x00,0x00,0x00,0x00,0x00,0x00,0x00,0x00,0x00,},
    /* 256 */ {0x55,0xAA,0x55,0xFA,0x5D,0xBA,0x55,0x12,0x55,0x3A,0x55,0xAA,0x9A,0xEA,0x6A,0x95,
                 0x6A,0xD5,0x7A,0xEE,0xBA,0xAA,0x12,0xAA,0x12,0xAA,0x12,0xAA,0xEA,0xAA,0xAA,0xAA,
                 0x00,0x55,0xAA,0xAF,0x00,0x45,0xAA,0xEF,0x00,0x45,0xAA,0xFF,0x45,0x55,0xBF,0xD5,
                 0x15,0x7F,0xAF,0xBF,0x45,0x55,0xEF,0xFF,0x45,0x55,0xEF,0xFF,0x55,0x55,0xFF,0xFF,
                 0x00,0x00,0x00,0x00,0x00,0x00,0x00,0x00,0x00,0x00,0x00,0x00,0x00,0x00,0x00,0x2A,
                 0x00,0x00,0x00,0x00,0x00,0x00,0x00,0x00,0x00,0x00,0x00,0x00,0x00,0x00,0x00,0x00,},
    /* 257 */ {0x95,0x55,0xEA,0xEA,0xAA,0xAA,0xAA,0xAA,0xAA,0xAA,0xAE,0xAA,0xAA,0xEA,0x55,0x55,
                 0x55,0x55,0xEE,0xAA,0xAA,0xAA,0xAA,0xAA,0xAA,0xAA,0xAA,0xAA,0xEA,0xAA,0xAA,0xAA,
                 0x7F,0xFF,0xBF,0xBF,0x55,0x55,0xFF,0xFF,0x55,0x55,0xFB,0xFF,0x55,0x55,0x55,0x55,
                 0xFF,0xFF,0xFF,0xFF,0x55,0x55,0xFF,0xFF,0x55,0x55,0xFF,0xFF,0x55,0x55,0xFF,0xFF,
                 0x00,0x00,0x00,0x00,0x00,0x00,0x00,0x00,0x00,0x00,0x00,0x00,0x00,0x00,0xAA,0xAA,
                 0x00,0x00,0x00,0x00,0x00,0x00,0x00,0x00,0x00,0x00,0x00,0x00,0x00,0x00,0x00,0x00,},
    /* 258 */ {0x55,0x55,0xEA,0xEA,0xAA,0xAA,0xAA,0xAA,0xAA,0xAA,0xAE,0xAA,0xAA,0xEA,0x55,0x55,
                 0x55,0x55,0xEA,0xEA,0xAA,0xAA,0xAA,0xAA,0xAA,0xAA,0xAA,0xAA,0xEA,0xAA,0xAA,0xAA,
                 0xFF,0xFF,0xBF,0xBF,0x55,0x55,0xFF,0xFF,0x55,0x55,0xFB,0xFF,0x55,0x55,0x55,0x55,
                 0xFF,0xFF,0xBF,0xBF,0x55,0x55,0xFF,0xFF,0x55,0x55,0xFF,0xFF,0x55,0x55,0xFF,0xFF,
                 0x00,0x00,0x00,0x00,0x00,0x00,0x00,0x00,0x00,0x00,0x00,0x00,0x00,0x00,0xAA,0xAA,
                 0x00,0x00,0x00,0x00,0x00,0x00,0x00,0x00,0x00,0x00,0x00,0x00,0x00,0x00,0x00,0x00,},
    /* 259 */ {0x55,0x55,0xEE,0xAE,0xAA,0xAA,0xAA,0xAA,0xAA,0xAA,0xAE,0xAA,0xAB,0xFB,0x55,0x55,
                 0x55,0x55,0xEE,0x9D,0xAA,0x95,0xAA,0xAA,0xAA,0xAA,0xAA,0xAA,0xEA,0xAA,0xAB,0xBB,
                 0xFF,0xFF,0xBF,0xFF,0x55,0x55,0xFF,0xFF,0x55,0x55,0xFB,0xFF,0x55,0x55,0x55,0x55,
                 0xFF,0xFF,0xFF,0xDD,0x55,0x7F,0xFF,0xFF,0x55,0x55,0xFF,0xFF,0x55,0x55,0xFF,0xFF,
                 0x00,0x00,0x00,0x00,0x00,0x00,0x00,0x00,0x00,0x00,0x00,0x00,0x00,0x00,0xAA,0xAA,
                 0x00,0x00,0x00,0x22,0x00,0x00,0x00,0x00,0x00,0x00,0x00,0x00,0x00,0x00,0x00,0x00,},
    /* 260 */ {0x55,0x55,0xAE,0x9D,0xAA,0x55,0xAA,0xAA,0xAA,0xAA,0xAE,0xAA,0xBA,0xC8,0x55,0x55,
                 0x55,0x55,0xDE,0x9D,0x56,0x55,0xAA,0xAA,0xAA,0xAA,0xAA,0xAA,0xEA,0xAB,0xBA,0x89,
                 0xFF,0xFF,0xFF,0xDD,0x55,0xFF,0xFF,0xFF,0x55,0x55,0xFB,0xFF,0x55,0x77,0x55,0x55,
                 0xFF,0xFF,0xDF,0xDD,0xFD,0xFF,0xFF,0xFF,0x55,0x55,0xFF,0xFF,0x55,0x55,0xFF,0xDD,
                 0x00,0x00,0x00,0x22,0x00,0x00,0x00,0x00,0x00,0x00,0x00,0x00,0x00,0x00,0xAA,0xAA,
                 0x00,0x00,0x20,0x22,0x00,0x00,0x00,0x00,0x00,0x00,0x00,0x00,0x00,0x00,0x00,0x22,},
    /* 261 */ {0x55,0x55,0x9D,0x9D,0x55,0x55,0xAA,0xAA,0xAA,0xAA,0xAE,0xBD,0x88,0xD5,0x55,0x55,
                 0x55,0x55,0xDD,0x9D,0x55,0x55,0xAA,0xAA,0xAA,0xAA,0xAA,0xAA,0x55,0x55,0x55,0x55,
                 0xFF,0xFF,0xDD,0xDD,0xFF,0xFF,0xFF,0xFF,0x55,0x55,0xFB,0xFD,0x77,0x7F,0x55,0x55,
                 0xFF,0xFF,0xDD,0xDD,0xFF,0xFF,0xFF,0xFF,0x55,0x55,0xFF,0xFF,0xFF,0xFF,0x55,0x55,
                 0x00,0x00,0x22,0x22,0x00,0x00,0x00,0x00,0x00,0x00,0x00,0x02,0x00,0x00,0xAA,0xAA,
                 0x00,0x00,0x22,0x22,0x00,0x00,0x00,0x00,0x00,0x00,0x00,0x00,0x00,0x00,0xAA,0xAA,},
    /* 262 */ {0x55,0x55,0x9D,0x9A,0x55,0x5A,0xAA,0xAA,0xAA,0xAA,0xDD,0xEA,0x55,0x48,0x55,0x55,
                 0x55,0x55,0xDD,0x9D,0x55,0x55,0xAA,0xAA,0xAA,0xAA,0xAA,0xAA,0x55,0x56,0x55,0x54,
                 0xFF,0xFF,0xDD,0xDF,0xFF,0xF5,0xFF,0xFF,0x55,0x55,0xDD,0xFF,0xFF,0xF7,0x55,0x55,
                 0xFF,0xFF,0xDD,0xDD,0xFF,0xFF,0xFF,0xFF,0x55,0x55,0xFF,0xFF,0xFF,0xFD,0x55,0x55,
                 0x00,0x00,0x22,0x20,0x00,0x00,0x00,0x00,0x00,0x00,0x22,0x00,0x00,0x00,0xAA,0xAA,
                 0x00,0x00,0x22,0x22,0x00,0x00,0x00,0x00,0x00,0x00,0x00,0x00,0x00,0x00,0xAA,0xAA,},
    /* 263 */ {0x55,0x5A,0xEA,0xEA,0xAA,0xAA,0xAA,0xA8,0xAA,0xA8,0xAE,0xAA,0x8A,0xEA,0x55,0x5A,
                 0x55,0x5A,0xEA,0xEA,0xAA,0xAA,0xAA,0xAD,0xAA,0xAD,0xAA,0xAD,0xEA,0xAA,0x8A,0xAA,
                 0xFF,0xF5,0xBF,0xBF,0x55,0x55,0xFF,0xFF,0x55,0x55,0xFB,0xFF,0x75,0x55,0x55,0x5F,
                 0xFF,0xF5,0xBF,0xBF,0x55,0x55,0xFF,0xFA,0x55,0x50,0xFF,0xFA,0x55,0x55,0xDF,0xFF,
                 0x00,0x00,0x00,0x00,0x00,0x00,0x00,0x00,0x00,0x00,0x00,0x00,0x00,0x00,0xAA,0xA0,
                 0x00,0x00,0x00,0x00,0x00,0x00,0x00,0x00,0x00,0x00,0x00,0x00,0x00,0x00,0x20,0x00,},
    /* 264 */ {0xAA,0xAA,0xEA,0xE9,0xA8,0x89,0x8D,0xDD,0xDD,0xDD,0x8C,0x89,0xAA,0xC9,0xAA,0xAA,
                 0xAA,0xAA,0xEA,0xD5,0x88,0x9D,0xDD,0xD5,0xDD,0xD5,0xDD,0xD5,0xE8,0x9D,0xAA,0xA9,
                 0x55,0x55,0xBF,0xBE,0x55,0x54,0xFA,0xAA,0x00,0x00,0xFB,0xFE,0x55,0x54,0xFF,0xFF,
                 0x55,0x55,0xBF,0xAA,0x55,0x40,0xAA,0xAA,0x00,0x00,0xAA,0xAA,0x55,0x40,0xFF,0xFE,
                 0x00,0x00,0x00,0x00,0x00,0x00,0x00,0x00,0x00,0x00,0x00,0x00,0x00,0x00,0x00,0x00,
                 0x00,0x00,0x00,0x00,0x00,0x00,0x00,0x00,0x00,0x00,0x00,0x00,0x00,0x00,0x00,0x00,},
    /* 265 */ {0xAA,0xAA,0x54,0xEA,0x5D,0xC8,0x55,0x5D,0x55,0x5D,0x55,0x48,0x9D,0x8A,0xAA,0xAA,
                 0xAA,0xAA,0x55,0x4A,0xDD,0x5C,0x55,0x55,0x55,0x55,0x55,0x55,0x9D,0x9C,0x55,0x54,
                 0x55,0x55,0xAB,0xBF,0x00,0x15,0xAA,0xAA,0x00,0x00,0xAA,0xBF,0x40,0x55,0xFF,0xFF,
                 0x55,0x55,0xAA,0xBF,0x00,0x01,0xAA,0xAA,0x00,0x00,0xAA,0xAA,0x40,0x41,0xAA,0xAB,
                 0x00,0x00,0x00,0x00,0x00,0x00,0x00,0x00,0x00,0x00,0x00,0x00,0x00,0x00,0x00,0x00,
                 0x00,0x00,0x00,0x00,0x00,0x00,0x00,0x00,0x00,0x00,0x00,0x00,0x00,0x00,0x00,0x00,},
    /* 266 */ {0xAA,0xAD,0xEA,0xEA,0xAA,0xAA,0x8A,0xAA,0x8A,0xAA,0xAE,0xAA,0xAA,0xEA,0xAD,0x55,
                 0xAD,0x55,0xEA,0xEA,0xAA,0xAA,0xDD,0xDD,0xDD,0xDD,0xDD,0xDD,0xC8,0x88,0xAA,0xA8,
                 0x55,0x57,0xBF,0xBF,0x55,0x55,0xFF,0xFF,0x55,0x55,0xFB,0xFF,0x55,0x55,0xFD,0x55,
                 0x57,0xFF,0xBF,0xBF,0x55,0x55,0xAA,0xAA,0x00,0x00,0xAA,0xAA,0x55,0x55,0xFF,0xFF,
                 0x00,0x00,0x00,0x00,0x00,0x00,0x00,0x00,0x00,0x00,0x00,0x00,0x00,0x00,0x02,0xAA,
                 0x00,0x00,0x00,0x00,0x00,0x00,0x00,0x00,0x00,0x00,0x00,0x00,0x00,0x00,0x00,0x00,},
    /* 267 */ {0x55,0x50,0xEA,0xE8,0xAA,0xA8,0xAA,0xAE,0xAA,0xAC,0xAE,0xAC,0xAA,0xE8,0x5A,0xA8,
                 0x5A,0xA8,0xEA,0xEC,0xAA,0x8C,0xDD,0xDE,0xDD,0xDC,0xDD,0xDE,0xC8,0x8C,0x89,0x16,
                 0xFF,0xFC,0xBF,0xBE,0x55,0x54,0xFF,0xF8,0x55,0x50,0xFB,0xFA,0x55,0x54,0x5F,0xFE,
                 0xF5,0x54,0xBF,0xBA,0x55,0x50,0xAA,0xA8,0x00,0x00,0xAA,0xA8,0x55,0x50,0xFE,0xE8,
                 0x00,0x00,0x00,0x00,0x00,0x00,0x00,0x00,0x00,0x00,0x00,0x00,0x00,0x00,0xA0,0x00,
                 0x00,0x00,0x00,0x00,0x00,0x00,0x00,0x00,0x00,0x00,0x00,0x00,0x00,0x00,0x00,0x00,},
    /* 268 */ {0x44,0x44,0x55,0x55,0x5D,0xDD,0xD5,0x55,0x15,0x55,0x15,0x55,0x1D,0x9D,0x95,0x55,
                 0x55,0x55,0x15,0x55,0x1D,0x5D,0x95,0x55,0x15,0x55,0x95,0x55,0x1D,0x9D,0x95,0x55,
                 0x11,0x11,0x2A,0xAA,0x00,0x00,0x2A,0xAA,0x00,0x00,0x2A,0xAA,0x00,0x40,0x2A,0xAA,
                 0x00,0x00,0x2A,0xAA,0x00,0x00,0x2A,0xAA,0x00,0x00,0x2A,0xAA,0x00,0x40,0x2A,0xAA,
                 0x00,0x00,0x00,0x00,0x00,0x00,0x00,0x00,0x00,0x00,0x00,0x00,0x00,0x00,0x00,0x00,
                 0x00,0x00,0x00,0x00,0x00,0x00,0x00,0x00,0x00,0x00,0x00,0x00,0x00,0x00,0x00,0x00,},
    /* 269 */ {0x44,0x44,0x54,0x45,0x5D,0xDD,0x55,0x55,0x55,0x55,0x55,0x55,0x9D,0x9D,0x55,0x55,
                 0x55,0x55,0x55,0x55,0xDD,0x5D,0x55,0x55,0x55,0x55,0x55,0x55,0x9D,0x9D,0x55,0x55,
                 0x11,0x11,0xAB,0xBA,0x00,0x00,0xAA,0xAA,0x00,0x00,0xAA,0xAA,0x40,0x40,0xAA,0xAA,
                 0x00,0x00,0xAA,0xAA,0x00,0x00,0xAA,0xAA,0x00,0x00,0xAA,0xAA,0x40,0x40,0xAA,0xAA,
                 0x00,0x00,0x00,0x00,0x00,0x00,0x00,0x00,0x00,0x00,0x00,0x00,0x00,0x00,0x00,0x00,
                 0x00,0x00,0x00,0x00,0x00,0x00,0x00,0x00,0x00,0x00,0x00,0x00,0x00,0x00,0x00,0x00,},
    /* 270 */ {0x45,0x55,0x55,0x55,0x5D,0xDD,0x55,0x55,0x55,0x55,0x55,0x55,0x9D,0x9D,0x55,0x55,
                 0x55,0x55,0x55,0x55,0xDD,0x59,0x55,0x51,0x55,0x55,0x55,0x55,0x9D,0x9D,0x55,0x55,
                 0x10,0x00,0xAA,0xAA,0x00,0x00,0xAA,0xAA,0x00,0x00,0xAA,0xAA,0x40,0x40,0xAA,0xAA,
                 0x00,0x00,0xAA,0xAA,0x00,0x00,0xAA,0xAA,0x00,0x00,0xAA,0xAA,0x40,0x40,0xAA,0xAA,
                 0x00,0x00,0x00,0x00,0x00,0x00,0x00,0x00,0x00,0x00,0x00,0x00,0x00,0x00,0x00,0x00,
                 0x00,0x00,0x00,0x00,0x00,0x00,0x00,0x00,0x00,0x00,0x00,0x00,0x00,0x00,0x00,0x00,},
    /* 271 */ {0x50,0x00,0x52,0x22,0x58,0x00,0x56,0xEA,0x54,0x40,0x54,0x62,0x9D,0x80,0x1A,0xAA,
                 0x40,0x00,0x22,0x22,0x80,0x00,0x3B,0xAA,0x55,0x40,0x46,0x66,0x84,0x04,0x55,0x55,
                 0x00,0x00,0xA8,0x00,0x00,0x00,0xA8,0x00,0x00,0x00,0xAA,0x00,0x40,0x40,0xA0,0x00,
                 0x00,0x00,0x80,0x00,0x00,0x00,0x80,0x00,0x00,0x00,0xA0,0x00,0x40,0x40,0xAA,0xAA,
                 0x00,0x00,0x00,0x00,0x00,0x00,0x00,0x00,0x00,0x00,0x00,0x00,0x00,0x00,0x00,0x00,
                 0x00,0x00,0x00,0x00,0x00,0x00,0x00,0x00,0x00,0x00,0x00,0x00,0x00,0x00,0x00,0x00,},
    /* 272 */ {0x00,0x00,0x22,0x22,0x00,0x00,0xAA,0xAA,0x00,0x00,0x22,0x22,0x00,0x00,0xAA,0xAA,
                 0x00,0x00,0x22,0x22,0x00,0x00,0xAA,0xAA,0x00,0x00,0xE6,0x22,0x04,0x00,0x6E,0xAA,
                 0x00,0x00,0x00,0x00,0x00,0x00,0x00,0x00,0x00,0x00,0x00,0x00,0x00,0x00,0x00,0x00,
                 0x00,0x00,0x00,0x00,0x00,0x00,0x00,0x00,0x00,0x00,0x00,0x00,0x40,0x00,0x80,0x00,
                 0x00,0x00,0x00,0x00,0x00,0x00,0x00,0x00,0x00,0x00,0x00,0x00,0x00,0x00,0x00,0x00,
                 0x00,0x00,0x00,0x00,0x00,0x00,0x00,0x00,0x00,0x00,0x00,0x00,0x00,0x00,0x00,0x00,},
    /* 273 */ {0x00,0x00,0x22,0x22,0x00,0x00,0xAA,0xAA,0x00,0x00,0x22,0x22,0x00,0x00,0xAA,0xAA,
                 0x00,0x00,0x22,0x22,0x00,0x00,0xAA,0xAA,0x00,0x00,0xA2,0x66,0x00,0x04,0xAA,0xED,
                 0x00,0x00,0x00,0x00,0x00,0x00,0x00,0x00,0x00,0x00,0x00,0x00,0x00,0x00,0x00,0x00,
                 0x00,0x00,0x00,0x00,0x00,0x00,0x00,0x00,0x00,0x00,0x00,0x00,0x00,0x40,0x00,0x02,
                 0x00,0x00,0x00,0x00,0x00,0x00,0x00,0x00,0x00,0x00,0x00,0x00,0x00,0x00,0x00,0x00,
                 0x00,0x00,0x00,0x00,0x00,0x00,0x00,0x00,0x00,0x00,0x00,0x00,0x00,0x00,0x00,0x00,},
    /* 274 */ {0x00,0x00,0x22,0x22,0x00,0x00,0xAA,0xA9,0x00,0x05,0x22,0x25,0x00,0x05,0xAA,0xA9,
                 0x00,0x15,0x22,0x15,0x00,0x1D,0xAA,0xB5,0x41,0x15,0xE5,0x55,0x05,0x9D,0x4D,0x55,
                 0x00,0x00,0x00,0x00,0x00,0x00,0x00,0x02,0x00,0x00,0x00,0x02,0x00,0x00,0x00,0x02,
                 0x00,0x00,0x00,0x2A,0x00,0x00,0x00,0x0A,0x00,0x00,0x02,0xAA,0x40,0x40,0xA2,0xAA,
                 0x00,0x00,0x00,0x00,0x00,0x00,0x00,0x00,0x00,0x00,0x00,0x00,0x00,0x00,0x00,0x00,
                 0x00,0x00,0x00,0x00,0x00,0x00,0x00,0x00,0x00,0x00,0x00,0x00,0x00,0x00,0x00,0x00,},
    /* 275 */ {0x01,0x5A,0x25,0x5A,0x0D,0xDB,0x95,0x5B,0x55,0x51,0x55,0x53,0x9D,0x9A,0x55,0x5A,
                 0x54,0xAA,0x54,0xEA,0xDD,0x5A,0x55,0x56,0x54,0xD2,0x55,0x52,0x9D,0x9A,0x55,0xDA,
                 0x00,0x05,0x02,0xAF,0x00,0x04,0x2A,0xAE,0x00,0x04,0xAA,0xAE,0x40,0x45,0xAA,0xAF,
                 0x01,0x55,0xAB,0xBF,0x00,0x05,0xAA,0xAB,0x01,0x05,0xAA,0xAF,0x40,0x45,0xAA,0xAF,
                 0x00,0x00,0x00,0x00,0x00,0x00,0x00,0x00,0x00,0x00,0x00,0x00,0x00,0x00,0x00,0x00,
                 0x00,0x00,0x00,0x00,0x00,0x00,0x00,0x00,0x00,0x00,0x00,0x00,0x00,0x00,0x00,0x00,},
    /* 276 */ {0x95,0x55,0xDD,0x9D,0xAA,0xEE,0xAA,0xAA,0x2A,0xAA,0xAE,0xAA,0xAA,0xEA,0xAA,0xAA,
                 0x95,0x55,0xDD,0x9D,0xAA,0xAA,0xEA,0xAA,0xAA,0xAA,0xAA,0xAA,0xEA,0xAA,0xAA,0xAA,
                 0x7F,0xFF,0x9D,0xDD,0x55,0x55,0xFF,0xFF,0x55,0x55,0xFB,0xFF,0x55,0x55,0xFF,0xFF,
                 0x7F,0xFF,0x9D,0xDD,0x55,0x55,0xBF,0xFF,0x55,0x55,0xFF,0xFF,0x55,0x55,0xFF,0xFF,
                 0x00,0x00,0x22,0x22,0x00,0x00,0x00,0x00,0x00,0x00,0x00,0x00,0x00,0x00,0x00,0x00,
                 0x00,0x00,0x22,0x22,0x00,0x00,0x00,0x00,0x00,0x00,0x00,0x00,0x00,0x00,0x00,0x00,},
    /* 277 */ {0x55,0x55,0x9D,0x9D,0xEE,0xEE,0xAA,0xAA,0xAA,0xAA,0xAE,0xAA,0xAA,0xEA,0xAA,0xAA,
                 0x55,0x55,0xDD,0x9D,0xAA,0xAA,0xAA,0xAA,0xAA,0xAA,0xAA,0xAA,0xEA,0xAA,0xAA,0xAA,
                 0xFF,0xFF,0xDD,0xDD,0x55,0x55,0xFF,0xFF,0x55,0x55,0xFB,0xFF,0x55,0x55,0xFF,0xFF,
                 0xFF,0xFF,0xDD,0xDD,0x55,0x55,0xFF,0xFF,0x55,0x55,0xFF,0xFF,0x55,0x55,0xFF,0xFF,
                 0x00,0x00,0x22,0x22,0x00,0x00,0x00,0x00,0x00,0x00,0x00,0x00,0x00,0x00,0x00,0x00,
                 0x00,0x00,0x22,0x22,0x00,0x00,0x00,0x00,0x00,0x00,0x00,0x00,0x00,0x00,0x00,0x00,},
    /* 278 */ {0x55,0x55,0x9D,0x9D,0xEE,0xAA,0xAA,0xAA,0xAA,0xAA,0xAE,0xAA,0xAA,0xEA,0xAA,0xAA,
                 0x55,0x55,0xDD,0x9D,0xAA,0xAA,0xAA,0xAE,0xAA,0xAA,0xAA,0xAA,0xEA,0xAA,0xAA,0xAA,
                 0xFF,0xFF,0xDD,0xDD,0x55,0x55,0xFF,0xFF,0x55,0x55,0xFB,0xFF,0x55,0x55,0xFF,0xFF,
                 0xFF,0xFF,0xDD,0xDD,0x55,0x55,0xFF,0xFB,0x55,0x55,0xFF,0xFF,0x55,0x55,0xFF,0xFF,
                 0x00,0x00,0x22,0x22,0x00,0x00,0x00,0x00,0x00,0x00,0x00,0x00,0x00,0x00,0x00,0x00,
                 0x00,0x00,0x22,0x22,0x00,0x00,0x00,0x00,0x00,0x00,0x00,0x00,0x00,0x00,0x00,0x00,},
    /* 279 */ {0x55,0x55,0x9D,0x9D,0xAE,0xEE,0xAA,0xAA,0xAA,0xAA,0xAE,0xAA,0xAA,0xEA,0xAA,0xAA,
                 0x55,0x55,0xDD,0x9D,0xAA,0xAA,0xEA,0xAA,0xAA,0xAA,0xAA,0xAA,0xEA,0xAA,0xAA,0xAA,
                 0xFF,0xFF,0xDD,0xDD,0x55,0x55,0xFF,0xFF,0x55,0x55,0xFB,0xFF,0x55,0x55,0xFF,0xFF,
                 0xFF,0xFF,0xDD,0xDD,0x55,0x55,0xBF,0xFF,0x55,0x55,0xFF,0xFF,0x55,0x55,0xFF,0xFF,
                 0x00,0x00,0x22,0x22,0x00,0x00,0x00,0x00,0x00,0x00,0x00,0x00,0x00,0x00,0x00,0x00,
                 0x00,0x00,0x22,0x22,0x00,0x00,0x00,0x00,0x00,0x00,0x00,0x00,0x00,0x00,0x00,0x00,},
    /* 280 */ {0x55,0x55,0x9D,0x9D,0xEE,0x25,0xAA,0xAD,0xAA,0xAA,0xAE,0xAA,0xAA,0xEA,0xAA,0x88,
                 0x55,0x55,0xDD,0x9D,0xAA,0xAA,0xAA,0xAA,0xAA,0xAA,0xAA,0xAA,0xEA,0xAA,0xAA,0xAA,
                 0xFF,0xFF,0xDD,0xDD,0x55,0xDF,0xFF,0xFD,0x55,0x55,0xFB,0xFF,0x55,0x55,0xFF,0xDD,
                 0xFF,0xFF,0xDD,0xDD,0x55,0x55,0xFF,0xFF,0x55,0x55,0xFF,0xFF,0x55,0x55,0xFF,0xFF,
                 0x00,0x00,0x22,0x22,0x00,0x00,0x00,0x02,0x00,0x00,0x00,0x00,0x00,0x00,0x00,0x22,
                 0x00,0x00,0x22,0x22,0x00,0x00,0x00,0x00,0x00,0x00,0x00,0x00,0x00,0x00,0x00,0x00,},
    /* 281 */ {0x55,0x55,0x9D,0x9D,0x55,0x55,0x55,0x55,0xAA,0xAA,0xAE,0xAA,0xAA,0xEA,0x88,0x88,
                 0x55,0x55,0xDD,0x9D,0xAA,0xAA,0xAA,0xAA,0xAA,0xAA,0xAA,0xAA,0xEA,0xAA,0xAA,0xAA,
                 0xFF,0xFF,0xDD,0xDD,0xFF,0xFF,0x55,0x55,0x55,0x55,0xFB,0xFF,0x55,0x55,0xDD,0xDD,
                 0xFF,0xFF,0xDD,0xDD,0x55,0x55,0xFF,0xFF,0x55,0x55,0xFF,0xFF,0x55,0x55,0xFF,0xFF,
                 0x00,0x00,0x22,0x22,0x00,0x00,0xAA,0xAA,0x00,0x00,0x00,0x00,0x00,0x00,0x22,0x22,
                 0x00,0x00,0x22,0x22,0x00,0x00,0x00,0x00,0x00,0x00,0x00,0x00,0x00,0x00,0x00,0x00,},
    /* 282 */ {0x55,0x55,0x9D,0x9D,0x55,0x52,0x55,0x5A,0xAA,0xAA,0xAE,0xAA,0xAA,0xEA,0x88,0x88,
                 0x55,0x55,0xDD,0x9D,0xAA,0xAA,0xAA,0xAA,0xAA,0xAA,0xAA,0xAA,0xEA,0xAA,0xAA,0xAA,
                 0xFF,0xFF,0xDD,0xDD,0xFF,0xFD,0x55,0x5F,0x55,0x55,0xFB,0xFF,0x55,0x55,0xDD,0xDD,
                 0xFF,0xFF,0xDD,0xDD,0x55,0x55,0xFF,0xFF,0x55,0x55,0xFF,0xFF,0x55,0x55,0xFF,0xFF,
                 0x00,0x00,0x22,0x22,0x00,0x00,0xAA,0xA0,0x00,0x00,0x00,0x00,0x00,0x00,0x22,0x22,
                 0x00,0x00,0x22,0x22,0x00,0x00,0x00,0x00,0x00,0x00,0x00,0x00,0x00,0x00,0x00,0x00,},
    /* 283 */ {0x55,0x5A,0x9D,0x9A,0x22,0xAA,0xAA,0xAA,0xAA,0xA8,0xAE,0xA8,0xAA,0xEA,0xAA,0xAA,
                 0x55,0x55,0xDD,0x9D,0xAA,0xAA,0xAA,0xA2,0xAA,0xAA,0xAA,0xA8,0xEA,0xA8,0xAA,0xAA,
                 0xFF,0xF5,0xDD,0xDF,0xDD,0x55,0xFF,0xFF,0x55,0x55,0xFB,0xFF,0x55,0x55,0xFF,0xFF,
                 0xFF,0xFF,0xDD,0xDD,0x55,0x55,0xFF,0xFF,0x55,0x55,0xFF,0xFF,0x55,0x55,0xFF,0xFF,
                 0x00,0x00,0x22,0x20,0x00,0x00,0x00,0x00,0x00,0x00,0x00,0x00,0x00,0x00,0x00,0x00,
                 0x00,0x00,0x22,0x22,0x00,0x00,0x00,0x00,0x00,0x00,0x00,0x00,0x00,0x00,0x00,0x00,},
    /* 284 */ {0xAA,0xAA,0xEA,0xEA,0xAA,0xA9,0xA8,0x95,0x8D,0xD5,0x8D,0xD5,0xA8,0xDD,0xAA,0x95,
                 0xAA,0xA9,0xEA,0xE9,0xAD,0x5D,0x25,0x55,0xAD,0x55,0x8D,0x55,0x9D,0x9D,0x89,0x55,
                 0x55,0x55,0xBF,0xBF,0x55,0x54,0xFF,0xEA,0x50,0x00,0xFA,0xAA,0x55,0x40,0xFF,0xEA,
                 0x55,0x54,0xBF,0xBE,0x50,0x00,0xFA,0xAA,0x50,0x00,0xFA,0xAA,0x40,0x40,0xFE,0xAA,
                 0x00,0x00,0x00,0x00,0x00,0x00,0x00,0x00,0x00,0x00,0x00,0x00,0x00,0x00,0x00,0x00,
                 0x00,0x00,0x00,0x00,0x00,0x00,0x00,0x00,0x00,0x00,0x00,0x00,0x00,0x00,0x00,0x00,},
    /* 285 */ {0xAA,0xAA,0xEA,0xEA,0x5D,0xDC,0x55,0x55,0x55,0x55,0x55,0x55,0x9D,0x9D,0x55,0x55,
                 0x11,0x11,0x55,0x55,0xDD,0x5D,0x55,0x55,0x55,0x55,0x55,0x55,0x9D,0x9D,0x55,0x55,
                 0x55,0x55,0xBF,0xBF,0x00,0x01,0xAA,0xAA,0x00,0x00,0xAA,0xAA,0x40,0x40,0xAA,0xAA,
                 0x44,0x44,0xAA,0xAA,0x00,0x00,0xAA,0xAA,0x00,0x00,0xAA,0xAA,0x40,0x40,0xAA,0xAA,
                 0x00,0x00,0x00,0x00,0x00,0x00,0x00,0x00,0x00,0x00,0x00,0x00,0x00,0x00,0x00,0x00,
                 0x00,0x00,0x00,0x00,0x00,0x00,0x00,0x00,0x00,0x00,0x00,0x00,0x00,0x00,0x00,0x00,},
    /* 286 */ {0xAA,0xAA,0xEA,0xEA,0xAA,0xA9,0x55,0x55,0x55,0x55,0x55,0x55,0x9D,0x9D,0x55,0x55,
                 0x11,0x15,0x55,0x55,0xDD,0x5D,0x55,0x55,0x55,0x55,0x55,0x55,0x9D,0x9D,0x55,0x55,
                 0x55,0x55,0xBF,0xBF,0x55,0x54,0xAA,0xAA,0x00,0x00,0xAA,0xAA,0x40,0x40,0xAA,0xAA,
                 0x44,0x40,0xAA,0xAA,0x00,0x00,0xAA,0xAA,0x00,0x00,0xAA,0xAA,0x40,0x40,0xAA,0xAA,
                 0x00,0x00,0x00,0x00,0x00,0x00,0x00,0x00,0x00,0x00,0x00,0x00,0x00,0x00,0x00,0x00,
                 0x00,0x00,0x00,0x00,0x00,0x00,0x00,0x00,0x00,0x00,0x00,0x00,0x00,0x00,0x00,0x00,},
    /* 287 */ {0xA9,0x14,0xE9,0x54,0x5D,0xDC,0x55,0x56,0x55,0x54,0x55,0x56,0x9D,0x9C,0x55,0x56,
                 0x55,0x54,0x55,0x56,0xDD,0x5C,0x55,0x56,0x55,0x54,0x55,0x56,0x9D,0x9C,0x55,0x56,
                 0x54,0x40,0xBE,0xAA,0x00,0x00,0xAA,0xA8,0x00,0x00,0xAA,0xA8,0x40,0x40,0xAA,0xA8,
                 0x00,0x00,0xAA,0xA8,0x00,0x00,0xAA,0xA8,0x00,0x00,0xAA,0xA8,0x40,0x40,0xAA,0xA8,
                 0x00,0x00,0x00,0x00,0x00,0x00,0x00,0x00,0x00,0x00,0x00,0x00,0x00,0x00,0x00,0x00,
                 0x00,0x00,0x00,0x00,0x00,0x00,0x00,0x00,0x00,0x00,0x00,0x00,0x00,0x00,0x00,0x00,},
    /* 288 */ {0x15,0x55,0x15,0x55,0x1D,0xDD,0xB5,0x55,0x15,0x55,0x35,0x55,0x1D,0x9D,0xB5,0x55,
                 0x15,0x55,0x15,0x55,0x1D,0x5D,0x95,0x55,0x15,0x55,0x95,0x55,0x1D,0x9D,0x95,0x55,
                 0x00,0x00,0x2A,0xAA,0x00,0x00,0x0A,0xAA,0x00,0x00,0x0A,0xAA,0x00,0x40,0x0A,0xAA,
                 0x00,0x00,0x2A,0xAA,0x00,0x00,0x2A,0xAA,0x00,0x00,0x2A,0xAA,0x00,0x40,0x2A,0xAA,
                 0x00,0x00,0x00,0x00,0x00,0x00,0x00,0x00,0x00,0x00,0x00,0x00,0x00,0x00,0x00,0x00,
                 0x00,0x00,0x00,0x00,0x00,0x00,0x00,0x00,0x00,0x00,0x00,0x00,0x00,0x00,0x00,0x00,},
    /* 289 */ {0x51,0x00,0x55,0x62,0x5D,0xC0,0x55,0x1B,0x55,0x55,0x55,0x55,0x9D,0x9D,0x55,0x55,
                 0x55,0x55,0x55,0x55,0xDD,0x5D,0x55,0x55,0x55,0x55,0x55,0x55,0x9D,0x9D,0x55,0x55,
                 0x00,0x00,0xAA,0x80,0x00,0x00,0xAA,0xA0,0x00,0x00,0xAA,0xAA,0x40,0x40,0xAA,0xAA,
                 0x00,0x00,0xAA,0xAA,0x00,0x00,0xAA,0xAA,0x00,0x00,0xAA,0xAA,0x40,0x40,0xAA,0xAA,
                 0x00,0x00,0x00,0x00,0x00,0x00,0x00,0x00,0x00,0x00,0x00,0x00,0x00,0x00,0x00,0x00,
                 0x00,0x00,0x00,0x00,0x00,0x00,0x00,0x00,0x00,0x00,0x00,0x00,0x00,0x00,0x00,0x00,},
    /* 290 */ {0x00,0x00,0x22,0x22,0x00,0x00,0xBA,0xAA,0x55,0x44,0x54,0x44,0x9D,0x9D,0x55,0x55,
                 0x55,0x55,0x55,0x55,0xDD,0x5D,0x55,0x55,0x55,0x55,0x55,0x55,0x9D,0x9D,0x55,0x55,
                 0x00,0x00,0x00,0x00,0x00,0x00,0x00,0x00,0x00,0x00,0xAA,0xAA,0x40,0x40,0xAA,0xAA,
                 0x00,0x00,0xAA,0xAA,0x00,0x00,0xAA,0xAA,0x00,0x00,0xAA,0xAA,0x40,0x40,0xAA,0xAA,
                 0x00,0x00,0x00,0x00,0x00,0x00,0x00,0x00,0x00,0x00,0x00,0x00,0x00,0x00,0x00,0x00,
                 0x00,0x00,0x00,0x00,0x00,0x00,0x00,0x00,0x00,0x00,0x00,0x00,0x00,0x00,0x00,0x00,},
    /* 291 */ {0x00,0x00,0x22,0x22,0x00,0x00,0xAA,0xAA,0x55,0x55,0x44,0x44,0x9D,0x9D,0x55,0x55,
                 0x55,0x55,0x55,0x55,0xDD,0x5D,0x55,0x55,0x55,0x55,0x55,0x55,0x9D,0x9D,0x55,0x55,
                 0x00,0x00,0x00,0x00,0x00,0x00,0x00,0x00,0x00,0x00,0xAA,0xAA,0x40,0x40,0xAA,0xAA,
                 0x00,0x00,0xAA,0xAA,0x00,0x00,0xAA,0xAA,0x00,0x00,0xAA,0xAA,0x40,0x40,0xAA,0xAA,
                 0x00,0x00,0x00,0x00,0x00,0x00,0x00,0x00,0x00,0x00,0x00,0x00,0x00,0x00,0x00,0x00,
                 0x00,0x00,0x00,0x00,0x00,0x00,0x00,0x00,0x00,0x00,0x00,0x00,0x00,0x00,0x00,0x00,},
    /* 292 */ {0x01,0x55,0x51,0x55,0x51,0xDD,0x99,0x55,0x55,0x55,0x55,0x55,0x9D,0x9D,0x55,0x55,
                 0x55,0x56,0x55,0x56,0xDD,0x5D,0x55,0x55,0x55,0x55,0x55,0x55,0x9D,0x9D,0x55,0x55,
                 0x00,0x00,0x22,0xAA,0x00,0x00,0x22,0xAA,0x00,0x00,0xAA,0xAA,0x40,0x40,0xAA,0xAA,
                 0x00,0x01,0xAA,0xAB,0x00,0x00,0xAA,0xAA,0x00,0x00,0xAA,0xAA,0x40,0x40,0xAA,0xAA,
                 0x00,0x00,0x00,0x00,0x00,0x00,0x00,0x00,0x00,0x00,0x00,0x00,0x00,0x00,0x00,0x00,
                 0x00,0x00,0x00,0x00,0x00,0x00,0x00,0x00,0x00,0x00,0x00,0x00,0x00,0x00,0x00,0x00,},
    /* 293 */ {0x54,0xAA,0x4A,0xE9,0x4A,0xA9,0x52,0xAA,0x52,0xAA,0x56,0xAA,0x9A,0xEA,0x02,0xAA,
                 0xAA,0xAA,0xEA,0xEA,0xAA,0xAA,0x22,0xAA,0x52,0xAA,0x52,0xAA,0x9A,0xAA,0x52,0xAA,
                 0x01,0x55,0xBF,0xBD,0x15,0x57,0xAF,0xFF,0x05,0x55,0xAB,0xFF,0x45,0x55,0xFF,0xFF,
                 0x55,0x55,0xBF,0xBF,0x55,0x55,0xFF,0xFF,0x05,0x55,0xAF,0xFF,0x45,0x55,0xAF,0xFF,
                 0x00,0x00,0x00,0x02,0x00,0x00,0x00,0x00,0x00,0x00,0x00,0x00,0x00,0x00,0x00,0x00,
                 0x00,0x00,0x00,0x00,0x00,0x00,0x00,0x00,0x00,0x00,0x00,0x00,0x00,0x00,0x00,0x00,},
    /* 294 */ {0xAA,0xBB,0x9D,0x9D,0x55,0x55,0xAA,0xEE,0xAA,0xAA,0xAE,0xAA,0xAA,0xEA,0xAA,0xAA,
                 0xAA,0xEE,0xEA,0xAE,0xAA,0xAA,0xAA,0xAA,0xAA,0xAA,0xAA,0xAA,0xEA,0xAA,0xAA,0xAA,
                 0x55,0x55,0xDD,0xDD,0xFF,0xFF,0xFF,0xFF,0x55,0x55,0xFB,0xFF,0x55,0x55,0xFF,0xFF,
                 0x55,0x55,0xBF,0xFF,0x55,0x55,0xFF,0xFF,0x55,0x55,0xFF,0xFF,0x55,0x55,0xFF,0xFF,
                 0x00,0x00,0x22,0x22,0x00,0x00,0x00,0x00,0x00,0x00,0x00,0x00,0x00,0x00,0x00,0x00,
                 0x00,0x00,0x00,0x00,0x00,0x00,0x00,0x00,0x00,0x00,0x00,0x00,0x00,0x00,0x00,0x00,},
    /* 295 */ {0xBB,0xBA,0x9D,0x9D,0x55,0x55,0xEE,0xEE,0xAA,0xAA,0xAE,0xAA,0xAA,0xEA,0xAA,0xAA,
                 0xEE,0xEE,0xEE,0xAE,0xAA,0xAA,0xAA,0xAA,0xAA,0xAA,0xAA,0xAA,0xEA,0xAA,0xAA,0xAA,
                 0x55,0x55,0xDD,0xDD,0xFF,0xFF,0xFF,0xFF,0x55,0x55,0xFB,0xFF,0x55,0x55,0xFF,0xFF,
                 0x55,0x55,0xFF,0xFF,0x55,0x55,0xFF,0xFF,0x55,0x55,0xFF,0xFF,0x55,0x55,0xFF,0xFF,
                 0x00,0x00,0x22,0x22,0x00,0x00,0x00,0x00,0x00,0x00,0x00,0x00,0x00,0x00,0x00,0x00,
                 0x00,0x00,0x00,0x00,0x00,0x00,0x00,0x00,0x00,0x00,0x00,0x00,0x00,0x00,0x00,0x00,},
    /* 296 */ {0xAA,0xAA,0x9D,0x9D,0x55,0x55,0xAA,0xAA,0xAA,0xAA,0xAE,0xAA,0xAA,0xEA,0xAA,0xAA,
                 0xAA,0xAA,0xEA,0xEA,0xAA,0xAA,0xAA,0xAA,0xAA,0xAA,0xAA,0xAA,0xEA,0xBB,0xAA,0xBB,
                 0x55,0x55,0xDD,0xDD,0xFF,0xFF,0xFF,0xFF,0x55,0x55,0xFB,0xFF,0x55,0x55,0xFF,0xFF,
                 0x55,0x55,0xBF,0xBF,0x55,0x55,0xFF,0xFF,0x55,0x55,0xFF,0xFF,0x55,0x44,0xFF,0xEE,
                 0x00,0x00,0x22,0x22,0x00,0x00,0x00,0x00,0x00,0x00,0x00,0x00,0x00,0x00,0x00,0x00,
                 0x00,0x00,0x00,0x00,0x00,0x00,0x00,0x00,0x00,0x00,0x00,0x00,0x00,0x00,0x00,0x00,},
    /* 297 */ {0xAA,0xAA,0x9D,0x9D,0x55,0x55,0xAA,0xAE,0xAA,0xAA,0xAE,0xAA,0xAA,0xEA,0xAA,0xAA,
                 0xAA,0xAA,0xEA,0xEA,0xAA,0xAA,0xAA,0xAA,0xAA,0xAA,0xAA,0xAA,0xFB,0xAA,0xBB,0xAA,
                 0x55,0x55,0xDD,0xDD,0xFF,0xFF,0xFF,0xFF,0x55,0x55,0xFB,0xFF,0x55,0x55,0xFF,0xFF,
                 0x55,0x55,0xBF,0xBF,0x55,0x55,0xFF,0xFF,0x55,0x55,0xFF,0xFF,0x44,0x55,0xEE,0xFF,
                 0x00,0x00,0x22,0x22,0x00,0x00,0x00,0x00,0x00,0x00,0x00,0x00,0x00,0x00,0x00,0x00,
                 0x00,0x00,0x00,0x00,0x00,0x00,0x00,0x00,0x00,0x00,0x00,0x00,0x00,0x00,0x00,0x00,},
    /* 298 */ {0xAA,0x88,0x9D,0x9D,0x55,0x55,0xEE,0x55,0xAA,0x55,0xAE,0xAA,0xAA,0xE8,0xAA,0xAD,
                 0xAD,0x25,0xED,0xED,0xAA,0xA8,0xAA,0xAA,0xAA,0xAA,0xAA,0xAA,0xEA,0xAA,0xAA,0xAA,
                 0x55,0x77,0xDD,0xDD,0xFF,0xFF,0xFF,0x55,0x55,0xFF,0xFB,0xFF,0x55,0x57,0xFF,0xFD,
                 0x57,0xDF,0xBD,0xBD,0x55,0x57,0xFF,0xFF,0x55,0x55,0xFF,0xFF,0x55,0x55,0xFF,0xFF,
                 0x00,0x00,0x22,0x22,0x00,0x00,0x00,0xAA,0x00,0x00,0x00,0x00,0x00,0x00,0x00,0x02,
                 0x00,0x00,0x02,0x02,0x00,0x00,0x00,0x00,0x00,0x00,0x00,0x00,0x00,0x00,0x00,0x00,},
    /* 299 */ {0x88,0x88,0x9D,0x9D,0x55,0x55,0x55,0x55,0x55,0x55,0xAE,0xAA,0x88,0xC8,0xDD,0xDD,
                 0x55,0x55,0xDD,0x9D,0x88,0x88,0xAA,0xAA,0xAA,0xAA,0xAA,0xAA,0xEA,0xAA,0xAA,0xAA,
                 0x77,0x77,0xDD,0xDD,0xFF,0xFF,0x55,0x55,0xFF,0xFF,0xFB,0xFF,0x77,0x77,0xDD,0xDD,
                 0xFF,0xFF,0xDD,0xDD,0x77,0x77,0xFF,0xFF,0x55,0x55,0xFF,0xFF,0x55,0x55,0xFF,0xFF,
                 0x00,0x00,0x22,0x22,0x00,0x00,0xAA,0xAA,0x00,0x00,0x00,0x00,0x00,0x00,0x22,0x22,
                 0x00,0x00,0x22,0x22,0x00,0x00,0x00,0x00,0x00,0x00,0x00,0x00,0x00,0x00,0x00,0x00,},
    /* 300 */ {0x88,0x8A,0x9D,0x9D,0x55,0x55,0x22,0x22,0xAA,0xAA,0xAE,0xAA,0xAA,0xEA,0xAA,0xAA,
                 0x22,0x2A,0xEA,0xEA,0xAA,0xAA,0xAA,0xAA,0xAA,0xAA,0xAA,0xAA,0xEA,0xAA,0xAA,0xAA,
                 0x77,0x75,0xDD,0xDD,0xFF,0xFF,0x77,0x77,0x55,0x55,0xFB,0xFF,0x55,0x55,0xFF,0xFF,
                 0xDD,0xD5,0xBF,0xBF,0x55,0x55,0xFF,0xFF,0x55,0x55,0xFF,0xFF,0x55,0x55,0xFF,0xFF,
                 0x00,0x00,0x22,0x22,0x00,0x00,0x88,0x88,0x00,0x00,0x00,0x00,0x00,0x00,0x00,0x00,
                 0x00,0x00,0x00,0x00,0x00,0x00,0x00,0x00,0x00,0x00,0x00,0x00,0x00,0x00,0x00,0x00,},
    /* 301 */ {0xAA,0xAA,0x9D,0x9A,0x55,0x5A,0xAA,0xAA,0xAA,0xAA,0xAE,0xAA,0xAA,0xEA,0xAA,0xAA,
                 0xAA,0xAA,0xEA,0xEA,0xAA,0xAA,0xAA,0xAA,0xAA,0xAA,0xAA,0xAA,0xEA,0xA8,0xAA,0xA8,
                 0x55,0x55,0xDD,0xDF,0xFF,0xF5,0xFF,0xFF,0x55,0x55,0xFB,0xFF,0x55,0x55,0xFF,0xFF,
                 0x55,0x55,0xBF,0xBF,0x55,0x55,0xFF,0xFF,0x55,0x55,0xFF,0xFF,0x55,0x55,0xFF,0xFF,
                 0x00,0x00,0x22,0x20,0x00,0x00,0x00,0x00,0x00,0x00,0x00,0x00,0x00,0x00,0x00,0x00,
                 0x00,0x00,0x00,0x00,0x00,0x00,0x00,0x00,0x00,0x00,0x00,0x00,0x00,0x00,0x00,0x00,},
    /* 302 */ {0x89,0x55,0xE9,0x55,0xA9,0xDD,0x85,0x55,0x95,0x55,0x95,0x55,0x9D,0x9D,0x85,0x55,
                 0xAB,0x55,0xEB,0x55,0x8D,0x5D,0x95,0x55,0x95,0x55,0x95,0x55,0xDD,0x9D,0x95,0x55,
                 0x54,0x00,0xBE,0xAA,0x54,0x00,0xFA,0xAA,0x40,0x00,0xEA,0xAA,0x40,0x40,0xFA,0xAA,
                 0x54,0x00,0xBE,0xAA,0x50,0x00,0xEA,0xAA,0x40,0x00,0xEA,0xAA,0x40,0x40,0xEA,0xAA,
                 0x00,0x00,0x00,0x00,0x00,0x00,0x00,0x00,0x00,0x00,0x00,0x00,0x00,0x00,0x00,0x00,
                 0x00,0x00,0x00,0x00,0x00,0x00,0x00,0x00,0x00,0x00,0x00,0x00,0x00,0x00,0x00,0x00,},
    /* 303 */ {0x55,0x54,0x55,0x56,0x5D,0xDC,0x55,0x56,0x55,0x54,0x55,0x56,0x9D,0x9C,0x55,0x56,
                 0x55,0x54,0x55,0x56,0xDD,0x5C,0x55,0x56,0x55,0x54,0x55,0x56,0x9D,0x9C,0x55,0x56,
                 0x00,0x00,0xAA,0xA8,0x00,0x00,0xAA,0xA8,0x00,0x00,0xAA,0xA8,0x40,0x40,0xAA,0xA8,
                 0x00,0x00,0xAA,0xA8,0x00,0x00,0xAA,0xA8,0x00,0x00,0xAA,0xA8,0x40,0x40,0xAA,0xA8,
                 0x00,0x00,0x00,0x00,0x00,0x00,0x00,0x00,0x00,0x00,0x00,0x00,0x00,0x00,0x00,0x00,
                 0x00,0x00,0x00,0x00,0x00,0x00,0x00,0x00,0x00,0x00,0x00,0x00,0x00,0x00,0x00,0x00,},
    /* 304 */ {0x15,0x55,0x15,0x55,0x1D,0xDD,0x95,0x55,0x15,0x55,0x55,0x55,0x1D,0x9D,0x95,0x55,
                 0x15,0x55,0x15,0x55,0x5D,0x5D,0x95,0x55,0x15,0x55,0x95,0x55,0x1D,0x9D,0x95,0x55,
                 0x00,0x00,0x2A,0xAA,0x00,0x00,0x2A,0xAA,0x00,0x00,0x2A,0xAA,0x00,0x40,0x2A,0xAA,
                 0x00,0x00,0x2A,0xAA,0x00,0x00,0x2A,0xAA,0x00,0x00,0x2A,0xAA,0x40,0x40,0x2A,0xAA,
                 0x00,0x00,0x00,0x00,0x00,0x00,0x00,0x00,0x00,0x00,0x00,0x00,0x00,0x00,0x00,0x00,
                 0x00,0x00,0x00,0x00,0x00,0x00,0x00,0x00,0x00,0x00,0x00,0x00,0x00,0x00,0x00,0x00,},
    /* 305 */ {0x55,0x55,0x55,0x55,0x5D,0xDD,0x55,0x55,0x55,0x55,0x55,0x55,0x9D,0x88,0x54,0xAA,
                 0x54,0xAA,0x55,0x40,0xDD,0x5D,0x55,0x55,0x55,0x55,0x55,0x55,0x9D,0x9D,0x55,0x55,
                 0x00,0x00,0xAA,0xAA,0x00,0x00,0xAA,0xAA,0x00,0x00,0xAA,0xAA,0x40,0x55,0xAB,0xFF,
                 0x01,0x55,0xAA,0xBF,0x00,0x00,0xAA,0xAA,0x00,0x00,0xAA,0xAA,0x40,0x40,0xAA,0xAA,
                 0x00,0x00,0x00,0x00,0x00,0x00,0x00,0x00,0x00,0x00,0x00,0x00,0x00,0x00,0x00,0x00,
                 0x00,0x00,0x00,0x00,0x00,0x00,0x00,0x00,0x00,0x00,0x00,0x00,0x00,0x00,0x00,0x00,},
    /* 306 */ {0x52,0xAA,0x52,0xEA,0x5A,0xBA,0x52,0xBA,0x54,0xBA,0x54,0xBA,0x8A,0xFA,0xAA,0xAA,
                 0xAA,0xAA,0x42,0xFA,0xDC,0xBA,0x54,0xBA,0x54,0xAA,0x54,0xAA,0x9A,0xAA,0x52,0xAA,
                 0x05,0x55,0xAF,0xBF,0x05,0x45,0xAF,0xEF,0x01,0x45,0xAB,0xEF,0x55,0x45,0xFF,0xFF,
                 0x55,0x55,0xBF,0xAF,0x01,0x45,0xAB,0xEF,0x01,0x55,0xAB,0xFF,0x45,0x55,0xAF,0xFF,
                 0x00,0x00,0x00,0x00,0x00,0x00,0x00,0x00,0x00,0x00,0x00,0x00,0x00,0x00,0x00,0x00,
                 0x00,0x00,0x00,0x00,0x00,0x00,0x00,0x00,0x00,0x00,0x00,0x00,0x00,0x00,0x00,0x00,},
    /* 307 */ {0xAA,0xAA,0xEA,0xEA,0xAA,0xAA,0xAA,0xAA,0xAA,0xAA,0xAE,0xAA,0xAA,0xEA,0xAA,0xAA,
                 0xAA,0xAA,0xEA,0xEA,0xAA,0xAA,0xAA,0xAA,0xAA,0xAA,0xAA,0xAA,0xEA,0xAA,0xAA,0xAA,
                 0x55,0x55,0xBF,0xBF,0x55,0x55,0xFF,0xFF,0x55,0x55,0xFB,0xFF,0x55,0x55,0xFF,0xFF,
                 0x55,0x55,0xBF,0xBF,0x55,0x55,0xFF,0xFF,0x55,0x55,0xFF,0xFF,0x55,0x55,0xFF,0xFF,
                 0x00,0x00,0x00,0x00,0x00,0x00,0x00,0x00,0x00,0x00,0x00,0x00,0x00,0x00,0x00,0x00,
                 0x00,0x00,0x00,0x00,0x00,0x00,0x00,0x00,0x00,0x00,0x00,0x00,0x00,0x00,0x00,0x00,},
    /* 308 */ {0xAA,0xAA,0xEA,0xEA,0xAA,0xAA,0xAA,0xAA,0xAA,0xAA,0xAE,0xAA,0xAA,0xEA,0xAA,0xAA,
                 0xAA,0xAA,0xEA,0xEB,0xAA,0xAB,0xAA,0xBB,0xAA,0xBB,0xAA,0xBB,0xEA,0xBB,0xAA,0xBB,
                 0x55,0x55,0xBF,0xBF,0x55,0x55,0xFF,0xFF,0x55,0x55,0xFB,0xFF,0x55,0x55,0xFF,0xFF,
                 0x55,0x55,0xBF,0xBE,0x55,0x54,0xFF,0xEE,0x55,0x44,0xFF,0xEE,0x55,0x44,0xFF,0xEE,
                 0x00,0x00,0x00,0x00,0x00,0x00,0x00,0x00,0x00,0x00,0x00,0x00,0x00,0x00,0x00,0x00,
                 0x00,0x00,0x00,0x00,0x00,0x00,0x00,0x00,0x00,0x00,0x00,0x00,0x00,0x00,0x00,0x00,},
    /* 309 */ {0xAA,0xB5,0xEA,0xF5,0xBB,0xBD,0xBB,0xB5,0xB5,0x55,0xB5,0x55,0xBD,0x9D,0xAB,0x55,
                 0xAB,0x55,0xF5,0x55,0xDD,0x5D,0x55,0x55,0x55,0x55,0x55,0x55,0x9D,0x9D,0x55,0x55,
                 0x55,0x40,0xBF,0xAA,0x44,0x40,0xEE,0xEA,0x40,0x00,0xEA,0xAA,0x40,0x40,0xFE,0xAA,
                 0x54,0x00,0xAA,0xAA,0x00,0x00,0xAA,0xAA,0x00,0x00,0xAA,0xAA,0x40,0x40,0xAA,0xAA,
                 0x00,0x00,0x00,0x00,0x00,0x00,0x00,0x00,0x00,0x00,0x00,0x00,0x00,0x00,0x00,0x00,
                 0x00,0x00,0x00,0x00,0x00,0x00,0x00,0x00,0x00,0x00,0x00,0x00,0x00,0x00,0x00,0x00,},
    /* 310 */ {0x55,0xAA,0x55,0xEA,0x5D,0xBB,0x55,0xBB,0x55,0x55,0x55,0x55,0x9D,0x9D,0x55,0x56,
                 0x55,0x56,0x55,0x55,0xDD,0x5D,0x55,0x55,0x55,0x55,0x55,0x55,0x9D,0x9D,0x55,0x55,
                 0x00,0x55,0xAA,0xBF,0x00,0x44,0xAA,0xEE,0x00,0x00,0xAA,0xAA,0x40,0x40,0xAA,0xAB,
                 0x00,0x01,0xAA,0xAA,0x00,0x00,0xAA,0xAA,0x00,0x00,0xAA,0xAA,0x40,0x40,0xAA,0xAA,
                 0x00,0x00,0x00,0x00,0x00,0x00,0x00,0x00,0x00,0x00,0x00,0x00,0x00,0x00,0x00,0x00,
                 0x00,0x00,0x00,0x00,0x00,0x00,0x00,0x00,0x00,0x00,0x00,0x00,0x00,0x00,0x00,0x00,},
    /* 311 */ {0xAA,0xAA,0xEA,0xEA,0xAA,0xAA,0xAA,0xAA,0xAA,0xAA,0xAE,0xAA,0xAA,0xEA,0xAA,0xAA,
                 0xAA,0xAA,0x7A,0xEA,0xDA,0xAA,0x5A,0x8A,0x5A,0x8A,0x56,0x4A,0x9E,0x8A,0x56,0x48,
                 0x55,0x55,0xBF,0xBF,0x55,0x55,0xFF,0xFF,0x55,0x55,0xFB,0xFF,0x55,0x55,0xFF,0xFF,
                 0x55,0x55,0xAF,0xBF,0x05,0x55,0xAF,0xFF,0x05,0x55,0xAB,0xBF,0x41,0x55,0xAB,0xBF,
                 0x00,0x00,0x00,0x00,0x00,0x00,0x00,0x00,0x00,0x00,0x00,0x00,0x00,0x00,0x00,0x00,
                 0x00,0x00,0x00,0x00,0x00,0x00,0x00,0x00,0x00,0x00,0x00,0x00,0x00,0x00,0x00,0x00,},
    /* 312 */ {0xAA,0xAA,0xEA,0xEA,0xAA,0xAA,0xAA,0xAA,0xAA,0xAA,0xAE,0xAA,0xAA,0xEA,0xAA,0xAA,
                 0xAA,0xAA,0xEA,0xEA,0xAA,0xAA,0xAA,0xAA,0xAA,0xAA,0xAA,0xAA,0xEA,0xAA,0x88,0x88,
                 0x55,0x55,0xBF,0xBF,0x55,0x55,0xFF,0xFF,0x55,0x55,0xFB,0xFF,0x55,0x55,0xFF,0xFF,
                 0x55,0x55,0xBF,0xBF,0x55,0x55,0xFF,0xFF,0x55,0x55,0xFF,0xFF,0x55,0x55,0xFF,0xFF,
                 0x00,0x00,0x00,0x00,0x00,0x00,0x00,0x00,0x00,0x00,0x00,0x00,0x00,0x00,0x00,0x00,
                 0x00,0x00,0x00,0x00,0x00,0x00,0x00,0x00,0x00,0x00,0x00,0x00,0x00,0x00,0x00,0x00,},
    /* 313 */ {0xAA,0xAA,0xEA,0xEA,0xAA,0xAA,0xAA,0xAA,0xAA,0xAA,0xAE,0xAA,0xAA,0xEA,0xAA,0xAA,
                 0xAA,0xAA,0xEA,0xE8,0xAA,0xA8,0xA8,0x88,0xA8,0x88,0xA9,0x55,0xE9,0x9D,0x89,0x55,
                 0x55,0x55,0xBF,0xBF,0x55,0x55,0xFF,0xFF,0x55,0x55,0xFB,0xFF,0x55,0x55,0xFF,0xFF,
                 0x55,0x55,0xBF,0xBF,0x55,0x55,0xFF,0xFF,0x55,0x55,0xFE,0xAA,0x54,0x40,0xFE,0xAA,
                 0x00,0x00,0x00,0x00,0x00,0x00,0x00,0x00,0x00,0x00,0x00,0x00,0x00,0x00,0x00,0x00,
                 0x00,0x00,0x00,0x00,0x00,0x00,0x00,0x00,0x00,0x00,0x00,0x00,0x00,0x00,0x00,0x00,},
    /* 314 */ {0xAA,0xA9,0xEA,0xE9,0xAA,0x89,0xAA,0x89,0xAA,0x95,0xAE,0x95,0xAA,0xC8,0xAA,0xAA,
                 0xAA,0xAA,0xC8,0x41,0x89,0x5D,0x89,0x55,0x89,0x55,0x55,0x55,0x9D,0x9D,0x55,0x55,
                 0x55,0x54,0xBF,0xBE,0x55,0x54,0xFF,0xFE,0x55,0x40,0xFB,0xEA,0x55,0x55,0xFF,0xFF,
                 0x55,0x55,0xBF,0xBE,0x54,0x00,0xFE,0xAA,0x54,0x00,0xAA,0xAA,0x40,0x40,0xAA,0xAA,
                 0x00,0x00,0x00,0x00,0x00,0x00,0x00,0x00,0x00,0x00,0x00,0x00,0x00,0x00,0x00,0x00,
                 0x00,0x00,0x00,0x00,0x00,0x00,0x00,0x00,0x00,0x00,0x00,0x00,0x00,0x00,0x00,0x00,},
    /* 315 */ {0x55,0x55,0x55,0x55,0x5D,0xDD,0x55,0x55,0x55,0x55,0x55,0x55,0x9D,0x9D,0x95,0x55,
                 0x95,0x55,0x55,0x55,0xDD,0x5D,0x55,0x55,0x55,0x55,0x55,0x55,0x9D,0x9D,0x55,0x55,
                 0x00,0x00,0xAA,0xAA,0x00,0x00,0xAA,0xAA,0x00,0x00,0xAA,0xAA,0x40,0x40,0xEA,0xAA,
                 0x40,0x00,0xAA,0xAA,0x00,0x00,0xAA,0xAA,0x00,0x00,0xAA,0xAA,0x40,0x40,0xAA,0xAA,
                 0x00,0x00,0x00,0x00,0x00,0x00,0x00,0x00,0x00,0x00,0x00,0x00,0x00,0x00,0x00,0x00,
                 0x00,0x00,0x00,0x00,0x00,0x00,0x00,0x00,0x00,0x00,0x00,0x00,0x00,0x00,0x00,0x00,},
    /* 316 */ {0x15,0x55,0x15,0x55,0x5D,0xDD,0x95,0x55,0x15,0x55,0x15,0x55,0x1D,0x9D,0xD5,0x55,
                 0x15,0x55,0x15,0x55,0x1D,0x5D,0xD5,0x55,0x15,0x55,0x95,0x55,0x1D,0x9D,0x95,0x55,
                 0x00,0x00,0x2A,0xAA,0x00,0x00,0x2A,0xAA,0x00,0x00,0x2A,0xAA,0x00,0x40,0x2A,0xAA,
                 0x00,0x00,0x2A,0xAA,0x00,0x00,0x2A,0xAA,0x00,0x00,0x2A,0xAA,0x00,0x40,0x2A,0xAA,
                 0x00,0x00,0x00,0x00,0x00,0x00,0x00,0x00,0x00,0x00,0x00,0x00,0x00,0x00,0x00,0x00,
                 0x00,0x00,0x00,0x00,0x00,0x00,0x00,0x00,0x00,0x00,0x00,0x00,0x00,0x00,0x00,0x00,},
    /* 317 */ {0x52,0xAA,0x52,0xEA,0x2A,0xAA,0x22,0xAA,0x76,0xAA,0x55,0x6A,0x9D,0xAA,0x76,0xAA,
                 0x22,0xAA,0x62,0xEA,0xAA,0xAA,0x22,0xAA,0x22,0xAA,0x22,0xAA,0xEA,0xAA,0x22,0xAA,
                 0x05,0x55,0xAF,0xBF,0x55,0x55,0xFF,0xFF,0x01,0x55,0xAA,0xBF,0x40,0x55,0xAB,0xFF,
                 0x55,0x55,0xBF,0xBF,0x55,0x55,0xFF,0xFF,0x55,0x55,0xFF,0xFF,0x55,0x55,0xFF,0xFF,
                 0x00,0x00,0x00,0x00,0x00,0x00,0x00,0x00,0x00,0x00,0x00,0x00,0x00,0x00,0x00,0x00,
                 0x00,0x00,0x00,0x00,0x00,0x00,0x00,0x00,0x00,0x00,0x00,0x00,0x00,0x00,0x00,0x00,},
    /* 318 */ {0xAA,0xAA,0xEA,0xEA,0xAA,0xAA,0xAA,0xAA,0xAA,0xAA,0xAE,0xAE,0xAA,0xEE,0xAA,0xAA,
                 0xAA,0xAA,0xEA,0xEA,0xAA,0xAA,0xAA,0xAA,0xAA,0xAA,0xAA,0xAA,0xEA,0xAA,0xAA,0xAA,
                 0x55,0x55,0xBF,0xBF,0x55,0x55,0xFF,0xFF,0x55,0x55,0xFB,0xFB,0x55,0x51,0xFF,0xFF,
                 0x55,0x55,0xBF,0xBF,0x55,0x55,0xFF,0xFF,0x55,0x55,0xFF,0xFF,0x55,0x55,0xFF,0xFF,
                 0x00,0x00,0x00,0x00,0x00,0x00,0x00,0x00,0x00,0x00,0x00,0x00,0x00,0x00,0x00,0x00,
                 0x00,0x00,0x00,0x00,0x00,0x00,0x00,0x00,0x00,0x00,0x00,0x00,0x00,0x00,0x00,0x00,},
    /* 319 */ {0xAA,0xBB,0xEA,0xFB,0xAA,0xBB,0xAA,0xBB,0xAA,0x91,0xEE,0xD5,0xAE,0x9D,0xAA,0x91,
                 0xAA,0xBB,0xEA,0xEB,0xAA,0xAB,0xAA,0xAB,0xAA,0xAB,0xAA,0xAB,0xEA,0xAB,0xAA,0xAB,
                 0x55,0x44,0xBF,0xAE,0x55,0x44,0xFF,0xEE,0x55,0x44,0xBB,0xAA,0x51,0x40,0xFF,0xEE,
                 0x55,0x44,0xBF,0xBE,0x55,0x54,0xFF,0xFE,0x55,0x54,0xFF,0xFE,0x55,0x54,0xFF,0xFE,
                 0x00,0x00,0x00,0x00,0x00,0x00,0x00,0x00,0x00,0x00,0x00,0x00,0x00,0x00,0x00,0x00,
                 0x00,0x00,0x00,0x00,0x00,0x00,0x00,0x00,0x00,0x00,0x00,0x00,0x00,0x00,0x00,0x00,},
    /* 320 */ {0x55,0x55,0x55,0x55,0x5D,0xDD,0x55,0x55,0x55,0x55,0x55,0x55,0x9D,0x9D,0x55,0x55,
                 0x55,0x55,0x55,0x55,0xDD,0x5D,0x55,0x55,0x55,0x55,0x55,0x55,0x9D,0x9D,0xB5,0x55,
                 0x00,0x00,0xAA,0xAA,0x00,0x00,0xAA,0xAA,0x00,0x00,0xAA,0xAA,0x40,0x40,0xAA,0xAA,
                 0x00,0x00,0xAA,0xAA,0x00,0x00,0xAA,0xAA,0x00,0x00,0xAA,0xAA,0x40,0x40,0xEA,0xAA,
                 0x00,0x00,0x00,0x00,0x00,0x00,0x00,0x00,0x00,0x00,0x00,0x00,0x00,0x00,0x00,0x00,
                 0x00,0x00,0x00,0x00,0x00,0x00,0x00,0x00,0x00,0x00,0x00,0x00,0x00,0x00,0x00,0x00,},
    /* 321 */ {0x56,0x48,0x56,0x55,0x5E,0xDD,0x55,0x55,0x55,0x55,0x55,0x55,0x9D,0x9D,0x56,0x55,
                 0x55,0x55,0x55,0x55,0xDD,0x5D,0x55,0x55,0x55,0x55,0x55,0x55,0x9D,0x9D,0x55,0x55,
                 0x01,0x15,0xAB,0xAA,0x01,0x00,0xAA,0xAA,0x00,0x00,0xAA,0xAA,0x40,0x40,0xAB,0xAA,
                 0x00,0x00,0xAA,0xAA,0x00,0x00,0xAA,0xAA,0x00,0x00,0xAA,0xAA,0x40,0x40,0xAA,0xAA,
                 0x00,0x00,0x00,0x00,0x00,0x00,0x00,0x00,0x00,0x00,0x00,0x00,0x00,0x00,0x00,0x00,
                 0x00,0x00,0x00,0x00,0x00,0x00,0x00,0x00,0x00,0x00,0x00,0x00,0x00,0x00,0x00,0x00,},
    /* 322 */ {0x88,0x88,0x55,0x55,0x5D,0xDD,0x55,0x55,0x55,0x55,0x55,0x55,0x9D,0x9D,0x55,0x55,
                 0x55,0x55,0x55,0x55,0xDD,0x5D,0x55,0x55,0x55,0x55,0x55,0x55,0x9D,0x9D,0x55,0x55,
                 0x55,0x55,0xAA,0xAA,0x00,0x00,0xAA,0xAA,0x00,0x00,0xAA,0xAA,0x40,0x40,0xAA,0xAA,
                 0x00,0x00,0xAA,0xAA,0x00,0x00,0xAA,0xAA,0x00,0x00,0xAA,0xAA,0x40,0x40,0xAA,0xAA,
                 0x00,0x00,0x00,0x00,0x00,0x00,0x00,0x00,0x00,0x00,0x00,0x00,0x00,0x00,0x00,0x00,
                 0x00,0x00,0x00,0x00,0x00,0x00,0x00,0x00,0x00,0x00,0x00,0x00,0x00,0x00,0x00,0x00,},
    /* 323 */ {0x89,0x55,0x55,0x55,0x5D,0xDD,0x55,0x55,0x55,0x55,0x55,0x55,0x9D,0x9D,0x55,0x55,
                 0x55,0x55,0x55,0x55,0xDD,0x5D,0x55,0x55,0x55,0x55,0x55,0x55,0x9D,0x9D,0x55,0x55,
                 0x54,0x00,0xAA,0xAA,0x00,0x00,0xAA,0xAA,0x00,0x00,0xAA,0xAA,0x40,0x40,0xAA,0xAA,
                 0x00,0x00,0xAA,0xAA,0x00,0x00,0xAA,0xAA,0x00,0x00,0xAA,0xAA,0x40,0x40,0xAA,0xAA,
                 0x00,0x00,0x00,0x00,0x00,0x00,0x00,0x00,0x00,0x00,0x00,0x00,0x00,0x00,0x00,0x00,
                 0x00,0x00,0x00,0x00,0x00,0x00,0x00,0x00,0x00,0x00,0x00,0x00,0x00,0x00,0x00,0x00,},
    /* 324 */ {0x55,0x55,0x55,0x55,0x5D,0xDD,0x55,0x55,0x55,0x55,0x55,0x44,0x9D,0x8C,0x55,0x55,
                 0x55,0x55,0x55,0x55,0xDD,0x5D,0x55,0x55,0x55,0x55,0x55,0x55,0x9D,0x9C,0x55,0x55,
                 0x00,0x00,0xAA,0xAA,0x00,0x00,0xAA,0xAA,0x00,0x00,0xAA,0xAA,0x40,0x40,0xAA,0xAA,
                 0x00,0x00,0xAA,0xAA,0x00,0x00,0xAA,0xAA,0x00,0x00,0xAA,0xAA,0x40,0x40,0xAA,0xAA,
                 0x00,0x00,0x00,0x00,0x00,0x00,0x00,0x00,0x00,0x00,0x00,0x00,0x00,0x00,0x00,0x00,
                 0x00,0x00,0x00,0x00,0x00,0x00,0x00,0x00,0x00,0x00,0x00,0x00,0x00,0x00,0x00,0x00,},
    /* 325 */ {0x55,0x55,0x55,0x55,0x5D,0xDD,0x55,0x55,0x55,0x55,0x44,0x44,0x84,0x8C,0x55,0x55,
                 0x51,0x11,0x55,0x11,0xDD,0x01,0x55,0x11,0x11,0x11,0x11,0x11,0x00,0x00,0x11,0x29,
                 0x00,0x00,0xAA,0xAA,0x00,0x00,0xAA,0xAA,0x00,0x00,0xAA,0xAA,0x40,0x40,0xAA,0xAA,
                 0x00,0x00,0xAA,0xAA,0x00,0x00,0xAA,0xAA,0x00,0x00,0xAA,0xAA,0x00,0x00,0xAA,0x82,
                 0x00,0x00,0x00,0x00,0x00,0x00,0x00,0x00,0x00,0x00,0x00,0x00,0x00,0x00,0x00,0x00,
                 0x00,0x00,0x00,0x00,0x00,0x00,0x00,0x00,0x00,0x00,0x00,0x00,0x00,0x00,0x00,0x00,},
    /* 326 */ {0x55,0x55,0x55,0x55,0x5D,0xDD,0x55,0x55,0x55,0x55,0x55,0x55,0x9D,0x9D,0x55,0x55,
                 0x55,0x55,0x55,0x55,0xDD,0x5D,0x55,0x55,0x15,0x55,0x15,0x55,0x1D,0x9D,0x15,0x55,
                 0x00,0x00,0xAA,0xAA,0x00,0x00,0xAA,0xAA,0x00,0x00,0xAA,0xAA,0x40,0x40,0xAA,0xAA,
                 0x00,0x00,0xAA,0xAA,0x00,0x00,0xAA,0xAA,0x00,0x00,0xAA,0xAA,0x00,0x40,0xAA,0xAA,
                 0x00,0x00,0x00,0x00,0x00,0x00,0x00,0x00,0x00,0x00,0x00,0x00,0x00,0x00,0x00,0x00,
                 0x00,0x00,0x00,0x00,0x00,0x00,0x00,0x00,0x00,0x00,0x00,0x00,0x00,0x00,0x00,0x00,},
    /* 327 */ {0x15,0x55,0x15,0x55,0x1D,0xDD,0x95,0x55,0x15,0x55,0x34,0x45,0x1C,0x8D,0xB6,0xAD,
                 0x14,0x45,0x34,0x45,0x1D,0x5D,0xB1,0x11,0x15,0x55,0xA6,0x66,0x19,0x99,0x95,0x55,
                 0x00,0x00,0x2A,0xAA,0x00,0x00,0x2A,0xAA,0x00,0x00,0x0A,0xAA,0x00,0x40,0x08,0x02,
                 0x00,0x00,0x0A,0xAA,0x00,0x00,0x0A,0xAA,0x00,0x00,0x00,0x00,0x00,0x00,0x2A,0xAA,
                 0x00,0x00,0x00,0x00,0x00,0x00,0x00,0x00,0x00,0x00,0x00,0x00,0x00,0x00,0x00,0x00,
                 0x00,0x00,0x00,0x00,0x00,0x00,0x00,0x00,0x00,0x00,0x00,0x00,0x00,0x00,0x00,0x00,},
    /* 328 */ {0x55,0x55,0x55,0x55,0x5D,0xDD,0x55,0x55,0x55,0x55,0x55,0x55,0x9D,0x9D,0x55,0x55,
                 0x55,0x55,0x55,0x55,0xDD,0x5D,0x11,0x11,0x55,0x55,0x55,0x55,0x9D,0x9D,0x55,0x55,
                 0x00,0x00,0xAA,0xAA,0x00,0x00,0xAA,0xAA,0x00,0x00,0xAA,0xAA,0x40,0x40,0xAA,0xAA,
                 0x00,0x00,0xAA,0xAA,0x00,0x00,0xAA,0xAA,0x00,0x00,0xAA,0xAA,0x00,0x40,0xAA,0xAA,
                 0x00,0x00,0x00,0x00,0x00,0x00,0x00,0x00,0x00,0x00,0x00,0x00,0x00,0x00,0x00,0x00,
                 0x00,0x00,0x00,0x00,0x00,0x00,0x00,0x00,0x00,0x00,0x00,0x00,0x00,0x00,0x00,0x00,},
    /* 329 */ {0x55,0x55,0x55,0x55,0x5D,0xDD,0x56,0xAD,0x56,0xAD,0x55,0x55,0x9D,0x9D,0x55,0x55,
                 0x55,0x55,0x55,0x55,0xDD,0x5D,0x55,0x55,0x54,0x44,0x54,0x44,0x9C,0x8C,0x55,0x55,
                 0x00,0x00,0xAA,0xAA,0x00,0x00,0xAB,0xFA,0x01,0x50,0xAA,0xAA,0x40,0x40,0xAA,0xAA,
                 0x00,0x00,0xAA,0xAA,0x00,0x00,0xAA,0xAA,0x01,0x11,0xAB,0xBB,0x41,0x51,0xAA,0xAA,
                 0x00,0x00,0x00,0x00,0x00,0x00,0x00,0x00,0x00,0x00,0x00,0x00,0x00,0x00,0x00,0x00,
                 0x00,0x00,0x00,0x00,0x00,0x00,0x00,0x00,0x00,0x00,0x00,0x00,0x00,0x00,0x00,0x00,},
    /* 330 */ {0x55,0x55,0x55,0x55,0x5D,0xD8,0x55,0x6A,0x55,0x6A,0x55,0x50,0x9D,0x9D,0x55,0x55,
                 0x55,0x55,0x55,0x55,0xDD,0x5D,0x55,0x54,0x55,0x44,0x55,0x44,0x9D,0x8C,0x55,0x44,
                 0x00,0x00,0xAA,0xAA,0x00,0x05,0xAA,0xBF,0x00,0x15,0xAA,0xAF,0x40,0x40,0xAA,0xAA,
                 0x00,0x00,0xAA,0xAA,0x00,0x00,0xAA,0xAB,0x00,0x11,0xAA,0xBB,0x40,0x51,0xAA,0xBB,
                 0x00,0x00,0x00,0x00,0x00,0x00,0x00,0x00,0x00,0x00,0x00,0x00,0x00,0x00,0x00,0x00,
                 0x00,0x00,0x00,0x00,0x00,0x00,0x00,0x00,0x00,0x00,0x00,0x00,0x00,0x00,0x00,0x00,},
    /* 331 */ {0x22,0xAA,0x62,0xEA,0x2A,0xAA,0xAA,0xAA,0xAA,0xAA,0x26,0xAA,0xAA,0xEA,0x22,0xAA,
                 0x22,0xAA,0x62,0xEA,0xAA,0xAA,0x2A,0xAA,0xAA,0xAA,0xAB,0xA9,0xEB,0x29,0xAA,0xAA,
                 0x55,0x55,0xBF,0xBF,0x55,0x55,0xFF,0xFF,0x55,0x55,0xFB,0xFF,0x55,0x55,0xFF,0xFF,
                 0x55,0x55,0xBF,0xBF,0x55,0x55,0xFF,0xFF,0x55,0x55,0xFF,0xFD,0x55,0xD7,0xFF,0xFF,
                 0x00,0x00,0x00,0x00,0x00,0x00,0x00,0x00,0x00,0x00,0x00,0x00,0x00,0x00,0x00,0x00,
                 0x00,0x00,0x00,0x00,0x00,0x00,0x00,0x00,0x00,0x00,0x00,0x02,0x00,0x00,0x00,0x00,},
    /* 332 */ {0xAA,0xAA,0xEA,0xEA,0xAA,0xAA,0xAA,0xEE,0xAA,0xEE,0xAE,0xAA,0xAA,0xEA,0xAA,0xAA,
                 0xAA,0xAA,0xEA,0xEA,0xAA,0xAA,0xAA,0xAA,0xAA,0x44,0x1D,0xDD,0x55,0x55,0xAA,0x44,
                 0x55,0x55,0xBF,0xBF,0x55,0x55,0xFF,0xFF,0x55,0x55,0xFB,0xFF,0x55,0x55,0xFF,0xFF,
                 0x55,0x55,0xBF,0xBF,0x55,0x55,0xFF,0xFF,0x55,0xFF,0x5D,0xDD,0xFF,0xFF,0xFF,0x55,
                 0x00,0x00,0x00,0x00,0x00,0x00,0x00,0x00,0x00,0x00,0x00,0x00,0x00,0x00,0x00,0x00,
                 0x00,0x00,0x00,0x00,0x00,0x00,0x00,0x00,0x00,0x00,0xA2,0x22,0x00,0x00,0x00,0xAA,},
    /* 333 */ {0xAA,0xAB,0xEA,0xEA,0xAA,0xAA,0xEE,0xAA,0xEE,0xAA,0xAE,0xAA,0xAA,0xEA,0xAA,0xAA,
                 0xAA,0xAA,0xEA,0xEA,0xAA,0xAA,0xAA,0xAA,0x44,0x4A,0x5D,0xDD,0x55,0x55,0x44,0x4A,
                 0x55,0x54,0xBF,0xBF,0x55,0x55,0xFF,0xFF,0x55,0x55,0xFB,0xFF,0x55,0x55,0xFF,0xFF,
                 0x55,0x55,0xBF,0xBF,0x55,0x55,0xFF,0xFF,0xFF,0xF5,0x5D,0xDD,0xFF,0xFF,0x55,0x5F,
                 0x00,0x00,0x00,0x00,0x00,0x00,0x00,0x00,0x00,0x00,0x00,0x00,0x00,0x00,0x00,0x00,
                 0x00,0x00,0x00,0x00,0x00,0x00,0x00,0x00,0x00,0x00,0xA2,0x22,0x00,0x00,0xAA,0xA0,},
    /* 334 */ {0xB5,0x55,0xF5,0x55,0xBD,0xDD,0xAA,0x55,0xAA,0x55,0xBD,0x55,0xBD,0x9D,0xB5,0x55,
                 0xBB,0x55,0xFB,0x55,0xAB,0x5D,0xAB,0xB5,0xAA,0xAA,0x2A,0xAA,0x6A,0xAA,0xAA,0xAA,
                 0x40,0x00,0xAA,0xAA,0x40,0x00,0xFF,0xAA,0x55,0x00,0xEA,0xAA,0x40,0x40,0xEA,0xAA,
                 0x44,0x00,0xAE,0xAA,0x54,0x00,0xFE,0xEA,0x55,0x55,0x7F,0xFF,0xD5,0x55,0xFF,0xFF,
                 0x00,0x00,0x00,0x00,0x00,0x00,0x00,0x00,0x00,0x00,0x00,0x00,0x00,0x00,0x00,0x00,
                 0x00,0x00,0x00,0x00,0x00,0x00,0x00,0x00,0x00,0x00,0x80,0x00,0x00,0x00,0x00,0x00,},
    /* 335 */ {0x55,0x55,0x55,0x55,0x5D,0xDD,0x55,0x55,0x55,0x55,0x55,0x55,0x9D,0x9D,0x55,0x55,
                 0x55,0x55,0x55,0x55,0xDD,0x5D,0x55,0x55,0xB5,0x55,0xB5,0x55,0xFD,0x9D,0xB5,0x55,
                 0x00,0x00,0xAA,0xAA,0x00,0x00,0xAA,0xAA,0x00,0x00,0xAA,0xAA,0x40,0x40,0xAA,0xAA,
                 0x00,0x00,0xAA,0xAA,0x00,0x00,0xAA,0xAA,0x40,0x00,0xEA,0xAA,0x40,0x40,0xEA,0xAA,
                 0x00,0x00,0x00,0x00,0x00,0x00,0x00,0x00,0x00,0x00,0x00,0x00,0x00,0x00,0x00,0x00,
                 0x00,0x00,0x00,0x00,0x00,0x00,0x00,0x00,0x00,0x00,0x00,0x00,0x00,0x00,0x00,0x00,},
    /* 336 */ {0x55,0x55,0x55,0x55,0x5D,0xDD,0x55,0x55,0x55,0x55,0x55,0x55,0x9D,0x9D,0x55,0x55,
                 0x55,0x55,0x55,0x55,0xDD,0x5D,0x55,0x55,0x55,0x55,0x55,0x55,0x9D,0x9C,0x55,0x55,
                 0x00,0x00,0xAA,0xAA,0x00,0x00,0xAA,0xAA,0x00,0x00,0xAA,0xAA,0x40,0x40,0xAA,0xAA,
                 0x00,0x00,0xAA,0xAA,0x00,0x00,0xAA,0xAA,0x00,0x00,0xAA,0xAA,0x40,0x40,0xAA,0xAA,
                 0x00,0x00,0x00,0x00,0x00,0x00,0x00,0x00,0x00,0x00,0x00,0x00,0x00,0x00,0x00,0x00,
                 0x00,0x00,0x00,0x00,0x00,0x00,0x00,0x00,0x00,0x00,0x00,0x00,0x00,0x00,0x00,0x00,},
    /* 337 */ {0x55,0x51,0x55,0x51,0x5D,0xC0,0x55,0x55,0x55,0x55,0x55,0x11,0x9D,0x99,0x54,0xAA,
                 0x55,0x11,0x51,0x11,0xD9,0x19,0x4A,0xAA,0x50,0x00,0x32,0x22,0x84,0x00,0x55,0xBB,
                 0x00,0x00,0xAA,0xAA,0x00,0x00,0xAA,0xAA,0x00,0x00,0xAA,0xAA,0x40,0x00,0xAA,0x00,
                 0x00,0x00,0xAA,0xAA,0x00,0x00,0xA0,0x00,0x00,0x00,0x80,0x00,0x40,0x00,0xAA,0x00,
                 0x00,0x00,0x00,0x00,0x00,0x00,0x00,0x00,0x00,0x00,0x00,0x00,0x00,0x00,0x00,0x00,
                 0x00,0x00,0x00,0x00,0x00,0x00,0x00,0x00,0x00,0x00,0x00,0x00,0x00,0x00,0x00,0x00,},
    /* 338 */ {0x11,0x01,0x11,0x21,0x00,0x00,0x55,0x55,0x55,0x55,0x11,0x22,0x99,0x80,0xAA,0xAA,
                 0x10,0x00,0x12,0x22,0x98,0x00,0xAA,0xAA,0x00,0x00,0xA2,0x22,0x00,0x00,0xBB,0xBB,
                 0x00,0x00,0xAA,0x82,0x00,0x00,0xAA,0xAA,0x00,0x00,0xAA,0x80,0x00,0x00,0x00,0x00,
                 0x00,0x00,0xA8,0x00,0x00,0x00,0x00,0x00,0x00,0x00,0x00,0x00,0x00,0x00,0x00,0x00,
                 0x00,0x00,0x00,0x00,0x00,0x00,0x00,0x00,0x00,0x00,0x00,0x00,0x00,0x00,0x00,0x00,
                 0x00,0x00,0x00,0x00,0x00,0x00,0x00,0x00,0x00,0x00,0x00,0x00,0x00,0x00,0x00,0x00,},
    /* 339 */ {0x11,0x55,0x11,0x55,0x01,0xDD,0x55,0x55,0x55,0x55,0x11,0x55,0x19,0x9D,0xAB,0x55,
                 0x11,0x55,0x11,0x55,0x19,0x5D,0xAA,0x44,0x01,0x55,0xB3,0x31,0x8C,0x8C,0x55,0x55,
                 0x00,0x00,0xAA,0xAA,0x00,0x00,0xAA,0xAA,0x00,0x00,0x2A,0xAA,0x00,0x40,0x00,0xAA,
                 0x00,0x00,0x2A,0xAA,0x00,0x00,0x00,0xAA,0x00,0x00,0x00,0x02,0x40,0x40,0xAA,0xAA,
                 0x00,0x00,0x00,0x00,0x00,0x00,0x00,0x00,0x00,0x00,0x00,0x00,0x00,0x00,0x00,0x00,
                 0x00,0x00,0x00,0x00,0x00,0x00,0x00,0x00,0x00,0x00,0x00,0x00,0x00,0x00,0x00,0x00,},
    /* 340 */ {0x55,0x54,0x55,0x56,0x5D,0xDC,0x55,0x56,0x55,0x54,0x55,0x56,0x9D,0x9C,0x55,0x56,
                 0x55,0x50,0x55,0x52,0xDD,0x58,0x55,0x56,0x55,0x54,0x55,0x56,0x9D,0x9C,0x55,0x56,
                 0x00,0x00,0xAA,0xA8,0x00,0x00,0xAA,0xA8,0x00,0x00,0xAA,0xA8,0x40,0x40,0xAA,0xA8,
                 0x00,0x00,0xAA,0xA8,0x00,0x00,0xAA,0xA8,0x00,0x00,0xAA,0xA8,0x40,0x40,0xAA,0xA8,
                 0x00,0x00,0x00,0x00,0x00,0x00,0x00,0x00,0x00,0x00,0x00,0x00,0x00,0x00,0x00,0x00,
                 0x00,0x00,0x00,0x00,0x00,0x00,0x00,0x00,0x00,0x00,0x00,0x00,0x00,0x00,0x00,0x00,},
    /* 341 */ {0x15,0x55,0x15,0x55,0x1D,0xDD,0x95,0x55,0x15,0x55,0x55,0x55,0x1D,0x9D,0x95,0x55,
                 0x55,0x55,0x15,0x55,0x1D,0x5D,0x95,0x55,0x55,0x55,0xE5,0x55,0x2C,0x8C,0xEC,0x44,
                 0x00,0x00,0x2A,0xAA,0x00,0x00,0x2A,0xAA,0x00,0x00,0x2A,0xAA,0x00,0x40,0x2A,0xAA,
                 0x00,0x00,0x2A,0xAA,0x00,0x00,0x2A,0xAA,0x00,0x00,0x3A,0xAA,0x51,0x51,0x3B,0xBB,
                 0x00,0x00,0x00,0x00,0x00,0x00,0x00,0x00,0x00,0x00,0x00,0x00,0x00,0x00,0x00,0x00,
                 0x00,0x00,0x00,0x00,0x00,0x00,0x00,0x00,0x00,0x00,0x00,0x00,0x00,0x00,0x00,0x00,},
    /* 342 */ {0x55,0x55,0x55,0x55,0x5D,0xDD,0x55,0x55,0x55,0x55,0x55,0x55,0x9D,0x9D,0x55,0x55,
                 0x55,0x55,0x55,0x55,0xDD,0x5D,0x55,0x55,0x55,0x55,0x4A,0xAA,0x8A,0xAA,0x6A,0xAA,
                 0x00,0x00,0xAA,0xAA,0x00,0x00,0xAA,0xAA,0x00,0x00,0xAA,0xAA,0x40,0x40,0xAA,0xAA,
                 0x00,0x00,0xAA,0xAA,0x00,0x00,0xAA,0xAA,0x00,0x00,0xBF,0xFF,0x55,0x55,0xBF,0xFF,
                 0x00,0x00,0x00,0x00,0x00,0x00,0x00,0x00,0x00,0x00,0x00,0x00,0x00,0x00,0x00,0x00,
                 0x00,0x00,0x00,0x00,0x00,0x00,0x00,0x00,0x00,0x00,0x00,0x00,0x00,0x00,0x00,0x00,},
    /* 343 */ {0x55,0x55,0x55,0x55,0x5D,0xCC,0x55,0x55,0x55,0x55,0x55,0x55,0x9C,0x8C,0x54,0x44,
                 0x54,0x44,0x55,0x55,0xDD,0x5C,0x55,0x54,0x55,0x54,0xAA,0xAA,0xEA,0xAA,0xAA,0xAA,
                 0x00,0x00,0xAA,0xAA,0x00,0x11,0xAA,0xAA,0x00,0x00,0xAA,0xAA,0x41,0x51,0xAB,0xBB,
                 0x01,0x11,0xAA,0xAA,0x00,0x01,0xAA,0xAB,0x00,0x01,0xFF,0xFF,0x55,0x55,0xFF,0xFF,
                 0x00,0x00,0x00,0x00,0x00,0x00,0x00,0x00,0x00,0x00,0x00,0x00,0x00,0x00,0x00,0x00,
                 0x00,0x00,0x00,0x00,0x00,0x00,0x00,0x00,0x00,0x00,0x00,0x00,0x00,0x00,0x00,0x00,},
    /* 344 */ {0x55,0x55,0x55,0x55,0x4C,0xCC,0x45,0x55,0x55,0x55,0x45,0x55,0x8C,0x8D,0x44,0x45,
                 0x44,0x45,0x41,0x55,0xAA,0x5D,0xAA,0x55,0xAA,0x55,0xAA,0xAA,0xEA,0xAA,0xAA,0xAA,
                 0x00,0x00,0xAA,0xAA,0x11,0x11,0xBA,0xAA,0x00,0x00,0xBA,0xAA,0x51,0x50,0xBB,0xBA,
                 0x11,0x10,0xBE,0xAA,0x55,0x00,0xFF,0xAA,0x55,0x00,0xFF,0xFF,0x55,0x55,0xFF,0xFF,
                 0x00,0x00,0x00,0x00,0x00,0x00,0x00,0x00,0x00,0x00,0x00,0x00,0x00,0x00,0x00,0x00,
                 0x00,0x00,0x00,0x00,0x00,0x00,0x00,0x00,0x00,0x00,0x00,0x00,0x00,0x00,0x00,0x00,},
    /* 345 */ {0x55,0x55,0x55,0x55,0x4C,0xCC,0x55,0x55,0x55,0x55,0x55,0x55,0x9C,0x8C,0x54,0x44,
                 0x54,0x44,0x55,0x55,0xDD,0x5D,0x55,0x55,0x55,0x55,0xAA,0xAA,0xEA,0xAA,0xAA,0xAA,
                 0x00,0x00,0xAA,0xAA,0x11,0x11,0xAA,0xAA,0x00,0x00,0xAA,0xAA,0x41,0x51,0xAB,0xBB,
                 0x01,0x11,0xAA,0xAA,0x00,0x00,0xAA,0xAA,0x00,0x00,0xFF,0xFF,0x55,0x55,0xFF,0xFF,
                 0x00,0x00,0x00,0x00,0x00,0x00,0x00,0x00,0x00,0x00,0x00,0x00,0x00,0x00,0x00,0x00,
                 0x00,0x00,0x00,0x00,0x00,0x00,0x00,0x00,0x00,0x00,0x00,0x00,0x00,0x00,0x00,0x00,},
    /* 346 */ {0x55,0x55,0x55,0x55,0x5D,0xDD,0x55,0x55,0x55,0x55,0x55,0x55,0x9D,0x9D,0x55,0x55,
                 0x55,0x55,0x55,0x55,0xDD,0x5D,0x55,0x55,0x55,0x55,0x45,0x55,0x8C,0x9D,0xEC,0x55,
                 0x00,0x00,0xAA,0xAA,0x00,0x00,0xAA,0xAA,0x00,0x00,0xAA,0xAA,0x40,0x40,0xAA,0xAA,
                 0x00,0x00,0xAA,0xAA,0x00,0x00,0xAA,0xAA,0x00,0x00,0xBA,0xAA,0x51,0x40,0xBB,0xAA,
                 0x00,0x00,0x00,0x00,0x00,0x00,0x00,0x00,0x00,0x00,0x00,0x00,0x00,0x00,0x00,0x00,
                 0x00,0x00,0x00,0x00,0x00,0x00,0x00,0x00,0x00,0x00,0x00,0x00,0x00,0x00,0x00,0x00,},
    /* 347 */ {0x55,0x54,0x55,0x44,0x5D,0xCC,0x55,0x44,0x55,0x54,0x55,0x44,0x9D,0x8C,0x55,0x44,
                 0x55,0x44,0x55,0x54,0xDD,0x5C,0x55,0x54,0x55,0x54,0x55,0x4A,0x9C,0x8A,0x54,0x6A,
                 0x00,0x01,0xAA,0xBB,0x00,0x11,0xAA,0xBB,0x00,0x01,0xAA,0xBB,0x40,0x51,0xAA,0xBB,
                 0x00,0x11,0xAA,0xAB,0x00,0x01,0xAA,0xAB,0x00,0x01,0xAA,0xBF,0x41,0x55,0xAB,0xBF,
                 0x00,0x00,0x00,0x00,0x00,0x00,0x00,0x00,0x00,0x00,0x00,0x00,0x00,0x00,0x00,0x00,
                 0x00,0x00,0x00,0x00,0x00,0x00,0x00,0x00,0x00,0x00,0x00,0x00,0x00,0x00,0x00,0x00,},
    /* 348 */ {0xAA,0xAA,0xEA,0xEA,0xAA,0xAA,0xAA,0xAA,0xAA,0xAA,0xAE,0xAA,0xAB,0x69,0xAB,0x29,
                 0xAA,0xAA,0xEA,0xEA,0xAA,0xAA,0xAA,0xAA,0xAA,0xAA,0xAA,0xAA,0xEB,0x11,0xAB,0x39,
                 0x55,0x55,0xBF,0xBF,0x55,0x55,0xFF,0xFF,0x55,0x55,0xFB,0xFF,0x55,0xD7,0xFF,0x7D,
                 0x55,0x55,0xBF,0xBF,0x55,0x55,0xFF,0xFF,0x55,0x55,0xFF,0xFF,0x55,0xFF,0xFF,0x7D,
                 0x00,0x00,0x00,0x00,0x00,0x00,0x00,0x00,0x00,0x00,0x00,0x00,0x00,0x00,0x00,0x82,
                 0x00,0x00,0x00,0x00,0x00,0x00,0x00,0x00,0x00,0x00,0x00,0x00,0x00,0x00,0x00,0x82,},
    /* 349 */ {0xAA,0xAA,0xEA,0xEA,0xAA,0xAA,0xAA,0xAA,0xAA,0xAA,0xAE,0xAA,0x15,0x55,0x11,0x51,
                 0xAA,0xAA,0xEA,0xEA,0xAA,0xAA,0xAA,0xAA,0xAA,0xAA,0xAA,0xAA,0x55,0x12,0x55,0x3A,
                 0x55,0x55,0xBF,0xBF,0x55,0x55,0xFF,0xFF,0x55,0x55,0xFB,0xFF,0xFF,0xFF,0x55,0x55,
                 0x55,0x55,0xBF,0xBF,0x55,0x55,0xFF,0xFF,0x55,0x55,0xFF,0xFF,0xFF,0xFD,0x55,0x7F,
                 0x00,0x00,0x00,0x00,0x00,0x00,0x00,0x00,0x00,0x00,0x00,0x00,0x00,0x00,0xAA,0xAA,
                 0x00,0x00,0x00,0x00,0x00,0x00,0x00,0x00,0x00,0x00,0x00,0x00,0x00,0x00,0xAA,0x80,},
    /* 350 */ {0xAA,0xAA,0xEA,0xEA,0xAA,0xAA,0xAA,0xAA,0xAA,0xAA,0xAE,0xAA,0x55,0x52,0x3B,0xBA,
                 0xAA,0xAA,0xEA,0xEA,0xAA,0xAA,0xAA,0xAA,0xAA,0xAA,0xAA,0xAA,0xEA,0xAA,0xAA,0xAA,
                 0x55,0x55,0xBF,0xBF,0x55,0x55,0xFF,0xFF,0x55,0x55,0xFB,0xFF,0xFF,0xFD,0x7F,0xFF,
                 0x55,0x55,0xBF,0xBF,0x55,0x55,0xFF,0xFF,0x55,0x55,0xFF,0xFF,0x55,0x55,0xFF,0xFF,
                 0x00,0x00,0x00,0x00,0x00,0x00,0x00,0x00,0x00,0x00,0x00,0x00,0x00,0x00,0x80,0x00,
                 0x00,0x00,0x00,0x00,0x00,0x00,0x00,0x00,0x00,0x00,0x00,0x00,0x00,0x00,0x00,0x00,},
    /* 351 */ {0xAA,0xAA,0xEA,0xEA,0xAA,0xAA,0xAA,0xAA,0xAA,0xAA,0xAE,0xAA,0xAA,0xEA,0xAA,0xAA,
                 0xAA,0xAA,0xEA,0xEB,0xAA,0xAB,0xAA,0xAB,0xAA,0xBD,0xAA,0xB7,0xEA,0xBF,0xAA,0xA2,
                 0x55,0x55,0xBF,0xBF,0x55,0x55,0xFF,0xFF,0x55,0x55,0xFB,0xFF,0x55,0x55,0xFF,0xFF,
                 0x55,0x55,0xBF,0xBE,0x55,0x54,0xFF,0xFE,0x55,0x40,0xFF,0xEA,0x55,0x40,0xFF,0xFF,
                 0x00,0x00,0x00,0x00,0x00,0x00,0x00,0x00,0x00,0x00,0x00,0x00,0x00,0x00,0x00,0x00,
                 0x00,0x00,0x00,0x00,0x00,0x00,0x00,0x00,0x00,0x00,0x00,0x00,0x00,0x00,0x00,0x00,},
    /* 352 */ {0xB5,0x55,0xF5,0x55,0xBF,0xFD,0xB7,0x55,0xB5,0x55,0xB7,0x55,0xBF,0xBF,0xB7,0x77,
                 0xB7,0x77,0x55,0x55,0xDD,0x5D,0x55,0x55,0x55,0x55,0x77,0x77,0xBF,0xBF,0x22,0x22,
                 0x40,0x00,0xAA,0xAA,0x40,0x00,0xEA,0xAA,0x40,0x00,0xEA,0xAA,0x40,0x40,0xEA,0xAA,
                 0x40,0x00,0xAA,0xAA,0x00,0x00,0xAA,0xAA,0x00,0x00,0xAA,0xAA,0x40,0x40,0xFF,0xFF,
                 0x00,0x00,0x00,0x00,0x00,0x00,0x00,0x00,0x00,0x00,0x00,0x00,0x00,0x00,0x00,0x00,
                 0x00,0x00,0x00,0x00,0x00,0x00,0x00,0x00,0x00,0x00,0x00,0x00,0x00,0x00,0x00,0x00,},
    /* 353 */ {0x55,0x55,0x55,0x55,0x5D,0x99,0x55,0x55,0x55,0x55,0x55,0x55,0xBE,0xD9,0x76,0x91,
                 0x76,0x91,0x57,0x55,0xDD,0x5D,0x55,0x55,0x57,0x55,0x76,0x55,0xBE,0x9D,0x76,0xD5,
                 0x00,0x00,0xAA,0xAA,0x00,0x44,0xAA,0xAA,0x00,0x00,0xAA,0xAA,0x41,0x44,0xAB,0xEE,
                 0x01,0x44,0xAA,0xAA,0x00,0x00,0xAA,0xAA,0x00,0x00,0xAB,0xAA,0x41,0x40,0xAB,0xAA,
                 0x00,0x00,0x00,0x00,0x00,0x00,0x00,0x00,0x00,0x00,0x00,0x00,0x00,0x00,0x00,0x00,
                 0x00,0x00,0x00,0x00,0x00,0x00,0x00,0x00,0x00,0x00,0x00,0x00,0x00,0x00,0x00,0x00,},
    /* 354 */ {0x55,0x55,0x55,0x55,0x5D,0xDD,0x55,0x55,0x55,0x55,0x55,0x55,0x99,0xD9,0x11,0x11,
                 0x11,0x11,0x55,0x55,0xDD,0x5D,0x55,0x55,0x55,0x55,0x11,0x12,0xD9,0x9A,0x1B,0xBA,
                 0x00,0x00,0xAA,0xAA,0x00,0x00,0xAA,0xAA,0x00,0x00,0xAA,0xAA,0x44,0x44,0xEE,0xEE,
                 0x44,0x44,0xAA,0xAA,0x00,0x00,0xAA,0xAA,0x00,0x00,0xEE,0xEF,0x44,0x45,0xEE,0xEF,
                 0x00,0x00,0x00,0x00,0x00,0x00,0x00,0x00,0x00,0x00,0x00,0x00,0x00,0x00,0x00,0x00,
                 0x00,0x00,0x00,0x00,0x00,0x00,0x00,0x00,0x00,0x00,0x00,0x00,0x00,0x00,0x00,0x00,},
    /* 355 */ {0x55,0x55,0x55,0x55,0x19,0xDD,0x55,0x55,0x55,0x55,0x55,0x55,0x99,0xDD,0x11,0x15,
                 0x11,0x15,0x55,0x55,0xDD,0x5D,0x55,0x55,0x55,0x55,0xAA,0xA9,0xEA,0xA9,0xAA,0xAB,
                 0x00,0x00,0xAA,0xAA,0x44,0x00,0xAA,0xAA,0x00,0x00,0xAA,0xAA,0x44,0x40,0xEE,0xEA,
                 0x44,0x40,0xAA,0xAA,0x00,0x00,0xAA,0xAA,0x00,0x00,0xFF,0xFE,0x55,0x54,0xFF,0xFE,
                 0x00,0x00,0x00,0x00,0x00,0x00,0x00,0x00,0x00,0x00,0x00,0x00,0x00,0x00,0x00,0x00,
                 0x00,0x00,0x00,0x00,0x00,0x00,0x00,0x00,0x00,0x00,0x00,0x00,0x00,0x00,0x00,0x00,},
    /* 356 */ {0x55,0x55,0x55,0x55,0x5D,0xDD,0x55,0x55,0x55,0x55,0x55,0x55,0x9D,0x9D,0x55,0x55,
                 0x55,0x55,0x55,0x55,0xDD,0x5D,0x55,0x55,0x55,0x55,0x15,0x55,0xD9,0x9D,0xB1,0x55,
                 0x00,0x00,0xAA,0xAA,0x00,0x00,0xAA,0xAA,0x00,0x00,0xAA,0xAA,0x40,0x40,0xAA,0xAA,
                 0x00,0x00,0xAA,0xAA,0x00,0x00,0xAA,0xAA,0x00,0x00,0xEA,0xAA,0x44,0x40,0xEE,0xAA,
                 0x00,0x00,0x00,0x00,0x00,0x00,0x00,0x00,0x00,0x00,0x00,0x00,0x00,0x00,0x00,0x00,
                 0x00,0x00,0x00,0x00,0x00,0x00,0x00,0x00,0x00,0x00,0x00,0x00,0x00,0x00,0x00,0x00,},
    /* 357 */ {0x51,0x11,0x55,0x55,0x5D,0xDD,0x55,0x55,0x55,0x55,0x55,0x55,0x9D,0x9D,0x55,0x55,
                 0x55,0x55,0x55,0x55,0xDD,0x5D,0x55,0x55,0x55,0x55,0x55,0x55,0x9D,0x9D,0x55,0x55,
                 0x00,0x00,0xAA,0xAA,0x00,0x00,0xAA,0xAA,0x00,0x00,0xAA,0xAA,0x40,0x40,0xAA,0xAA,
                 0x00,0x00,0xAA,0xAA,0x00,0x00,0xAA,0xAA,0x00,0x00,0xAA,0xAA,0x40,0x40,0xAA,0xAA,
                 0x00,0x00,0x00,0x00,0x00,0x00,0x00,0x00,0x00,0x00,0x00,0x00,0x00,0x00,0x00,0x00,
                 0x00,0x00,0x00,0x00,0x00,0x00,0x00,0x00,0x00,0x00,0x00,0x00,0x00,0x00,0x00,0x00,},
    /* 358 */ {0x11,0x11,0x55,0x55,0x5D,0xDD,0x55,0x55,0x55,0x55,0x55,0x55,0x9D,0x9D,0x55,0x55,
                 0x55,0x55,0x55,0x55,0xDD,0x5D,0x55,0x55,0x55,0x55,0x55,0x55,0x9D,0x99,0x55,0x11,
                 0x00,0x00,0xAA,0xAA,0x00,0x00,0xAA,0xAA,0x00,0x00,0xAA,0xAA,0x40,0x40,0xAA,0xAA,
                 0x00,0x00,0xAA,0xAA,0x00,0x00,0xAA,0xAA,0x00,0x00,0xAA,0xAA,0x40,0x44,0xAA,0xEE,
                 0x00,0x00,0x00,0x00,0x00,0x00,0x00,0x00,0x00,0x00,0x00,0x00,0x00,0x00,0x00,0x00,
                 0x00,0x00,0x00,0x00,0x00,0x00,0x00,0x00,0x00,0x00,0x00,0x00,0x00,0x00,0x00,0x00,},
    /* 359 */ {0x55,0x55,0x55,0x55,0x5D,0xDD,0x55,0x55,0x55,0x55,0x55,0x55,0x9D,0x9D,0x55,0x55,
                 0x55,0x55,0x55,0x55,0xDD,0x5D,0x55,0x55,0x55,0x55,0x2A,0xAA,0xEA,0xAA,0xAA,0xAA,
                 0x00,0x00,0xAA,0xAA,0x00,0x00,0xAA,0xAA,0x00,0x00,0xAA,0xAA,0x40,0x40,0xAA,0xAA,
                 0x00,0x00,0xAA,0xAA,0x00,0x00,0xAA,0xAA,0x00,0x00,0xFF,0xFF,0x55,0x55,0xFF,0xFF,
                 0x00,0x00,0x00,0x00,0x00,0x00,0x00,0x00,0x00,0x00,0x00,0x00,0x00,0x00,0x00,0x00,
                 0x00,0x00,0x00,0x00,0x00,0x00,0x00,0x00,0x00,0x00,0x00,0x00,0x00,0x00,0x00,0x00,},
    /* 360 */ {0x55,0x54,0x55,0x56,0x5D,0xDC,0x55,0x56,0x55,0x54,0x55,0x56,0x99,0xDC,0x11,0x10,
                 0x11,0x14,0x55,0x54,0xDD,0x5C,0x55,0x54,0x55,0x54,0xAA,0xAC,0xEA,0xA8,0xAA,0xA8,
                 0x00,0x00,0xAA,0xA8,0x00,0x00,0xAA,0xA8,0x00,0x00,0xAA,0xA8,0x44,0x40,0xEE,0xEE,
                 0x44,0x40,0xAA,0xAA,0x00,0x00,0xAA,0xAA,0x00,0x00,0xFF,0xFA,0x55,0x54,0xFF,0xFE,
                 0x00,0x00,0x00,0x00,0x00,0x00,0x00,0x00,0x00,0x00,0x00,0x00,0x00,0x00,0x00,0x00,
                 0x00,0x00,0x00,0x00,0x00,0x00,0x00,0x00,0x00,0x00,0x00,0x00,0x00,0x00,0x00,0x00,},
    /* 361 */ {0x6A,0xAA,0x6A,0xEA,0x4A,0xCA,0xCA,0x4A,0x4A,0x4A,0x4E,0x4A,0x2A,0xEA,0xEA,0xAA,
                 0x6A,0xAA,0x6A,0xEA,0x6A,0xAA,0xEA,0xAA,0x6A,0xAA,0xEA,0xAA,0x2A,0x8A,0xEA,0xDA,
                 0x15,0x55,0x3F,0xBF,0x15,0x15,0x3F,0xBF,0x15,0x15,0x3B,0xBF,0x55,0x55,0x3F,0xFF,
                 0x15,0x55,0x3F,0xBF,0x15,0x55,0x3F,0xFF,0x15,0x55,0x3F,0xFF,0x55,0x75,0x3F,0xDF,
                 0x00,0x00,0x00,0x00,0x00,0x00,0x00,0x00,0x00,0x00,0x00,0x00,0x00,0x00,0x00,0x00,
                 0x00,0x00,0x00,0x00,0x00,0x00,0x00,0x00,0x00,0x00,0x00,0x00,0x00,0x00,0x00,0x20,},
    /* 362 */ {0xAA,0xAA,0xEA,0xEA,0xAA,0xAA,0xAA,0xAA,0xAA,0xAA,0xAE,0xAA,0xAA,0xEA,0xAA,0xB7,
                 0xAA,0xB7,0xEA,0xEA,0xAA,0xAA,0xAA,0xAA,0xAA,0xAA,0xAA,0xAA,0xEA,0xA9,0xAA,0xAD,
                 0x55,0x55,0xBF,0xBF,0x55,0x55,0xFF,0xFF,0x55,0x55,0xFB,0xFF,0x55,0x55,0xFF,0xF7,
                 0x55,0x5D,0xBF,0xBF,0x55,0x55,0xFF,0xFF,0x55,0x55,0xFF,0xFF,0x55,0x57,0xFF,0xFD,
                 0x00,0x00,0x00,0x00,0x00,0x00,0x00,0x00,0x00,0x00,0x00,0x00,0x00,0x00,0x00,0x08,
                 0x00,0x00,0x00,0x00,0x00,0x00,0x00,0x00,0x00,0x00,0x00,0x00,0x00,0x00,0x00,0x02,},
    /* 363 */ {0xAA,0xAA,0xEA,0xEA,0xAA,0xAA,0xAA,0xAA,0xAA,0xAA,0xAE,0xAA,0xAA,0xEA,0x55,0x77,
                 0x55,0x77,0xEA,0xEA,0xAA,0xAA,0xAA,0xAA,0xAA,0xAA,0xAA,0xAA,0xDC,0xAA,0xDD,0xAA,
                 0x55,0x55,0xBF,0xBF,0x55,0x55,0xFF,0xFF,0x55,0x55,0xFB,0xFF,0x55,0x55,0x55,0x77,
                 0xFF,0xDD,0xBF,0xBF,0x55,0x55,0xFF,0xFF,0x55,0x55,0xFF,0xFF,0x77,0x55,0xDD,0xFF,
                 0x00,0x00,0x00,0x00,0x00,0x00,0x00,0x00,0x00,0x00,0x00,0x00,0x00,0x00,0xAA,0x88,
                 0x00,0x00,0x00,0x00,0x00,0x00,0x00,0x00,0x00,0x00,0x00,0x00,0x00,0x00,0x22,0x00,},
    /* 364 */ {0xAA,0xAA,0xEA,0xEA,0xAA,0xAA,0xAA,0xAA,0xAA,0xAA,0xAE,0xAA,0xAA,0xEA,0x6A,0xAA,
                 0x6A,0xAA,0xEA,0xEA,0xAA,0xAA,0xAA,0xAA,0xAA,0xAA,0xAA,0xAA,0xEA,0xAA,0xAA,0xAA,
                 0x55,0x55,0xBF,0xBF,0x55,0x55,0xFF,0xFF,0x55,0x55,0xFB,0xFF,0x55,0x55,0x7F,0xFF,
                 0xD5,0x55,0xBF,0xBF,0x55,0x55,0xFF,0xFF,0x55,0x55,0xFF,0xFF,0x55,0x55,0xFF,0xFF,
                 0x00,0x00,0x00,0x00,0x00,0x00,0x00,0x00,0x00,0x00,0x00,0x00,0x00,0x00,0x80,0x00,
                 0x00,0x00,0x00,0x00,0x00,0x00,0x00,0x00,0x00,0x00,0x00,0x00,0x00,0x00,0x00,0x00,},
    /* 365 */ {0xAA,0x95,0xEA,0xD5,0xAA,0xDD,0xAA,0x55,0xAA,0x55,0xAE,0x55,0xAA,0xEA,0xAA,0xAA,
                 0xAA,0xAA,0xEA,0xEA,0xAA,0xAA,0xAA,0xAA,0xAA,0xAA,0xAA,0xAA,0xEA,0xAA,0xAA,0xAA,
                 0x55,0x40,0xBF,0xAA,0x55,0x00,0xFF,0xAA,0x55,0x00,0xFB,0xAA,0x55,0x55,0xFF,0xFF,
                 0x55,0x55,0xBF,0xBF,0x55,0x55,0xFF,0xFF,0x55,0x55,0xFF,0xFF,0x55,0x55,0xFF,0xFF,
                 0x00,0x00,0x00,0x00,0x00,0x00,0x00,0x00,0x00,0x00,0x00,0x00,0x00,0x00,0x00,0x00,
                 0x00,0x00,0x00,0x00,0x00,0x00,0x00,0x00,0x00,0x00,0x00,0x00,0x00,0x00,0x00,0x00,},
    /* 366 */ {0x52,0xAA,0x56,0xEA,0x5C,0xAA,0x54,0xAA,0x54,0xAA,0x54,0xAA,0xAA,0xEA,0xAA,0xAA,
                 0xAA,0xAA,0xEA,0xEA,0xAA,0xAA,0xAA,0xAA,0xAA,0xAA,0xAA,0xAA,0xEA,0xAA,0xAA,0xAA,
                 0x05,0x55,0xAB,0xBF,0x01,0x55,0xAB,0xFF,0x01,0x55,0xAB,0xFF,0x55,0x55,0xFF,0xFF,
                 0x55,0x55,0xBF,0xBF,0x55,0x55,0xFF,0xFF,0x55,0x55,0xFF,0xFF,0x55,0x55,0xFF,0xFF,
                 0x00,0x00,0x00,0x00,0x00,0x00,0x00,0x00,0x00,0x00,0x00,0x00,0x00,0x00,0x00,0x00,
                 0x00,0x00,0x00,0x00,0x00,0x00,0x00,0x00,0x00,0x00,0x00,0x00,0x00,0x00,0x00,0x00,},
    /* 367 */ {0xAA,0xAA,0xEA,0xEA,0xAA,0xAA,0xAA,0xAA,0xAA,0xAA,0xAE,0xAA,0xAA,0xEA,0xAB,0x29,
                 0xAB,0x2B,0xEA,0xEA,0xAA,0xAA,0xAA,0xAA,0xAA,0xAA,0xAA,0xAA,0xEA,0xAA,0xAB,0x2A,
                 0x55,0x55,0xBF,0xBF,0x55,0x55,0xFF,0xFF,0x55,0x55,0xFB,0xFF,0x55,0x55,0xFF,0x7D,
                 0x55,0xD5,0xBF,0xBF,0x55,0x55,0xFF,0xFF,0x55,0x55,0xFF,0xFF,0x55,0x55,0xFF,0x7F,
                 0x00,0x00,0x00,0x00,0x00,0x00,0x00,0x00,0x00,0x00,0x00,0x00,0x00,0x00,0x00,0x82,
                 0x00,0x00,0x00,0x00,0x00,0x00,0x00,0x00,0x00,0x00,0x00,0x00,0x00,0x00,0x00,0x80,},
    /* 368 */ {0xAA,0xAA,0xEA,0xEA,0xAA,0xAA,0xAA,0xAA,0xAA,0xAA,0xAE,0xAA,0xAA,0xEA,0x12,0xAA,
                 0xBA,0xAA,0xEA,0xEA,0xAA,0xAA,0xAA,0xAA,0xAA,0xAA,0xAA,0xAA,0xEA,0xAA,0xAA,0xAA,
                 0x55,0x55,0xBF,0xBF,0x55,0x55,0xFF,0xFF,0x55,0x55,0xFB,0xFF,0x55,0x55,0x57,0xFF,
                 0x55,0x55,0xBF,0xBF,0x55,0x55,0xFF,0xFF,0x55,0x55,0xFF,0xFF,0x55,0x55,0xFF,0xFF,
                 0x00,0x00,0x00,0x00,0x00,0x00,0x00,0x00,0x00,0x00,0x00,0x00,0x00,0x00,0xA8,0x00,
                 0x00,0x00,0x00,0x00,0x00,0x00,0x00,0x00,0x00,0x00,0x00,0x00,0x00,0x00,0x00,0x00,},
    /* 369 */ {0xAA,0xAA,0xEA,0xEA,0xAA,0xAA,0xAA,0xAA,0xAA,0xAA,0xAE,0xBF,0xAA,0xFF,0xAA,0xB7,
                 0xAA,0xB7,0xEA,0xF7,0xBD,0x5D,0xB5,0x55,0xB5,0x55,0xB5,0x55,0xEA,0x9D,0xAA,0xD5,
                 0x55,0x55,0xBF,0xBF,0x55,0x55,0xFF,0xFF,0x55,0x55,0xFB,0xEA,0x55,0x40,0xFF,0xEA,
                 0x55,0x40,0xBF,0xAA,0x40,0x00,0xEA,0xAA,0x40,0x00,0xEA,0xAA,0x55,0x40,0xFF,0xAA,
                 0x00,0x00,0x00,0x00,0x00,0x00,0x00,0x00,0x00,0x00,0x00,0x00,0x00,0x00,0x00,0x00,
                 0x00,0x00,0x00,0x00,0x00,0x00,0x00,0x00,0x00,0x00,0x00,0x00,0x00,0x00,0x00,0x00,},
    /* 370 */ {0xAA,0xAA,0xEA,0xEA,0xBD,0xDD,0xB5,0x55,0xB5,0x55,0xD5,0x55,0xBF,0xBD,0x77,0x75,
                 0x77,0x75,0x55,0x55,0xDD,0x5D,0x55,0x55,0x55,0x55,0x55,0x55,0x9D,0x9D,0x55,0x55,
                 0x55,0x55,0xBF,0xBF,0x40,0x00,0xEA,0xAA,0x40,0x00,0xAA,0xAA,0x40,0x40,0xAA,0xAA,
                 0x00,0x00,0xAA,0xAA,0x00,0x00,0xAA,0xAA,0x00,0x00,0xAA,0xAA,0x40,0x40,0xAA,0xAA,
                 0x00,0x00,0x00,0x00,0x00,0x00,0x00,0x00,0x00,0x00,0x00,0x00,0x00,0x00,0x00,0x00,
                 0x00,0x00,0x00,0x00,0x00,0x00,0x00,0x00,0x00,0x00,0x00,0x00,0x00,0x00,0x00,0x00,},
    /* 371 */ {0xAA,0xAA,0xEA,0xEA,0x5D,0xDD,0x55,0x55,0x55,0x55,0x55,0x55,0x9F,0x9D,0x57,0x55,
                 0x57,0x55,0x55,0x55,0xDD,0x5D,0x55,0x55,0x55,0x55,0x55,0x55,0x9D,0x9D,0x55,0x55,
                 0x55,0x55,0xBF,0xBF,0x00,0x00,0xAA,0xAA,0x00,0x00,0xAA,0xAA,0x40,0x40,0xAA,0xAA,
                 0x00,0x00,0xAA,0xAA,0x00,0x00,0xAA,0xAA,0x00,0x00,0xAA,0xAA,0x40,0x40,0xAA,0xAA,
                 0x00,0x00,0x00,0x00,0x00,0x00,0x00,0x00,0x00,0x00,0x00,0x00,0x00,0x00,0x00,0x00,
                 0x00,0x00,0x00,0x00,0x00,0x00,0x00,0x00,0x00,0x00,0x00,0x00,0x00,0x00,0x00,0x00,},
    /* 372 */ {0xD6,0x55,0x55,0x55,0x5D,0xDD,0x55,0x55,0x55,0x55,0x55,0x55,0x9D,0x9D,0x55,0x55,
                 0x55,0x55,0x55,0x55,0xDD,0x5D,0x55,0x55,0x55,0x55,0x55,0x55,0x9D,0x9A,0x55,0x4A,
                 0x01,0x00,0xAA,0xAA,0x00,0x00,0xAA,0xAA,0x00,0x00,0xAA,0xAA,0x40,0x40,0xAA,0xAA,
                 0x00,0x00,0xAA,0xAA,0x00,0x00,0xAA,0xAA,0x00,0x00,0xAA,0xAA,0x40,0x45,0xAA,0xBF,
                 0x00,0x00,0x00,0x00,0x00,0x00,0x00,0x00,0x00,0x00,0x00,0x00,0x00,0x00,0x00,0x00,
                 0x00,0x00,0x00,0x00,0x00,0x00,0x00,0x00,0x00,0x00,0x00,0x00,0x00,0x00,0x00,0x00,},
    /* 373 */ {0x4A,0xAA,0x5A,0xEA,0x5D,0xAA,0x55,0x2A,0x55,0x2A,0x55,0x2A,0x99,0xEA,0x51,0x2A,
                 0x51,0x2A,0x51,0x6A,0xDC,0x2A,0x52,0xAA,0x52,0xAA,0x52,0xAA,0xEA,0xAA,0xAA,0xAA,
                 0x15,0x55,0xAF,0xBF,0x00,0x55,0xAA,0xFF,0x00,0x55,0xAA,0xFF,0x44,0x55,0xAE,0xFF,
                 0x04,0x55,0xAE,0xBF,0x01,0x55,0xAF,0xFF,0x05,0x55,0xAF,0xFF,0x55,0x55,0xFF,0xFF,
                 0x00,0x00,0x00,0x00,0x00,0x00,0x00,0x00,0x00,0x00,0x00,0x00,0x00,0x00,0x00,0x00,
                 0x00,0x00,0x00,0x00,0x00,0x00,0x00,0x00,0x00,0x00,0x00,0x00,0x00,0x00,0x00,0x00,},
    /* 374 */ {0xAA,0x55,0xEB,0x55,0xA9,0xDD,0xA9,0x55,0xA9,0x55,0xAD,0x55,0xAA,0xD9,0xAA,0x91,
                 0xAA,0x91,0xEA,0xD1,0xAA,0x88,0xAA,0xAA,0xAA,0xAA,0xAA,0xAA,0xEA,0xAA,0xAA,0xAA,
                 0x55,0x00,0xBE,0xAA,0x54,0x00,0xFE,0xAA,0x54,0x00,0xFA,0xAA,0x55,0x44,0xFF,0xEE,
                 0x55,0x44,0xBF,0xAE,0x55,0x55,0xFF,0xFF,0x55,0x55,0xFF,0xFF,0x55,0x55,0xFF,0xFF,
                 0x00,0x00,0x00,0x00,0x00,0x00,0x00,0x00,0x00,0x00,0x00,0x00,0x00,0x00,0x00,0x00,
                 0x00,0x00,0x00,0x00,0x00,0x00,0x00,0x00,0x00,0x00,0x00,0x00,0x00,0x00,0x00,0x00,},
    /* 375 */ {0x55,0x55,0x55,0x55,0x5D,0xDD,0x55,0x55,0x55,0x55,0x55,0x55,0x9D,0x99,0x11,0x11,
                 0x11,0x11,0x51,0x51,0x88,0x08,0xAA,0xAA,0xAA,0xAA,0xAA,0xAA,0xEA,0xAA,0xAA,0xAA,
                 0x00,0x00,0xAA,0xAA,0x00,0x00,0xAA,0xAA,0x00,0x00,0xAA,0xAA,0x40,0x44,0xEE,0xEE,
                 0x44,0x44,0xAE,0xAE,0x55,0x55,0xFF,0xFF,0x55,0x55,0xFF,0xFF,0x55,0x55,0xFF,0xFF,
                 0x00,0x00,0x00,0x00,0x00,0x00,0x00,0x00,0x00,0x00,0x00,0x00,0x00,0x00,0x00,0x00,
                 0x00,0x00,0x00,0x00,0x00,0x00,0x00,0x00,0x00,0x00,0x00,0x00,0x00,0x00,0x00,0x00,},
    /* 376 */ {0x55,0xAA,0x55,0xEA,0x5D,0xAA,0x55,0x2A,0x55,0x2A,0x55,0x2A,0xAA,0xEA,0x2A,0xAA,
                 0x2A,0xAA,0x6A,0xEA,0xAA,0xAA,0xAA,0xAA,0xAA,0xAA,0xAA,0xAA,0xEA,0xAA,0xAA,0xAA,
                 0x00,0x55,0xAA,0xBF,0x00,0x55,0xAA,0xFF,0x00,0x55,0xAA,0xFF,0x55,0x55,0xFF,0xFF,
                 0x55,0x55,0xBF,0xBF,0x55,0x55,0xFF,0xFF,0x55,0x55,0xFF,0xFF,0x55,0x55,0xFF,0xFF,
                 0x00,0x00,0x00,0x00,0x00,0x00,0x00,0x00,0x00,0x00,0x00,0x00,0x00,0x00,0x00,0x00,
                 0x00,0x00,0x00,0x00,0x00,0x00,0x00,0x00,0x00,0x00,0x00,0x00,0x00,0x00,0x00,0x00,},
    /* 377 */ {0xAA,0xAA,0xEA,0xEA,0xAA,0xAA,0xAA,0xAA,0xAA,0xAA,0xAE,0xAA,0xAA,0xEA,0xAA,0xDD,
                 0xAA,0xDD,0xEA,0xEA,0xAA,0xAA,0xAA,0xAA,0xAA,0xAA,0xAA,0xAA,0xEA,0xAA,0xAA,0xAB,
                 0x55,0x55,0xBF,0xBF,0x55,0x55,0xFF,0xFF,0x55,0x55,0xFB,0xFF,0x55,0x55,0xFF,0xDD,
                 0x55,0x77,0xBF,0xBF,0x55,0x55,0xFF,0xFF,0x55,0x55,0xFF,0xFF,0x55,0x55,0xFF,0xFF,
                 0x00,0x00,0x00,0x00,0x00,0x00,0x00,0x00,0x00,0x00,0x00,0x00,0x00,0x00,0x00,0x22,
                 0x00,0x00,0x00,0x00,0x00,0x00,0x00,0x00,0x00,0x00,0x00,0x00,0x00,0x00,0x00,0x00,},
    /* 378 */ {0xAA,0xA8,0xEA,0xEC,0xAA,0xAC,0xAA,0xAC,0xAA,0xAC,0xAE,0xAC,0xAA,0xE8,0xAA,0xA8,
                 0xAA,0xA8,0xEA,0xE8,0xAA,0xA8,0xAA,0xA8,0xAA,0xA8,0xAA,0xA8,0x72,0xA8,0x76,0xA8,
                 0x55,0x54,0xBF,0xBA,0x55,0x50,0xFF,0xFA,0x55,0x50,0xFB,0xFA,0x55,0x54,0xFF,0xFE,
                 0x55,0x54,0xBF,0xBE,0x55,0x54,0xFF,0xFE,0x55,0x54,0xFF,0xFE,0xDD,0x54,0x77,0xFE,
                 0x00,0x00,0x00,0x00,0x00,0x00,0x00,0x00,0x00,0x00,0x00,0x00,0x00,0x00,0x00,0x00,
                 0x00,0x00,0x00,0x00,0x00,0x00,0x00,0x00,0x00,0x00,0x00,0x00,0x00,0x00,0x88,0x00,},
    /* 379 */ {0x15,0x55,0x5D,0x9D,0x5D,0xD5,0xEA,0xD5,0x62,0x55,0x6F,0xDD,0x27,0x55,0xD5,0x55,
                 0x15,0x55,0x5D,0x9D,0x15,0x55,0x95,0x55,0x15,0x55,0x9D,0xDD,0x55,0x55,0xD5,0x55,
                 0x7F,0xFF,0x1D,0xDD,0x37,0x7F,0x3F,0xD5,0x1D,0xFF,0x3F,0xDD,0x5D,0xFF,0x15,0x55,
                 0x7F,0xFF,0x1D,0xDD,0x7F,0xFF,0x55,0x55,0x7F,0xFF,0x5D,0xDD,0x7F,0xFF,0x15,0x55,
                 0x00,0x00,0x22,0x22,0x00,0x00,0x00,0x2A,0x00,0x00,0x00,0x22,0x00,0x00,0x2A,0xAA,
                 0x00,0x00,0x22,0x22,0x00,0x00,0x2A,0xAA,0x00,0x00,0x22,0x22,0x00,0x00,0x2A,0xAA,},
    /* 380 */ {0x55,0x55,0x9D,0x9D,0x5D,0xDD,0x5A,0xAA,0x52,0x22,0xDF,0xFF,0x57,0x77,0x55,0x55,
                 0x55,0x55,0xDD,0x9D,0x55,0x55,0x55,0x55,0x55,0x55,0x5D,0xDD,0x55,0x55,0x55,0x55,
                 0xFF,0xFF,0xDD,0xDD,0xF7,0x77,0x5F,0xFF,0xFD,0xDD,0xDF,0xFF,0xFD,0xDD,0x55,0x55,
                 0xFF,0xFF,0xDD,0xDD,0xFF,0xFF,0x55,0x55,0xFF,0xFF,0x5D,0xDD,0xFF,0xFF,0x55,0x55,
                 0x00,0x00,0x22,0x22,0x00,0x00,0xA0,0x00,0x00,0x00,0x20,0x00,0x00,0x00,0xAA,0xAA,
                 0x00,0x00,0x22,0x22,0x00,0x00,0xAA,0xAA,0x00,0x00,0xA2,0x22,0x00,0x00,0xAA,0xAA,},
    /* 381 */ {0x55,0x55,0x9D,0x9D,0xDD,0xDA,0xAA,0xAA,0x22,0x2A,0xFF,0xAA,0x77,0x6A,0x55,0x5D,
                 0x55,0x55,0xDD,0x9D,0x55,0x55,0x55,0x55,0x55,0x55,0x5D,0xDD,0x55,0x55,0x55,0x55,
                 0xFF,0xFF,0xDD,0xDD,0x77,0x75,0xFF,0xFF,0xDD,0xD5,0xFF,0xFF,0xDD,0xD5,0x55,0x5D,
                 0xFF,0xFF,0xDD,0xDD,0xFF,0xFF,0x55,0x55,0xFF,0xFF,0x5D,0xDD,0xFF,0xFF,0x55,0x55,
                 0x00,0x00,0x22,0x22,0x00,0x00,0x00,0x00,0x00,0x00,0x00,0x00,0x00,0x00,0xAA,0xA2,
                 0x00,0x00,0x22,0x22,0x00,0x00,0xAA,0xAA,0x00,0x00,0xA2,0x22,0x00,0x00,0xAA,0xAA,},
    /* 382 */ {0x55,0x55,0x9D,0x9D,0xAA,0xDD,0xAA,0xAA,0xAA,0xA2,0xAE,0xAB,0xAA,0xEB,0xDD,0xDD,
                 0x55,0x55,0xDD,0x9D,0x55,0x55,0x55,0x55,0x55,0x55,0x5D,0xDD,0x55,0x55,0x55,0x55,
                 0xFF,0xFF,0xDD,0xDD,0x55,0x77,0xFF,0xFF,0x55,0x5D,0xFB,0xFF,0x55,0x55,0xDD,0xDD,
                 0xFF,0xFF,0xDD,0xDD,0xFF,0xFF,0x55,0x55,0xFF,0xFF,0x5D,0xDD,0xFF,0xFF,0x55,0x55,
                 0x00,0x00,0x22,0x22,0x00,0x00,0x00,0x00,0x00,0x00,0x00,0x00,0x00,0x00,0x22,0x22,
                 0x00,0x00,0x22,0x22,0x00,0x00,0xAA,0xAA,0x00,0x00,0xA2,0x22,0x00,0x00,0xAA,0xAA,},
    /* 383 */ {0x55,0x55,0x9D,0x9D,0xDD,0xDA,0xAA,0xAA,0x22,0x2A,0xEE,0xAA,0x6A,0xEA,0x5D,0xDD,
                 0x55,0x55,0xDD,0x9D,0x55,0x55,0x55,0x57,0x55,0x57,0x5D,0xDF,0x55,0x57,0x55,0x57,
                 0xFF,0xFF,0xDD,0xDD,0x77,0x75,0xFF,0xFF,0xDD,0xD5,0xFB,0xFF,0xD5,0x55,0x5D,0xDD,
                 0xFF,0xFF,0xDD,0xDD,0xFF,0xFF,0x55,0x57,0xFF,0xFD,0x5D,0xDF,0xFF,0xFD,0x55,0x57,
                 0x00,0x00,0x22,0x22,0x00,0x00,0x00,0x00,0x00,0x00,0x00,0x00,0x00,0x00,0xA2,0x22,
                 0x00,0x00,0x22,0x22,0x00,0x00,0xAA,0xA8,0x00,0x00,0xA2,0x20,0x00,0x00,0xAA,0xA8,},
    /* 384 */ {0x55,0x6A,0x9D,0xAA,0xAA,0xAA,0xAA,0xAA,0xAA,0xAA,0xAE,0xAA,0xAA,0xEA,0xDD,0xAA,
                 0x55,0x55,0xDD,0x9D,0x5D,0xDD,0x6A,0xAA,0x77,0x72,0x7F,0xFE,0x77,0x72,0x77,0x6A,
                 0xFF,0xD5,0xDD,0xFF,0x55,0x55,0xFF,0xFF,0x55,0x55,0xFB,0xFF,0x55,0x55,0xDD,0xFF,
                 0xFF,0xFF,0xDD,0xDD,0xF7,0x77,0x7F,0xFF,0xDD,0xDD,0x7F,0xFF,0xDD,0xDD,0x77,0x7F,
                 0x00,0x00,0x22,0x00,0x00,0x00,0x00,0x00,0x00,0x00,0x00,0x00,0x00,0x00,0x22,0x00,
                 0x00,0x00,0x22,0x22,0x00,0x00,0x80,0x00,0x00,0x00,0x80,0x00,0x00,0x00,0x88,0x80,},
    /* 385 */ {0xAA,0xAA,0xEA,0xEA,0xAA,0xAA,0xAA,0xAA,0xAA,0xAA,0xAE,0xAA,0xAA,0xEA,0xAA,0xAA,
                 0x55,0x55,0xDD,0x9D,0xDD,0xDD,0xAA,0xAA,0xA7,0x77,0xBF,0xFF,0xE7,0x77,0xAA,0xB7,
                 0x55,0x55,0xBF,0xBF,0x55,0x55,0xFF,0xFF,0x55,0x55,0xFB,0xFF,0x55,0x55,0xFF,0xFF,
                 0xFF,0xFF,0xDD,0xDD,0x77,0x77,0xFF,0xFF,0x5D,0xDD,0xFF,0xFF,0x5D,0xDD,0xFF,0xF7,
                 0x00,0x00,0x00,0x00,0x00,0x00,0x00,0x00,0x00,0x00,0x00,0x00,0x00,0x00,0x00,0x00,
                 0x00,0x00,0x22,0x22,0x00,0x00,0x00,0x00,0x00,0x00,0x00,0x00,0x00,0x00,0x00,0x08,},
    /* 386 */ {0xAB,0x52,0xEB,0xDA,0xAA,0xAA,0xAA,0xAA,0xAA,0xAA,0xAE,0xAA,0xAA,0xEA,0xAA,0xAA,
                 0x55,0x51,0xDD,0x99,0xDD,0xAA,0xAA,0xAA,0x76,0xAA,0x7E,0xAA,0x76,0xAA,0x6A,0xAA,
                 0x55,0xFD,0xBF,0x9F,0x55,0x55,0xFF,0xFF,0x55,0x55,0xFB,0xFF,0x55,0x55,0xFF,0xFF,
                 0xFF,0xFF,0xDD,0xDD,0x77,0x55,0xFF,0xFF,0xDD,0x55,0x7F,0xFF,0xDD,0x55,0x7F,0xFF,
                 0x00,0x00,0x00,0x20,0x00,0x00,0x00,0x00,0x00,0x00,0x00,0x00,0x00,0x00,0x00,0x00,
                 0x00,0x00,0x22,0x22,0x00,0x00,0x00,0x00,0x00,0x00,0x80,0x00,0x00,0x00,0x80,0x00,},
    /* 387 */ {0xAA,0xAA,0xEA,0xEB,0xAA,0xAB,0xAA,0xAB,0xAA,0xAB,0xAE,0xAB,0xAA,0xEB,0xAA,0xAB,
                 0x2A,0xAB,0xEA,0xEB,0xAA,0xAB,0xAA,0xAB,0xAA,0xAB,0xAA,0xAB,0xEA,0xAB,0xAA,0xAB,
                 0x55,0x55,0xBF,0xBE,0x55,0x54,0xFF,0xFE,0x55,0x54,0xFB,0xFE,0x55,0x54,0xFF,0xFE,
                 0xD5,0x54,0xBF,0xBE,0x55,0x54,0xFF,0xFE,0x55,0x54,0xFF,0xFE,0x55,0x54,0xFF,0xFE,
                 0x00,0x00,0x00,0x00,0x00,0x00,0x00,0x00,0x00,0x00,0x00,0x00,0x00,0x00,0x00,0x00,
                 0x00,0x00,0x00,0x00,0x00,0x00,0x00,0x00,0x00,0x00,0x00,0x00,0x00,0x00,0x00,0x00,},
    /* 388 */ {0x27,0x55,0x77,0x55,0x7D,0xDD,0x55,0x55,0x55,0x55,0x55,0x55,0x9D,0x9D,0x75,0x55,
                 0x75,0x55,0x75,0x55,0xFD,0x5D,0x55,0x55,0x75,0x55,0x77,0x77,0xBF,0x9D,0x55,0x55,
                 0x50,0x00,0xAA,0xAA,0x00,0x00,0xAA,0xAA,0x00,0x00,0xAA,0xAA,0x40,0x40,0xAA,0xAA,
                 0x00,0x00,0xAA,0xAA,0x00,0x00,0xAA,0xAA,0x00,0x00,0xAA,0xAA,0x40,0x40,0xAA,0xAA,
                 0x00,0x00,0x00,0x00,0x00,0x00,0x00,0x00,0x00,0x00,0x00,0x00,0x00,0x00,0x00,0x00,
                 0x00,0x00,0x00,0x00,0x00,0x00,0x00,0x00,0x00,0x00,0x00,0x00,0x00,0x00,0x00,0x00,},
    /* 389 */ {0x55,0x55,0x55,0x55,0x5D,0xDD,0x55,0x55,0x55,0x55,0x55,0x55,0x9D,0x9D,0x55,0x55,
                 0x55,0x55,0x55,0x55,0xDD,0x5D,0x55,0x55,0x55,0x55,0x75,0x55,0x9D,0x9D,0x55,0x55,
                 0x00,0x00,0xAA,0xAA,0x00,0x00,0xAA,0xAA,0x00,0x00,0xAA,0xAA,0x40,0x40,0xAA,0xAA,
                 0x00,0x00,0xAA,0xAA,0x00,0x00,0xAA,0xAA,0x00,0x00,0xAA,0xAA,0x40,0x40,0xAA,0xAA,
                 0x00,0x00,0x00,0x00,0x00,0x00,0x00,0x00,0x00,0x00,0x00,0x00,0x00,0x00,0x00,0x00,
                 0x00,0x00,0x00,0x00,0x00,0x00,0x00,0x00,0x00,0x00,0x00,0x00,0x00,0x00,0x00,0x00,},
    /* 390 */ {0x55,0x1B,0x55,0x51,0x5D,0x99,0x55,0x00,0x55,0x2A,0x55,0x2A,0x9D,0xEA,0x54,0xAA,
                 0x56,0xAA,0x56,0xEA,0xDC,0xAA,0x55,0x2A,0x57,0x2A,0x56,0xAA,0x9F,0xAA,0x55,0x2A,
                 0x00,0x44,0xAA,0xAE,0x00,0x44,0xAA,0xFF,0x00,0x55,0xAA,0xFF,0x40,0x55,0xAB,0xFF,
                 0x01,0x55,0xAB,0xBF,0x01,0x55,0xAA,0xFF,0x00,0x55,0xAB,0xFF,0x40,0x55,0xAA,0xFF,
                 0x00,0x00,0x00,0x00,0x00,0x00,0x00,0x00,0x00,0x00,0x00,0x00,0x00,0x00,0x00,0x00,
                 0x00,0x00,0x00,0x00,0x00,0x00,0x00,0x00,0x00,0x00,0x00,0x00,0x00,0x00,0x00,0x00,},
    /* 391 */ {0xAA,0xAA,0x6A,0xEA,0x2A,0xAA,0x2A,0xAA,0xAA,0xAA,0xAE,0xAA,0xAA,0xEA,0xAA,0xAA,
                 0xAD,0xD5,0xED,0x9D,0xAA,0xAB,0xAA,0xAA,0xAA,0xAA,0xAA,0xAA,0xEA,0xAA,0xAA,0xAA,
                 0x55,0x55,0xBF,0xBF,0x55,0x55,0xFF,0xFF,0x55,0x55,0xFB,0xFF,0x55,0x55,0xFF,0xFF,
                 0x57,0x7F,0xBD,0xDD,0x55,0x55,0xFF,0xFF,0x55,0x55,0xFF,0xFF,0x55,0x55,0xFF,0xFF,
                 0x00,0x00,0x00,0x00,0x00,0x00,0x00,0x00,0x00,0x00,0x00,0x00,0x00,0x00,0x00,0x00,
                 0x00,0x00,0x02,0x22,0x00,0x00,0x00,0x00,0x00,0x00,0x00,0x00,0x00,0x00,0x00,0x00,},
    /* 392 */ {0xD5,0x55,0x9D,0x9D,0xAA,0xAA,0xAA,0xAA,0xAA,0xAA,0xAE,0xAA,0xAA,0xEA,0xAA,0xAA,
                 0x55,0x55,0xDD,0x9D,0x76,0xAA,0xAA,0xAA,0xAA,0xAA,0xAA,0xAA,0xEA,0xAA,0xAA,0xAA,
                 0x7F,0xFF,0xDD,0xDD,0x55,0x55,0xFF,0xFF,0x55,0x55,0xFB,0xFF,0x55,0x55,0xFF,0xFF,
                 0xFF,0xFF,0xDD,0xDD,0xDD,0x55,0xFF,0xFF,0x55,0x55,0xFF,0xFF,0x55,0x55,0xFF,0xFF,
                 0x00,0x00,0x22,0x22,0x00,0x00,0x00,0x00,0x00,0x00,0x00,0x00,0x00,0x00,0x00,0x00,
                 0x00,0x00,0x22,0x22,0x00,0x00,0x00,0x00,0x00,0x00,0x00,0x00,0x00,0x00,0x00,0x00,},
    /* 393 */ {0xAA,0xAA,0xEA,0xEA,0xAA,0xAA,0xAA,0xAA,0xAA,0xAA,0xAE,0xAA,0xAA,0xEA,0xAA,0xAA,
                 0xDD,0xDD,0xDD,0x9D,0xAA,0xAA,0xAA,0xAA,0xAA,0xAA,0xAA,0xAA,0xEA,0xAA,0xAA,0xAA,
                 0x55,0x55,0xBF,0xBF,0x55,0x55,0xFF,0xFF,0x55,0x55,0xFB,0xFF,0x55,0x55,0xFF,0xFF,
                 0x77,0x77,0xDD,0xDD,0x55,0x55,0xFF,0xFF,0x55,0x55,0xFF,0xFF,0x55,0x55,0xFF,0xFF,
                 0x00,0x00,0x00,0x00,0x00,0x00,0x00,0x00,0x00,0x00,0x00,0x00,0x00,0x00,0x00,0x00,
                 0x00,0x00,0x22,0x22,0x00,0x00,0x00,0x00,0x00,0x00,0x00,0x00,0x00,0x00,0x00,0x00,},
    /* 394 */ {0xAA,0xAA,0xEA,0xEA,0xAA,0xAA,0xAA,0xAA,0xAA,0xAA,0xAE,0xAA,0xAA,0xEA,0xAB,0x77,
                 0x55,0x55,0xDD,0x9D,0xB7,0x77,0xAA,0xAA,0xAA,0xAA,0xAA,0xAA,0xEA,0xAA,0xAA,0xAA,
                 0x55,0x55,0xBF,0xBF,0x55,0x55,0xFF,0xFF,0x55,0x55,0xFB,0xFF,0x55,0x55,0xFF,0x77,
                 0xFF,0xFF,0xDD,0xDD,0x5D,0xDD,0xFF,0xFF,0x55,0x55,0xFF,0xFF,0x55,0x55,0xFF,0xFF,
                 0x00,0x00,0x00,0x00,0x00,0x00,0x00,0x00,0x00,0x00,0x00,0x00,0x00,0x00,0x00,0x88,
                 0x00,0x00,0x22,0x22,0x00,0x00,0x00,0x00,0x00,0x00,0x00,0x00,0x00,0x00,0x00,0x00,},
    /* 395 */ {0xAB,0x55,0xEB,0x9D,0xAA,0xAA,0xAA,0xAA,0xAA,0xAA,0xAE,0xAA,0xAA,0xEA,0x77,0x77,
                 0x55,0x55,0xDD,0x9D,0x77,0x55,0xAA,0xDD,0x9D,0xDD,0xDD,0xDD,0xDD,0xDD,0xAD,0xDD,
                 0x55,0xFF,0xBF,0xDD,0x55,0x55,0xFF,0xFF,0x55,0x55,0xFB,0xFF,0x55,0x55,0x77,0x77,
                 0xFF,0xFF,0xDD,0xDD,0xDD,0xFF,0xFF,0xDD,0x77,0x77,0xDD,0xDD,0x77,0x77,0xFD,0xDD,
                 0x00,0x00,0x00,0x22,0x00,0x00,0x00,0x00,0x00,0x00,0x00,0x00,0x00,0x00,0x88,0x88,
                 0x00,0x00,0x22,0x22,0x00,0x00,0x00,0x22,0x00,0x00,0x22,0x22,0x00,0x00,0x02,0x22,},
    /* 396 */ {0x55,0x55,0x9D,0x9D,0xB7,0x77,0xAA,0xAA,0xAA,0x88,0xAE,0x8D,0xAA,0xED,0x77,0x75,
                 0x55,0x55,0xDD,0x9D,0x55,0x55,0x55,0x55,0x55,0x55,0x5D,0xDD,0x55,0x55,0x55,0x55,
                 0xFF,0xFF,0xDD,0xDD,0x5D,0xDD,0xFF,0xFF,0x55,0x77,0xFB,0xDD,0x55,0x57,0x77,0x75,
                 0xFF,0xFF,0xDD,0xDD,0xFF,0xFF,0x55,0x55,0xFF,0xFF,0x5D,0xDD,0xFF,0xFF,0x55,0x55,
                 0x00,0x00,0x22,0x22,0x00,0x00,0x00,0x00,0x00,0x00,0x00,0x22,0x00,0x00,0x88,0x8A,
                 0x00,0x00,0x22,0x22,0x00,0x00,0xAA,0xAA,0x00,0x00,0xA2,0x22,0x00,0x00,0xAA,0xAA,},
    /* 397 */ {0x55,0x50,0x9D,0x9C,0x77,0x70,0xAA,0xA8,0x88,0x88,0xDD,0xD8,0xDD,0xD8,0x55,0x56,
                 0x55,0x56,0xDD,0x9E,0x55,0x56,0x55,0x52,0x55,0x56,0x5D,0xDE,0x55,0x56,0x55,0x56,
                 0xFF,0xFC,0xDD,0xDE,0xDD,0xDC,0xFF,0xFE,0x77,0x74,0xDD,0xDE,0x77,0x74,0x55,0x56,
                 0xFF,0xFC,0xDD,0xDE,0xFF,0xFC,0x55,0x56,0xFF,0xFC,0x5D,0xDE,0xFF,0xFC,0x55,0x56,
                 0x00,0x00,0x22,0x20,0x00,0x00,0x00,0x00,0x00,0x00,0x22,0x20,0x00,0x00,0xAA,0xA8,
                 0x00,0x00,0x22,0x20,0x00,0x00,0xAA,0xA8,0x00,0x00,0xA2,0x20,0x00,0x00,0xAA,0xA8,},
    /* 398 */ {0x15,0x55,0x5D,0x9D,0x15,0x55,0x95,0x55,0x15,0x55,0x7D,0xDD,0x35,0x55,0xF5,0x55,
                 0x35,0x55,0x7D,0x9D,0x6A,0xA9,0xEA,0xA9,0x65,0x55,0xBD,0xDD,0x35,0x55,0xF5,0x55,
                 0x7F,0xFF,0x1D,0xDD,0x7F,0xFF,0x55,0x55,0x7F,0xFF,0x3D,0xDD,0x5F,0xFF,0x35,0x55,
                 0x5F,0xFF,0x3D,0xDD,0x15,0x57,0x3F,0xFD,0x1F,0xFF,0x7D,0xDD,0x5F,0xFF,0x35,0x55,
                 0x00,0x00,0x22,0x22,0x00,0x00,0x2A,0xAA,0x00,0x00,0x02,0x22,0x00,0x00,0x0A,0xAA,
                 0x00,0x00,0x02,0x22,0x00,0x00,0x00,0x02,0x00,0x00,0x02,0x22,0x00,0x00,0x0A,0xAA,},
    /* 399 */ {0x55,0x5D,0x9D,0x9D,0x55,0x55,0x55,0x55,0x55,0x55,0xDD,0xDD,0x55,0x55,0x55,0x55,
                 0x55,0x55,0xDD,0x9D,0x55,0x55,0x55,0x55,0x55,0x55,0x5D,0xDD,0x55,0x55,0x55,0x55,
                 0xFF,0xF7,0xDD,0xDD,0xFF,0xFF,0x55,0x55,0xFF,0xFF,0xDD,0xDD,0xFF,0xFF,0x55,0x55,
                 0xFF,0xFF,0xDD,0xDD,0xFF,0xFF,0x55,0x55,0xFF,0xFF,0x5D,0xDD,0xFF,0xFF,0x55,0x55,
                 0x00,0x00,0x22,0x22,0x00,0x00,0xAA,0xAA,0x00,0x00,0x22,0x22,0x00,0x00,0xAA,0xAA,
                 0x00,0x00,0x22,0x22,0x00,0x00,0xAA,0xAA,0x00,0x00,0xA2,0x22,0x00,0x00,0xAA,0xAA,},
    /* 400 */ {0xDD,0xD5,0x9D,0x9D,0x55,0x55,0x55,0x55,0x55,0x55,0xDD,0xDD,0x55,0x55,0x55,0x55,
                 0x55,0x55,0xDD,0x9D,0x52,0xAA,0x52,0xAA,0x55,0x55,0x5D,0xDD,0x55,0x55,0x55,0x55,
                 0x77,0x7F,0xDD,0xDD,0xFF,0xFF,0x55,0x55,0xFF,0xFF,0xDD,0xDD,0xFF,0xFF,0x55,0x55,
                 0xFF,0xFF,0xDD,0xDD,0xFD,0x55,0x57,0xFF,0xFF,0xFF,0x5D,0xDD,0xFF,0xFF,0x55,0x55,
                 0x00,0x00,0x22,0x22,0x00,0x00,0xAA,0xAA,0x00,0x00,0x22,0x22,0x00,0x00,0xAA,0xAA,
                 0x00,0x00,0x22,0x22,0x00,0x00,0xA8,0x00,0x00,0x00,0xA2,0x22,0x00,0x00,0xAA,0xAA,},
    /* 401 */ {0x5D,0x4A,0x9D,0x9D,0x55,0x55,0x5D,0x4A,0x6A,0xAA,0xAE,0xAA,0xAA,0xEA,0x6A,0xAA,
                 0xAA,0xAA,0xEA,0xEA,0xAA,0xAA,0xAA,0xAA,0xAA,0xAA,0xAA,0xAA,0x62,0xAA,0xAA,0xAA,
                 0xF7,0xF5,0xDD,0xDD,0xFF,0xFF,0x5D,0x5F,0xD5,0x55,0xFB,0xFF,0x55,0x55,0x7F,0xFF,
                 0x55,0x55,0xBF,0xBF,0x55,0x55,0xFF,0xFF,0x55,0x55,0xFF,0xFF,0xDD,0x55,0xFF,0xFF,
                 0x00,0x00,0x22,0x22,0x00,0x00,0xA2,0xA0,0x00,0x00,0x00,0x00,0x00,0x00,0x80,0x00,
                 0x00,0x00,0x00,0x00,0x00,0x00,0x00,0x00,0x00,0x00,0x00,0x00,0x00,0x00,0x00,0x00,},
    /* 402 */ {0xAA,0xAA,0xEA,0xEA,0x2A,0xAA,0xAA,0xAA,0xAA,0xAB,0xAE,0xBB,0xAA,0xFB,0xAA,0xBB,
                 0xAA,0xBB,0xEA,0xEA,0xAE,0xEE,0xAE,0xEE,0xAA,0xAA,0xAA,0xAA,0xEA,0xAA,0xAA,0xAA,
                 0x55,0x55,0xBF,0xBF,0xD5,0x55,0xFF,0xFF,0x55,0x54,0xFB,0xEE,0x55,0x44,0xFF,0xEE,
                 0x55,0x44,0xBF,0xBF,0x51,0x11,0xFB,0xBB,0x55,0x55,0xFF,0xFF,0x55,0x55,0xFF,0xFF,
                 0x00,0x00,0x00,0x00,0x00,0x00,0x00,0x00,0x00,0x00,0x00,0x00,0x00,0x00,0x00,0x00,
                 0x00,0x00,0x00,0x00,0x00,0x00,0x00,0x00,0x00,0x00,0x00,0x00,0x00,0x00,0x00,0x00,},
    /* 403 */ {0xB7,0x55,0xF7,0x77,0xBF,0xFF,0xB7,0x77,0xF5,0x55,0x55,0x55,0x9D,0x9D,0xBB,0xBB,
                 0xBB,0xBB,0xEA,0xEA,0xEE,0xEE,0xEE,0xEE,0xAA,0xAA,0xAA,0xAA,0xEA,0xAA,0xAA,0xAA,
                 0x40,0x00,0xAA,0xAA,0x40,0x00,0xEA,0xAA,0x00,0x00,0xAA,0xAA,0x40,0x40,0xEE,0xEE,
                 0x44,0x44,0xBF,0xBF,0x11,0x11,0xBB,0xBB,0x55,0x55,0xFF,0xFF,0x55,0x55,0xFF,0xFF,
                 0x00,0x00,0x00,0x00,0x00,0x00,0x00,0x00,0x00,0x00,0x00,0x00,0x00,0x00,0x00,0x00,
                 0x00,0x00,0x00,0x00,0x00,0x00,0x00,0x00,0x00,0x00,0x00,0x00,0x00,0x00,0x00,0x00,},
    /* 404 */ {0x55,0x55,0x77,0x75,0x7F,0xFD,0x77,0x75,0x55,0x55,0x55,0x55,0x9D,0x9D,0xBB,0x55,
                 0xBB,0x55,0xD1,0x55,0xDD,0x5D,0xD5,0x55,0x91,0x15,0xBB,0xB5,0xEA,0xBD,0xAA,0xB5,
                 0x00,0x00,0xAA,0xAA,0x00,0x00,0xAA,0xAA,0x00,0x00,0xAA,0xAA,0x40,0x40,0xEE,0xAA,
                 0x44,0x00,0xAE,0xAA,0x00,0x00,0xAA,0xAA,0x44,0x40,0xEE,0xEA,0x55,0x40,0xFF,0xEA,
                 0x00,0x00,0x00,0x00,0x00,0x00,0x00,0x00,0x00,0x00,0x00,0x00,0x00,0x00,0x00,0x00,
                 0x00,0x00,0x00,0x00,0x00,0x00,0x00,0x00,0x00,0x00,0x00,0x00,0x00,0x00,0x00,0x00,},
    /* 405 */ {0x54,0xAA,0x56,0xEA,0x5E,0xAA,0x54,0xAA,0x55,0x40,0x55,0x54,0x9D,0x9C,0x55,0x54,
                 0x55,0x54,0x55,0x55,0xDD,0x5D,0x55,0x55,0x55,0x55,0x55,0x54,0x9D,0x9C,0x55,0x54,
                 0x01,0x55,0xAB,0xBF,0x01,0x55,0xAB,0xFF,0x00,0x15,0xAA,0xAB,0x40,0x41,0xAA,0xAB,
                 0x00,0x01,0xAA,0xAA,0x00,0x00,0xAA,0xAA,0x00,0x00,0xAA,0xAB,0x40,0x41,0xAA,0xAB,
                 0x00,0x00,0x00,0x00,0x00,0x00,0x00,0x00,0x00,0x00,0x00,0x00,0x00,0x00,0x00,0x00,
                 0x00,0x00,0x00,0x00,0x00,0x00,0x00,0x00,0x00,0x00,0x00,0x00,0x00,0x00,0x00,0x00,},
    /* 406 */ {0xAA,0xAA,0xED,0x9D,0xA8,0xD5,0xAA,0xAA,0xAA,0xAA,0x8E,0xAA,0x8A,0xEA,0x8A,0xAA,
                 0x8A,0xAA,0xDA,0xEA,0xDA,0x2A,0x52,0x22,0xDA,0xAA,0x8A,0xAA,0xCA,0xAA,0x8A,0xAA,
                 0x55,0x55,0xBD,0xDD,0x57,0x7F,0xFF,0xFF,0x55,0x55,0xFB,0xFF,0x55,0x55,0xFF,0xFF,
                 0x55,0x55,0xAF,0xBF,0x05,0x55,0xAF,0xFF,0x05,0x55,0xFF,0xFF,0x55,0x55,0xFF,0xFF,
                 0x00,0x00,0x02,0x22,0x00,0x00,0x00,0x00,0x00,0x00,0x00,0x00,0x00,0x00,0x00,0x00,
                 0x00,0x00,0x00,0x00,0x00,0x00,0x00,0x00,0x00,0x00,0x00,0x00,0x00,0x00,0x00,0x00,},
    /* 407 */ {0xB6,0xAA,0x9D,0x9D,0x55,0x55,0xB6,0xAA,0xAA,0xAA,0xAE,0xAA,0xAA,0xEA,0xAA,0xAA,
                 0xAA,0xAA,0xEA,0xEA,0xAA,0xAA,0xAA,0xAA,0xAA,0xAA,0xAA,0xAA,0xEA,0xAA,0xAA,0xAA,
                 0x5D,0x55,0xDD,0xDD,0xFF,0xFF,0xF7,0xFF,0x55,0x55,0xFB,0xFF,0x55,0x55,0xFF,0xFF,
                 0x55,0x55,0xBF,0xBF,0x55,0x55,0xFF,0xFF,0x55,0x55,0xFF,0xFF,0x55,0x55,0xFF,0xFF,
                 0x00,0x00,0x22,0x22,0x00,0x00,0x08,0x00,0x00,0x00,0x00,0x00,0x00,0x00,0x00,0x00,
                 0x00,0x00,0x00,0x00,0x00,0x00,0x00,0x00,0x00,0x00,0x00,0x00,0x00,0x00,0x00,0x00,},
    /* 408 */ {0xAA,0xAA,0x9D,0x9D,0xDD,0xD5,0xAA,0xAA,0xAA,0xAA,0xAE,0xAA,0xAA,0xEA,0xAA,0xAA,
                 0xAA,0xAA,0xEA,0xEA,0xAA,0xAA,0xAA,0xAA,0xAA,0xAA,0xAA,0xAA,0xEA,0xAA,0xAA,0xAA,
                 0x55,0x55,0xDD,0xDD,0x77,0x7F,0xFF,0xFF,0x55,0x55,0xFB,0xFF,0x55,0x55,0xFF,0xFF,
                 0x55,0x55,0xBF,0xBF,0x55,0x55,0xFF,0xFF,0x55,0x55,0xFF,0xFF,0x55,0x55,0xFF,0xFF,
                 0x00,0x00,0x22,0x22,0x00,0x00,0x00,0x00,0x00,0x00,0x00,0x00,0x00,0x00,0x00,0x00,
                 0x00,0x00,0x00,0x00,0x00,0x00,0x00,0x00,0x00,0x00,0x00,0x00,0x00,0x00,0x00,0x00,},
    /* 409 */ {0xB7,0x77,0x9D,0x9D,0x55,0x55,0xB7,0x77,0xAA,0xAA,0xAE,0xAA,0xAA,0xEA,0xAA,0xAA,
                 0xAA,0xAA,0xEA,0xEA,0xAA,0xAA,0xAA,0xAA,0xAA,0xAA,0xAA,0xAA,0xEA,0xA8,0xAA,0xAA,
                 0x5D,0xDD,0xDD,0xDD,0xFF,0xFF,0xF7,0x77,0x55,0x55,0xFB,0xFF,0x55,0x55,0xFF,0xFF,
                 0x55,0x55,0xBF,0xBF,0x55,0x55,0xFF,0xFF,0x55,0x55,0xFF,0xFF,0x55,0x57,0xFF,0xFF,
                 0x00,0x00,0x22,0x22,0x00,0x00,0x08,0x88,0x00,0x00,0x00,0x00,0x00,0x00,0x00,0x00,
                 0x00,0x00,0x00,0x00,0x00,0x00,0x00,0x00,0x00,0x00,0x00,0x00,0x00,0x00,0x00,0x00,},
    /* 410 */ {0x75,0x55,0x9D,0x9D,0x55,0x55,0x55,0x55,0xDD,0x55,0x8D,0xDD,0xAB,0x55,0xDD,0x55,
                 0xAB,0x55,0xEB,0x9D,0xAA,0xAA,0xAA,0xAA,0xB5,0x55,0xBD,0xDD,0xD5,0x55,0xB5,0x55,
                 0xDF,0xFF,0xDD,0xDD,0xFF,0xFF,0x55,0x55,0x77,0xFF,0xD9,0xDD,0x55,0xFF,0xDD,0x55,
                 0x55,0xFF,0xBF,0xDD,0x55,0x55,0xFF,0xFF,0x5F,0xFF,0xFD,0xDD,0x7F,0xFF,0xF5,0x55,
                 0x00,0x00,0x22,0x22,0x00,0x00,0xAA,0xAA,0x00,0x00,0x22,0x22,0x00,0x00,0x22,0xAA,
                 0x00,0x00,0x00,0x22,0x00,0x00,0x00,0x00,0x00,0x00,0x02,0x22,0x00,0x00,0x0A,0xAA,},
    /* 411 */ {0x55,0x55,0x9D,0x9D,0x55,0x55,0x55,0x55,0x55,0x55,0xDD,0xDD,0x55,0x55,0x55,0x55,
                 0x55,0x55,0xDD,0x9D,0xAA,0xAA,0xAA,0xAA,0x55,0x55,0x5D,0xDD,0x55,0x55,0x55,0x55,
                 0xFF,0xFF,0xDD,0xDD,0xFF,0xFF,0x55,0x55,0xFF,0xFF,0xDD,0xDD,0xFF,0xFF,0x55,0x55,
                 0xFF,0xFF,0xDD,0xDD,0x55,0x55,0xFF,0xFF,0xFF,0xFF,0x5D,0xDD,0xFF,0xFF,0x55,0x55,
                 0x00,0x00,0x22,0x22,0x00,0x00,0xAA,0xAA,0x00,0x00,0x22,0x22,0x00,0x00,0xAA,0xAA,
                 0x00,0x00,0x22,0x22,0x00,0x00,0x00,0x00,0x00,0x00,0xA2,0x22,0x00,0x00,0xAA,0xAA,},
    /* 412 */ {0x55,0x56,0x9D,0x9E,0x55,0x56,0x55,0x56,0x55,0x50,0xDD,0xDA,0x55,0x50,0x55,0x52,
                 0x55,0x50,0xDD,0x98,0xAA,0xA8,0xAA,0xA8,0x55,0x50,0x5D,0xD8,0x55,0x52,0x55,0x50,
                 0xFF,0xFC,0xDD,0xDE,0xFF,0xFC,0x55,0x56,0xFF,0xFC,0xDD,0xDE,0xFF,0xFC,0x55,0x56,
                 0xFF,0xFC,0xDD,0xDE,0x55,0x54,0xFF,0xFE,0xFF,0xFC,0x5D,0xDE,0xFF,0xFC,0x55,0x56,
                 0x00,0x00,0x22,0x20,0x00,0x00,0xAA,0xA8,0x00,0x00,0x22,0x20,0x00,0x00,0xAA,0xA8,
                 0x00,0x00,0x22,0x20,0x00,0x00,0x00,0x00,0x00,0x00,0xA2,0x20,0x00,0x00,0xAA,0xA8,},
    /* 413 */ {0x75,0x55,0x7D,0x9D,0x75,0x55,0xF5,0x55,0x75,0x55,0x3D,0xDD,0x35,0x55,0xF5,0x55,
                 0x55,0x55,0x5D,0x9D,0x15,0x55,0xF5,0x55,0x75,0x55,0xFD,0xDD,0x75,0x55,0xF5,0x55,
                 0x1F,0xFF,0x3D,0xDD,0x1F,0xFF,0x35,0x55,0x1F,0xFF,0x7D,0xDD,0x5F,0xFF,0x35,0x55,
                 0x3F,0xFF,0x1D,0xDD,0x7F,0xFF,0x35,0x55,0x1F,0xFF,0x3D,0xDD,0x5F,0xFF,0x35,0x55,
                 0x00,0x00,0x02,0x22,0x00,0x00,0x0A,0xAA,0x00,0x00,0x02,0x22,0x00,0x00,0x0A,0xAA,
                 0x00,0x00,0x22,0x22,0x00,0x00,0x0A,0xAA,0x00,0x00,0x02,0x22,0x00,0x00,0x0A,0xAA,},
    /* 414 */ {0x56,0xAA,0x9A,0xEA,0x52,0xAA,0x5A,0xAA,0x54,0xD5,0xDC,0xDD,0x54,0xD5,0x54,0xD5,
                 0x55,0x55,0xDD,0x9D,0x55,0x55,0x55,0x55,0x55,0x55,0x5D,0xDD,0x55,0x55,0x55,0x55,
                 0xFD,0x55,0xDF,0xBF,0xFD,0x55,0x5F,0xFF,0xFF,0x7F,0xDD,0xDD,0xFF,0x7F,0x55,0xD5,
                 0xFF,0xFF,0xDD,0xDD,0xFF,0xFF,0x55,0x55,0xFF,0xFF,0x5D,0xDD,0xFF,0xFF,0x55,0x55,
                 0x00,0x00,0x20,0x00,0x00,0x00,0xA0,0x00,0x00,0x00,0x22,0x22,0x00,0x00,0xAA,0x2A,
                 0x00,0x00,0x22,0x22,0x00,0x00,0xAA,0xAA,0x00,0x00,0xA2,0x22,0x00,0x00,0xAA,0xAA,},
    /* 415 */ {0xAA,0xAA,0xEA,0xEA,0xAA,0xAA,0xAA,0xAA,0x52,0x95,0xDE,0x9D,0x55,0x55,0x55,0x55,
                 0x55,0x55,0xDD,0x9D,0x55,0x55,0x55,0x55,0x55,0x55,0x5D,0xDD,0x55,0x55,0x55,0x55,
                 0x55,0x55,0xBF,0xBF,0x55,0x55,0xFF,0xFF,0xFD,0x7F,0xDB,0xDD,0xFF,0xFF,0x55,0x55,
                 0xFF,0xFF,0xDD,0xDD,0xFF,0xFF,0x55,0x55,0xFF,0xFF,0x5D,0xDD,0xFF,0xFF,0x55,0x55,
                 0x00,0x00,0x00,0x00,0x00,0x00,0x00,0x00,0x00,0x00,0x20,0x22,0x00,0x00,0xAA,0xAA,
                 0x00,0x00,0x22,0x22,0x00,0x00,0xAA,0xAA,0x00,0x00,0xA2,0x22,0x00,0x00,0xAA,0xAA,},
    /* 416 */ {0xAA,0xAA,0xEA,0xEA,0xAA,0xAA,0xAA,0xAA,0x2A,0xAA,0xAE,0xAA,0x4A,0xEA,0x5B,0xBA,
                 0x55,0x56,0xDD,0x9C,0x55,0x56,0x55,0x54,0x55,0x54,0x5D,0xDD,0x55,0x55,0x55,0x55,
                 0x55,0x55,0xBF,0xBF,0x55,0x55,0xFF,0xFF,0xD5,0x55,0xFB,0xFF,0xF5,0x55,0x5F,0xFF,
                 0xFF,0xFD,0xDD,0xDD,0xFF,0xFD,0x55,0x55,0xFF,0xFF,0x5D,0xDD,0xFF,0xFF,0x55,0x55,
                 0x00,0x00,0x00,0x00,0x00,0x00,0x00,0x00,0x00,0x00,0x00,0x00,0x00,0x00,0xA0,0x00,
                 0x00,0x00,0x22,0x22,0x00,0x00,0xAA,0xAA,0x00,0x00,0xA2,0x22,0x00,0x00,0xAA,0xAA,},
    /* 417 */ {0xAA,0xBB,0xEA,0xFB,0xAA,0xAA,0xAA,0xAA,0xAA,0xAA,0xAE,0xAA,0xAA,0xEA,0xAA,0xAA,
                 0xEE,0xAA,0xEE,0xEA,0xAA,0xAA,0xAA,0xAA,0xAA,0xAA,0x5A,0xAA,0x4A,0xAA,0x5A,0xAA,
                 0x55,0x44,0xBF,0xAE,0x55,0x55,0xFF,0xFF,0x55,0x55,0xFB,0xFF,0x55,0x55,0xFF,0xFF,
                 0x55,0x55,0xFF,0xBF,0x55,0x55,0xFF,0xFF,0x55,0x55,0x5F,0xFF,0xF5,0x55,0x5F,0xFF,
                 0x00,0x00,0x00,0x00,0x00,0x00,0x00,0x00,0x00,0x00,0x00,0x00,0x00,0x00,0x00,0x00,
                 0x00,0x00,0x00,0x00,0x00,0x00,0x00,0x00,0x00,0x00,0xA0,0x00,0x00,0x00,0xA0,0x00,},
    /* 418 */ {0xB5,0x55,0xF5,0x55,0xBD,0xDD,0xB5,0x55,0xBB,0xB3,0xBF,0xBB,0xAA,0xEA,0xAA,0xAA,
                 0xAA,0xAA,0xEA,0xEA,0xAA,0xAA,0xAA,0xAA,0xAA,0xAA,0xAA,0xAA,0xEA,0xAA,0xAA,0xAA,
                 0x40,0x00,0xAA,0xAA,0x40,0x00,0xEA,0xAA,0x44,0x44,0xEA,0xEE,0x55,0x55,0xFF,0xFF,
                 0x55,0x55,0xBF,0xBF,0x55,0x55,0xFF,0xFF,0x55,0x55,0xFF,0xFF,0x55,0x55,0xFF,0xFF,
                 0x00,0x00,0x00,0x00,0x00,0x00,0x00,0x00,0x00,0x00,0x00,0x00,0x00,0x00,0x00,0x00,
                 0x00,0x00,0x00,0x00,0x00,0x00,0x00,0x00,0x00,0x00,0x00,0x00,0x00,0x00,0x00,0x00,},
    /* 419 */ {0x56,0x48,0x56,0x48,0x5E,0xCA,0x56,0x4A,0x3A,0x8A,0xBE,0x8A,0xAA,0xEA,0xAA,0xAA,
                 0xAA,0xAA,0xEA,0xEA,0xAA,0xAA,0xAA,0xAA,0xAA,0xAA,0xAA,0xAA,0xEA,0xAA,0xAA,0xAA,
                 0x01,0x15,0xAB,0xBF,0x01,0x15,0xAB,0xBF,0x45,0x55,0xEB,0xFF,0x55,0x55,0xFF,0xFF,
                 0x55,0x55,0xBF,0xBF,0x55,0x55,0xFF,0xFF,0x55,0x55,0xFF,0xFF,0x55,0x55,0xFF,0xFF,
                 0x00,0x00,0x00,0x00,0x00,0x00,0x00,0x00,0x00,0x00,0x00,0x00,0x00,0x00,0x00,0x00,
                 0x00,0x00,0x00,0x00,0x00,0x00,0x00,0x00,0x00,0x00,0x00,0x00,0x00,0x00,0x00,0x00,},
    /* 420 */ {0x8A,0xAA,0xCA,0xEA,0xAA,0xAA,0xAA,0xAA,0xAA,0xAA,0xAE,0xAA,0xAA,0xEA,0xAA,0xAA,
                 0xAA,0xAA,0xEA,0xEA,0xAA,0xAA,0xAA,0xAA,0xAA,0xAA,0xAA,0xAA,0xEA,0xAA,0xAA,0xAA,
                 0x55,0x55,0xBF,0xBF,0x55,0x55,0xFF,0xFF,0x55,0x55,0xFB,0xFF,0x55,0x55,0xFF,0xFF,
                 0x55,0x55,0xBF,0xBF,0x55,0x55,0xFF,0xFF,0x55,0x55,0xFF,0xFF,0x55,0x55,0xFF,0xFF,
                 0x00,0x00,0x00,0x00,0x00,0x00,0x00,0x00,0x00,0x00,0x00,0x00,0x00,0x00,0x00,0x00,
                 0x00,0x00,0x00,0x00,0x00,0x00,0x00,0x00,0x00,0x00,0x00,0x00,0x00,0x00,0x00,0x00,},
    /* 421 */ {0xAA,0xAA,0xEA,0xEA,0xAA,0xAA,0xAA,0xAA,0xAA,0xAA,0xAE,0xAA,0xAA,0xEA,0xAA,0xAA,
                 0x22,0x22,0xEA,0xEA,0xAA,0xAA,0xAA,0xAA,0xAA,0xAA,0xAA,0xAA,0xEA,0xAA,0xAA,0xAA,
                 0x55,0x55,0xBF,0xBF,0x55,0x55,0xFF,0xFF,0x55,0x55,0xFB,0xFF,0x55,0x55,0xFF,0xFF,
                 0xDD,0xDD,0xBF,0xBF,0x55,0x55,0xFF,0xFF,0x55,0x55,0xFF,0xFF,0x55,0x55,0xFF,0xFF,
                 0x00,0x00,0x00,0x00,0x00,0x00,0x00,0x00,0x00,0x00,0x00,0x00,0x00,0x00,0x00,0x00,
                 0x00,0x00,0x00,0x00,0x00,0x00,0x00,0x00,0x00,0x00,0x00,0x00,0x00,0x00,0x00,0x00,},
    /* 422 */ {0xAA,0xAA,0xEA,0xEA,0xAA,0xAA,0xAA,0xAA,0xAA,0xDD,0xAE,0xAA,0xAA,0xC8,0xAA,0xDD,
                 0x22,0x55,0xEA,0x9D,0xAA,0xDD,0xAA,0x89,0xAA,0xAB,0xAA,0xDD,0xEA,0xAB,0xAA,0x89,
                 0x55,0x55,0xBF,0xBF,0x55,0x55,0xFF,0xFF,0x55,0x77,0xFB,0xFF,0x55,0x77,0xFF,0xDD,
                 0xDD,0xFF,0xBF,0xDD,0x55,0x77,0xFF,0xDD,0x55,0x55,0xFF,0xDD,0x55,0x55,0xFF,0xDD,
                 0x00,0x00,0x00,0x00,0x00,0x00,0x00,0x00,0x00,0x00,0x00,0x00,0x00,0x00,0x00,0x22,
                 0x00,0x00,0x00,0x22,0x00,0x00,0x00,0x22,0x00,0x00,0x00,0x22,0x00,0x00,0x00,0x22,},
    /* 423 */ {0xAA,0xDD,0xEA,0xEB,0xAA,0x89,0xAA,0xAB,0xDD,0xD5,0xAE,0xBD,0x88,0xD5,0xDD,0xD5,
                 0x55,0x55,0xDD,0x9D,0x55,0x55,0x55,0x55,0x55,0x55,0x5D,0xDD,0x55,0x55,0x55,0x55,
                 0x55,0x77,0xBF,0xBF,0x55,0x77,0xFF,0xFF,0x77,0x7F,0xFB,0xFD,0x77,0x7F,0xDD,0xD5,
                 0xFF,0xFF,0xDD,0xDD,0xFF,0xFF,0x55,0x55,0xFF,0xFF,0x5D,0xDD,0xFF,0xFF,0x55,0x55,
                 0x00,0x00,0x00,0x00,0x00,0x00,0x00,0x00,0x00,0x00,0x00,0x02,0x00,0x00,0x22,0x2A,
                 0x00,0x00,0x22,0x22,0x00,0x00,0xAA,0xAA,0x00,0x00,0xA2,0x22,0x00,0x00,0xAA,0xAA,},
    /* 424 */ {0x55,0x52,0x9D,0x98,0x55,0x52,0x55,0x50,0x55,0x52,0xDD,0xD8,0x55,0x52,0x55,0x50,
                 0x55,0x52,0xDD,0x9E,0x55,0x50,0x55,0x52,0x55,0x50,0x5D,0xDA,0x55,0x50,0x55,0x56,
                 0xFF,0xFC,0xDD,0xDE,0xFF,0xFC,0x55,0x56,0xFF,0xFC,0xDD,0xDE,0xFF,0xFC,0x55,0x56,
                 0xFF,0xFC,0xDD,0xDE,0xFF,0xFC,0x55,0x56,0xFF,0xFC,0x5D,0xDE,0xFF,0xFC,0x55,0x56,
                 0x00,0x00,0x22,0x20,0x00,0x00,0xAA,0xA8,0x00,0x00,0x22,0x20,0x00,0x00,0xAA,0xA8,
                 0x00,0x00,0x22,0x20,0x00,0x00,0xAA,0xA8,0x00,0x00,0xA2,0x20,0x00,0x00,0xAA,0xA8,},
    /* 425 */ {0x75,0x55,0x7D,0x9D,0x35,0x55,0xD5,0x55,0x55,0x55,0x5D,0xDD,0x15,0x55,0x95,0x55,
                 0x15,0x55,0x5D,0x9D,0x55,0x55,0x95,0x55,0x55,0x55,0xDD,0xDD,0x15,0x55,0xB5,0x55,
                 0x1F,0xFF,0x3D,0xDD,0x5F,0xFF,0x15,0x55,0x3F,0xFF,0x1D,0xDD,0x7F,0xFF,0x55,0x55,
                 0x7F,0xFF,0x1D,0xDD,0x3F,0xFF,0x55,0x55,0x3F,0xFF,0x1D,0xDD,0x7F,0xFF,0x75,0x55,
                 0x00,0x00,0x02,0x22,0x00,0x00,0x2A,0xAA,0x00,0x00,0x22,0x22,0x00,0x00,0x2A,0xAA,
                 0x00,0x00,0x22,0x22,0x00,0x00,0x2A,0xAA,0x00,0x00,0x22,0x22,0x00,0x00,0x0A,0xAA,},
    /* 426 */ {0x55,0x55,0x9D,0x9D,0x55,0x55,0x55,0x55,0x55,0x55,0xDD,0xDD,0x55,0x55,0x55,0x54,
                 0x55,0x54,0xDD,0x9D,0x55,0x55,0x55,0x55,0x55,0x55,0x5D,0xDD,0x55,0x55,0x55,0x55,
                 0xFF,0xFF,0xDD,0xDD,0xFF,0xFF,0x55,0x55,0xFF,0xFF,0xDD,0xDD,0xFF,0xFF,0x55,0x54,
                 0xFF,0xFE,0xDD,0xDD,0xFF,0xFF,0x55,0x55,0xFF,0xFF,0x5D,0xDD,0xFF,0xFF,0x55,0x55,
                 0x00,0x00,0x22,0x22,0x00,0x00,0xAA,0xAA,0x00,0x00,0x22,0x22,0x00,0x00,0xAA,0xAB,
                 0x00,0x01,0x22,0x22,0x00,0x00,0xAA,0xAA,0x00,0x00,0xA2,0x22,0x00,0x00,0xAA,0xAA,},
    /* 427 */ {0x55,0x55,0x9D,0x9D,0x55,0x55,0x55,0x55,0x55,0x55,0xDD,0xDE,0x55,0x54,0x44,0x44,
                 0x44,0x44,0xDD,0x9C,0x55,0x56,0x55,0x55,0x55,0x54,0x5D,0xDD,0x55,0x56,0x55,0x55,
                 0xFF,0xFF,0xDD,0xDD,0xFF,0xFF,0x55,0x55,0xFF,0xFF,0xDD,0xDC,0xFF,0xFE,0x44,0x44,
                 0xEE,0xEE,0xDD,0xDC,0xFF,0xFE,0x55,0x55,0xFF,0xFE,0x5D,0xDD,0xFF,0xFE,0x55,0x55,
                 0x00,0x00,0x22,0x22,0x00,0x00,0xAA,0xAA,0x00,0x00,0x22,0x23,0x00,0x01,0xBB,0xBB,
                 0x11,0x11,0x22,0x23,0x00,0x01,0xAA,0xAA,0x00,0x01,0xA2,0x22,0x00,0x01,0xAA,0xAA,},
    /* 428 */ {0x55,0x55,0x9D,0x9D,0x55,0x55,0x55,0x55,0x55,0x55,0x62,0x22,0x42,0x22,0x4A,0xAA,
                 0x4A,0xAA,0xC2,0x22,0x62,0xA2,0x4A,0x8A,0x4A,0xAA,0x42,0x22,0x62,0x22,0x4A,0xAA,
                 0xFF,0xFF,0xDD,0xDD,0xFF,0xFF,0x55,0x55,0xFF,0xFF,0x40,0x00,0xE2,0x22,0x40,0x00,
                 0xEA,0xAA,0xC0,0x00,0x62,0xA2,0x40,0x00,0xEA,0xAA,0x40,0x00,0x62,0x22,0x40,0x00,
                 0x00,0x00,0x22,0x22,0x00,0x00,0xAA,0xAA,0x00,0x00,0xBF,0xFF,0x1D,0xDD,0xBF,0xFF,
                 0x15,0x55,0x3F,0xFF,0x9D,0x5D,0xBF,0xFF,0x15,0x55,0xBF,0xFF,0x9D,0xDD,0xBF,0xFF,},
    /* 429 */ {0x55,0x55,0x9D,0x9D,0x55,0x55,0x54,0x55,0x54,0x55,0x26,0x5D,0x24,0x55,0xA4,0xB7,
                 0xA4,0xB7,0x2C,0x3F,0x22,0xA2,0xAA,0x8A,0xAA,0xAA,0x22,0x22,0x22,0x22,0xAA,0xAA,
                 0xFF,0xFF,0xDD,0xDD,0xFF,0xFF,0x54,0x55,0xFE,0xFF,0x04,0x5D,0x2E,0x7F,0x04,0x15,
                 0xAE,0xBF,0x0C,0x5D,0x22,0xA2,0x00,0x00,0xAA,0xAA,0x00,0x00,0x22,0x22,0x00,0x00,
                 0x00,0x00,0x22,0x22,0x00,0x00,0xAB,0xAA,0x01,0x00,0xFB,0xA2,0xD1,0x80,0xFB,0xEA,
                 0x51,0x40,0xF3,0xA2,0xDD,0x5D,0xFF,0xFF,0x55,0x55,0xFF,0xFF,0xDD,0xDD,0xFF,0xFF,},
    /* 430 */ {0x55,0x55,0x9D,0x9D,0x55,0x55,0x55,0x55,0x55,0x55,0xDD,0xDD,0x55,0x55,0x77,0x77,
                 0x77,0x77,0xFF,0xBF,0x22,0xA2,0xAA,0x8A,0xAA,0xAA,0x22,0x22,0x22,0x22,0xAA,0xAA,
                 0xFF,0xFF,0xDD,0xDD,0xFF,0xFF,0x55,0x55,0xFF,0xFF,0xDD,0xDD,0xFF,0xFF,0x55,0x55,
                 0xFF,0xFF,0xDD,0xDD,0x22,0xA2,0x00,0x00,0xAA,0xAA,0x00,0x00,0x22,0x22,0x00,0x00,
                 0x00,0x00,0x22,0x22,0x00,0x00,0xAA,0xAA,0x00,0x00,0x22,0x22,0x00,0x00,0xAA,0xAA,
                 0x00,0x00,0x22,0x22,0xDD,0x5D,0xFF,0xFF,0x55,0x55,0xFF,0xFF,0xDD,0xDD,0xFF,0xFF,},
    /* 431 */ {0x55,0x55,0x9D,0x9D,0x55,0x55,0x55,0x55,0x55,0x55,0xDD,0xDD,0x55,0x55,0x77,0x75,
                 0x77,0x75,0xFF,0x9D,0x22,0x55,0xAA,0x55,0xAA,0x95,0x22,0x3D,0x22,0x22,0xAA,0xAA,
                 0xFF,0xFF,0xDD,0xDD,0xFF,0xFF,0x55,0x55,0xFF,0xFF,0xDD,0xDD,0xFF,0xFF,0x55,0x55,
                 0xFF,0xFF,0xDD,0xDD,0x22,0xFF,0x00,0x55,0xAA,0xBF,0x00,0x1D,0x22,0x22,0x00,0x00,
                 0x00,0x00,0x22,0x22,0x00,0x00,0xAA,0xAA,0x00,0x00,0x22,0x22,0x00,0x00,0xAA,0xAA,
                 0x00,0x00,0x22,0x22,0xDD,0x00,0xFF,0xAA,0x55,0x40,0xFF,0xE2,0xDD,0xDD,0xFF,0xFF,},
    /* 432 */ {0x52,0xAA,0x9D,0x9D,0x55,0x55,0x55,0x55,0x55,0x55,0xDD,0xDD,0x55,0x55,0x55,0x55,
                 0x55,0x55,0xDD,0x9D,0x55,0x55,0x55,0x55,0x55,0x55,0x5D,0xDD,0x55,0x55,0x55,0x55,
                 0xFD,0x55,0xDD,0xDD,0xFF,0xFF,0x55,0x55,0xFF,0xFF,0xDD,0xDD,0xFF,0xFF,0x55,0x55,
                 0xFF,0xFF,0xDD,0xDD,0xFF,0xFF,0x55,0x55,0xFF,0xFF,0x5D,0xDD,0xFF,0xFF,0x55,0x55,
                 0x00,0x00,0x22,0x22,0x00,0x00,0xAA,0xAA,0x00,0x00,0x22,0x22,0x00,0x00,0xAA,0xAA,
                 0x00,0x00,0x22,0x22,0x00,0x00,0xAA,0xAA,0x00,0x00,0xA2,0x22,0x00,0x00,0xAA,0xAA,},
    /* 433 */ {0xAA,0xAA,0x9D,0x9D,0x55,0x55,0x55,0x55,0x55,0x55,0xDD,0xDD,0x55,0x55,0x55,0x55,
                 0x55,0x55,0xDD,0x9D,0x55,0x55,0x55,0x55,0x55,0x55,0x5D,0xDD,0x55,0x55,0x55,0x55,
                 0x55,0x55,0xDD,0xDD,0xFF,0xFF,0x55,0x55,0xFF,0xFF,0xDD,0xDD,0xFF,0xFF,0x55,0x55,
                 0xFF,0xFF,0xDD,0xDD,0xFF,0xFF,0x55,0x55,0xFF,0xFF,0x5D,0xDD,0xFF,0xFF,0x55,0x55,
                 0x00,0x00,0x22,0x22,0x00,0x00,0xAA,0xAA,0x00,0x00,0x22,0x22,0x00,0x00,0xAA,0xAA,
                 0x00,0x00,0x22,0x22,0x00,0x00,0xAA,0xAA,0x00,0x00,0xA2,0x22,0x00,0x00,0xAA,0xAA,},
    /* 434 */ {0xAA,0xAA,0x9E,0xEA,0x56,0xAA,0x56,0xAA,0x56,0xAA,0xDE,0xDD,0x54,0x55,0x55,0x55,
                 0x55,0x55,0xDE,0x9D,0x55,0x55,0x55,0x55,0x55,0x55,0x5D,0xDD,0x55,0x55,0x55,0x55,
                 0x55,0x55,0xDF,0xBF,0xFD,0x55,0x57,0xFF,0xFD,0x55,0xDF,0xDD,0xFF,0xFF,0x55,0x55,
                 0xFF,0xFF,0xDF,0xDD,0xFF,0xFF,0x55,0x55,0xFF,0xFF,0x5D,0xDD,0xFF,0xFF,0x55,0x55,
                 0x00,0x00,0x20,0x00,0x00,0x00,0xA8,0x00,0x00,0x00,0x20,0x22,0x00,0x00,0xAA,0xAA,
                 0x00,0x00,0x20,0x22,0x00,0x00,0xAA,0xAA,0x00,0x00,0xA2,0x22,0x00,0x00,0xAA,0xAA,},
    /* 435 */ {0xAA,0xAA,0xEA,0xEA,0xAA,0xAA,0xAA,0xAA,0xAA,0xAA,0xDD,0xDD,0x55,0x55,0x55,0x55,
                 0x55,0x55,0xDD,0x9D,0x55,0x55,0x55,0x55,0x55,0x55,0x5D,0xDD,0x55,0x55,0x55,0x55,
                 0x55,0x55,0xBF,0xBF,0x55,0x55,0xFF,0xFF,0x55,0x55,0xDD,0xDD,0xFF,0xFF,0x55,0x55,
                 0xFF,0xFF,0xDD,0xDD,0xFF,0xFF,0x55,0x55,0xFF,0xFF,0x5D,0xDD,0xFF,0xFF,0x55,0x55,
                 0x00,0x00,0x00,0x00,0x00,0x00,0x00,0x00,0x00,0x00,0x22,0x22,0x00,0x00,0xAA,0xAA,
                 0x00,0x00,0x22,0x22,0x00,0x00,0xAA,0xAA,0x00,0x00,0xA2,0x22,0x00,0x00,0xAA,0xAA,},
    /* 436 */ {0xAA,0xAA,0xEA,0xEA,0xAA,0xAA,0xAA,0xAA,0xAA,0xAA,0xDD,0xDA,0x54,0xCA,0x55,0xD8,
                 0x55,0xD8,0xDC,0xCA,0x55,0x5A,0x55,0x6A,0x55,0x4A,0x5D,0xEA,0x55,0x55,0x55,0x55,
                 0x55,0x55,0xBF,0xBF,0x55,0x55,0xFF,0xFF,0x55,0x55,0xDD,0xDF,0xFF,0x75,0x55,0xDD,
                 0xFF,0x77,0xDD,0x9F,0xFF,0xF5,0x55,0x7F,0xFF,0xF5,0x5D,0xFF,0xFF,0xFF,0x55,0x55,
                 0x00,0x00,0x00,0x00,0x00,0x00,0x00,0x00,0x00,0x00,0x22,0x20,0x00,0x00,0xAA,0x22,
                 0x00,0x00,0x22,0x20,0x00,0x00,0xAA,0x80,0x00,0x00,0xA2,0x00,0x00,0x00,0xAA,0xAA,},
    /* 437 */ {0xAA,0xAB,0xEA,0x9D,0xAA,0xAB,0xAA,0x89,0xAA,0xAB,0xAE,0xDD,0xAA,0xC9,0x88,0xDD,
                 0x88,0xDD,0xEA,0xC9,0xAA,0xDD,0xAA,0xAB,0xAA,0x89,0xAA,0xAB,0x5D,0xD5,0x6A,0xB5,
                 0x55,0x55,0xBF,0xDD,0x55,0x55,0xFF,0xDD,0x55,0x55,0xFB,0xDD,0x55,0x77,0xDD,0xDD,
                 0x77,0x77,0xBF,0x9D,0x55,0x77,0xFF,0xFF,0x55,0x77,0xFF,0xFF,0xF7,0x7F,0x7F,0xF5,
                 0x00,0x00,0x00,0x22,0x00,0x00,0x00,0x22,0x00,0x00,0x00,0x22,0x00,0x00,0x22,0x22,
                 0x00,0x00,0x00,0x22,0x00,0x00,0x00,0x00,0x00,0x00,0x00,0x00,0x00,0x00,0x80,0x0A,},
    /* 438 */ {0x55,0x55,0x9D,0x9D,0x55,0x55,0x55,0x55,0x55,0x55,0xDD,0xDD,0x55,0x55,0x55,0x55,
                 0x55,0x55,0xDD,0x9D,0x55,0x55,0x55,0x56,0x55,0x54,0x5D,0xDE,0x55,0x55,0x55,0x55,
                 0xFF,0xFF,0xDD,0xDD,0xFF,0xFF,0x55,0x55,0xFF,0xFF,0xDD,0xDD,0xFF,0xFF,0x55,0x55,
                 0xFF,0xFF,0xDD,0xDD,0xFF,0xFF,0x55,0x57,0xFF,0xFF,0x5D,0xDF,0xFF,0xFF,0x55,0x55,
                 0x00,0x00,0x22,0x22,0x00,0x00,0xAA,0xAA,0x00,0x00,0x22,0x22,0x00,0x00,0xAA,0xAA,
                 0x00,0x00,0x22,0x22,0x00,0x00,0xAA,0xA8,0x00,0x00,0xA2,0x20,0x00,0x00,0xAA,0xAA,},
    /* 439 */ {0x55,0x55,0x9D,0x9D,0x55,0x55,0x55,0x55,0x55,0x55,0xDD,0xDD,0x48,0xC8,0x5D,0xDD,
                 0x5D,0xDD,0xC8,0xC8,0x5D,0xDD,0xAA,0xAA,0x88,0x88,0xAA,0xAA,0x55,0xDD,0x56,0xAA,
                 0xFF,0xFF,0xDD,0xDD,0xFF,0xFF,0x55,0x55,0xFF,0xFF,0xDD,0xDD,0xF7,0x77,0x5D,0xDD,
                 0xF7,0x77,0xDD,0x9D,0xF7,0x77,0xFF,0xFF,0x77,0x77,0xFF,0xFF,0xFF,0x77,0x57,0xFF,
                 0x00,0x00,0x22,0x22,0x00,0x00,0xAA,0xAA,0x00,0x00,0x22,0x22,0x00,0x00,0xA2,0x22,
                 0x00,0x00,0x22,0x22,0x00,0x00,0x00,0x00,0x00,0x00,0x00,0x00,0x00,0x00,0xA8,0x00,},
    /* 440 */ {0x55,0x55,0x9D,0x9D,0x55,0x55,0x55,0x55,0x55,0x55,0xDD,0xDD,0x95,0x55,0xD5,0x55,
                 0xD5,0x55,0xDD,0x9D,0xD5,0x55,0xB5,0x55,0x95,0x55,0xBD,0xDD,0xD5,0x55,0xB5,0x55,
                 0xFF,0xFF,0xDD,0xDD,0xFF,0xFF,0x55,0x55,0xFF,0xFF,0xDD,0xDD,0x7F,0xFF,0xD5,0x55,
                 0x7F,0xFF,0x9D,0xDD,0x7F,0xFF,0xF5,0x55,0x7F,0xFF,0xFD,0xDD,0x7F,0xFF,0xF5,0x55,
                 0x00,0x00,0x22,0x22,0x00,0x00,0xAA,0xAA,0x00,0x00,0x22,0x22,0x00,0x00,0x2A,0xAA,
                 0x00,0x00,0x22,0x22,0x00,0x00,0x0A,0xAA,0x00,0x00,0x02,0x22,0x00,0x00,0x0A,0xAA,},
    /* 441 */ {0x55,0x56,0x9D,0x9E,0x55,0x52,0x55,0x56,0x55,0x56,0xDD,0xDE,0x55,0x52,0x55,0x56,
                 0x55,0x56,0xDD,0x9E,0x55,0x56,0x55,0x52,0x55,0x56,0x5D,0xDE,0x55,0x56,0x55,0x50,
                 0xFF,0xFC,0xDD,0xDE,0xFF,0xFC,0x55,0x56,0xFF,0xFC,0xDD,0xDE,0xFF,0xFC,0x55,0x56,
                 0xFF,0xFC,0xDD,0xDE,0xFF,0xFC,0x55,0x56,0xFF,0xFC,0x5D,0xDE,0xFF,0xFC,0x55,0x56,
                 0x00,0x00,0x22,0x20,0x00,0x00,0xAA,0xA8,0x00,0x00,0x22,0x20,0x00,0x00,0xAA,0xA8,
                 0x00,0x00,0x22,0x20,0x00,0x00,0xAA,0xA8,0x00,0x00,0xA2,0x20,0x00,0x00,0xAA,0xA8,},
    /* 442 */ {0x75,0x55,0x7D,0x9D,0x75,0x55,0xB5,0x55,0x75,0x55,0x6E,0xAA,0x2A,0xEA,0xE5,0x55,
                 0x65,0x55,0x7D,0x9D,0x75,0x55,0xF5,0x55,0x75,0x55,0xDD,0xDD,0x55,0x55,0x95,0x55,
                 0x1F,0xFF,0x3D,0xDD,0x1F,0xFF,0x75,0x55,0x1F,0xFF,0x3B,0xFF,0x55,0x55,0x35,0x55,
                 0x1F,0xFF,0x3D,0xDD,0x1F,0xFF,0x35,0x55,0x1F,0xFF,0x1D,0xDD,0x7F,0xFF,0x55,0x55,
                 0x00,0x00,0x02,0x22,0x00,0x00,0x0A,0xAA,0x00,0x00,0x00,0x00,0x00,0x00,0x0A,0xAA,
                 0x00,0x00,0x02,0x22,0x00,0x00,0x0A,0xAA,0x00,0x00,0x22,0x22,0x00,0x00,0x2A,0xAA,},
    /* 443 */ {0x55,0x55,0x9D,0x9D,0x55,0x55,0x55,0x55,0x55,0x55,0xAE,0x9D,0xAA,0xD5,0x55,0x55,
                 0x55,0x55,0xDD,0x9D,0x55,0x55,0x55,0x55,0x55,0x55,0x5D,0xDD,0x55,0x55,0x55,0x55,
                 0xFF,0xFF,0xDD,0xDD,0xFF,0xFF,0x55,0x55,0xFF,0xFF,0xFB,0xDD,0x55,0x7F,0x55,0x55,
                 0xFF,0xFF,0xDD,0xDD,0xFF,0xFF,0x55,0x55,0xFF,0xFF,0x5D,0xDD,0xFF,0xFF,0x55,0x55,
                 0x00,0x00,0x22,0x22,0x00,0x00,0xAA,0xAA,0x00,0x00,0x00,0x22,0x00,0x00,0xAA,0xAA,
                 0x00,0x00,0x22,0x22,0x00,0x00,0xAA,0xAA,0x00,0x00,0xA2,0x22,0x00,0x00,0xAA,0xAA,},
    /* 444 */ {0x55,0x55,0x9D,0x9D,0x55,0x55,0x55,0x55,0x55,0x55,0xDD,0xDD,0x55,0x55,0x55,0x55,
                 0x55,0x55,0xDD,0x9D,0x55,0x55,0x55,0x55,0x55,0x55,0x5D,0xDE,0x55,0x56,0x55,0x54,
                 0xFF,0xFF,0xDD,0xDD,0xFF,0xFF,0x55,0x55,0xFF,0xFF,0xDD,0xDD,0xFF,0xFF,0x55,0x55,
                 0xFF,0xFF,0xDD,0xDD,0xFF,0xFF,0x55,0x55,0xFF,0xFF,0x5D,0xDC,0xFF,0xFE,0x55,0x54,
                 0x00,0x00,0x22,0x22,0x00,0x00,0xAA,0xAA,0x00,0x00,0x22,0x22,0x00,0x00,0xAA,0xAA,
                 0x00,0x00,0x22,0x22,0x00,0x00,0xAA,0xAA,0x00,0x00,0xA2,0x23,0x00,0x01,0xAA,0xAB,},
    /* 445 */ {0x55,0x55,0x9D,0x9D,0x55,0x55,0x55,0x55,0x55,0x55,0xDD,0xDD,0x55,0x55,0x55,0x55,
                 0x55,0x55,0xDD,0x8C,0x55,0x54,0x6A,0x8A,0x4A,0xAA,0x62,0x22,0x22,0x22,0xAA,0xAA,
                 0xFF,0xFF,0xDD,0xDD,0xFF,0xFF,0x55,0x55,0xFF,0xFF,0xDD,0xDD,0xFF,0xFF,0x55,0x55,
                 0xFF,0xFF,0xDD,0xCC,0xFF,0xFE,0x40,0x00,0xEA,0xAA,0x40,0x00,0x22,0x22,0x00,0x00,
                 0x00,0x00,0x22,0x22,0x00,0x00,0xAA,0xAA,0x00,0x00,0x22,0x22,0x00,0x00,0xAA,0xAA,
                 0x00,0x00,0x22,0x33,0x00,0x01,0xBF,0xFF,0x15,0x55,0xBF,0xFF,0xDD,0xDD,0xFF,0xFF,},
    /* 446 */ {0x55,0x54,0x9D,0x9D,0x55,0x56,0x55,0x55,0x55,0x55,0xDD,0xDD,0x55,0x55,0xAA,0xAA,
                 0xAA,0xAA,0x22,0x22,0x22,0xA2,0xAA,0x8A,0xAA,0xAA,0x22,0x22,0x22,0x22,0xAA,0xAA,
                 0xFF,0xFE,0xDD,0xDD,0xFF,0xFE,0x55,0x55,0xFF,0xFF,0xDD,0xDD,0xFF,0xFF,0x00,0x00,
                 0xAA,0xAA,0x00,0x00,0x22,0xA2,0x00,0x00,0xAA,0xAA,0x00,0x00,0x22,0x22,0x00,0x00,
                 0x00,0x01,0x22,0x22,0x00,0x01,0xAA,0xAA,0x00,0x00,0x22,0x22,0x00,0x00,0xFF,0xFF,
                 0x55,0x55,0xFF,0xFF,0xDD,0x5D,0xFF,0xFF,0x55,0x55,0xFF,0xFF,0xDD,0xDD,0xFF,0xFF,},
    /* 447 */ {0x4A,0xAA,0x82,0x22,0xA2,0x22,0x8A,0xAA,0xAA,0xAA,0xDD,0xE2,0x55,0x62,0xAA,0xAA,
                 0xAA,0xAA,0x22,0x22,0x22,0xA2,0xAA,0x8A,0xAA,0xAA,0x22,0x22,0x22,0x22,0xAA,0xAA,
                 0xEA,0xAA,0xC0,0x00,0xA2,0x22,0x00,0x00,0xAA,0xAA,0xDD,0xC0,0xFF,0xE2,0x00,0x00,
                 0xAA,0xAA,0x00,0x00,0x22,0xA2,0x00,0x00,0xAA,0xAA,0x00,0x00,0x22,0x22,0x00,0x00,
                 0x15,0x55,0x3F,0xFF,0x5D,0xDD,0xFF,0xFF,0x55,0x55,0x22,0x3F,0x00,0x1D,0xFF,0xFF,
                 0x55,0x55,0xFF,0xFF,0xDD,0x5D,0xFF,0xFF,0x55,0x55,0xFF,0xFF,0xDD,0xDD,0xFF,0xFF,},
    /* 448 */ {0xAA,0xAA,0x22,0x22,0xA2,0x22,0x8A,0xAA,0xAA,0xAA,0x23,0xA2,0x23,0x22,0xAA,0xAA,
                 0xAA,0xAA,0x22,0x22,0x22,0xA2,0xAA,0x8A,0xAA,0xAA,0x22,0x22,0x22,0x22,0xAA,0xAA,
                 0xAA,0xAA,0x00,0x00,0xA2,0x22,0x00,0x00,0xAA,0xAA,0x01,0x80,0x23,0xA2,0x00,0x00,
                 0xAA,0xAA,0x00,0x00,0x22,0xA2,0x00,0x00,0xAA,0xAA,0x00,0x00,0x22,0x22,0x00,0x00,
                 0x55,0x55,0xFF,0xFF,0x5D,0xDD,0xFF,0xFF,0x55,0x55,0xFE,0x7F,0xDC,0x5D,0xFF,0xFF,
                 0x55,0x55,0xFF,0xFF,0xDD,0x5D,0xFF,0xFF,0x55,0x55,0xFF,0xFF,0xDD,0xDD,0xFF,0xFF,},
    /* 449 */ {0x95,0x55,0x3D,0x9D,0xA2,0x55,0x89,0x55,0xA9,0x55,0x1D,0xDD,0x15,0x55,0xAA,0xAA,
                 0xAA,0xAA,0x22,0x22,0x22,0xA2,0xAA,0x8A,0xAA,0xAA,0x22,0x22,0x22,0x22,0xAA,0xAA,
                 0xBF,0xFF,0x1D,0xDD,0xA2,0xFF,0x01,0x55,0xAB,0xFF,0x1D,0xDD,0x3F,0xFF,0x00,0x00,
                 0xAA,0xAA,0x00,0x00,0x22,0xA2,0x00,0x00,0xAA,0xAA,0x00,0x00,0x22,0x22,0x00,0x00,
                 0x40,0x00,0xE2,0x22,0x5D,0x00,0xFE,0xAA,0x54,0x00,0xE2,0x22,0xC0,0x00,0xFF,0xFF,
                 0x55,0x55,0xFF,0xFF,0xDD,0x5D,0xFF,0xFF,0x55,0x55,0xFF,0xFF,0xDD,0xDD,0xFF,0xFF,},
    /* 450 */ {0x55,0x55,0x9D,0x9D,0x55,0x55,0x55,0x55,0x55,0x55,0xDD,0xDD,0x55,0x55,0xAA,0xAA,
                 0xAA,0xAA,0x22,0x22,0x22,0xA2,0xAA,0x8A,0xAA,0xAA,0x22,0x22,0x22,0x22,0xAA,0xAA,
                 0xFF,0xFF,0xDD,0xDD,0xFF,0xFF,0x55,0x55,0xFF,0xFF,0xDD,0xDD,0xFF,0xFF,0x00,0x00,
                 0xAA,0xAA,0x00,0x00,0x22,0xA2,0x00,0x00,0xAA,0xAA,0x00,0x00,0x22,0x22,0x00,0x00,
                 0x00,0x00,0x22,0x22,0x00,0x00,0xAA,0xAA,0x00,0x00,0x22,0x22,0x00,0x00,0xFF,0xFF,
                 0x55,0x55,0xFF,0xFF,0xDD,0x5D,0xFF,0xFF,0x55,0x55,0xFF,0xFF,0xDD,0xDD,0xFF,0xFF,},
    /* 451 */ {0x55,0x55,0x9D,0x9D,0x55,0x55,0x55,0x55,0x55,0x55,0xDD,0xDD,0x55,0x55,0xAA,0xAD,
                 0xAA,0xAD,0x22,0x21,0x22,0xA1,0xAA,0x8A,0xAA,0xAA,0x22,0x22,0x22,0x22,0xAA,0xAA,
                 0xFF,0xFF,0xDD,0xDD,0xFF,0xFF,0x55,0x55,0xFF,0xFF,0xDD,0xDD,0xFF,0xFF,0x00,0x05,
                 0xAA,0xAF,0x00,0x01,0x22,0xA3,0x00,0x00,0xAA,0xAA,0x00,0x00,0x22,0x22,0x00,0x00,
                 0x00,0x00,0x22,0x22,0x00,0x00,0xAA,0xAA,0x00,0x00,0x22,0x22,0x00,0x00,0xFF,0xFA,
                 0x55,0x50,0xFF,0xFE,0xDD,0x5C,0xFF,0xFF,0x55,0x55,0xFF,0xFF,0xDD,0xDD,0xFF,0xFF,},
    /* 452 */ {0x55,0x55,0x9D,0x9D,0x55,0x55,0x55,0x55,0x55,0x55,0xDD,0xDD,0x55,0x55,0x55,0x55,
                 0x55,0x55,0xDD,0x9D,0x55,0x55,0xAA,0x8A,0xAA,0xAA,0x22,0x22,0x22,0x22,0xAA,0xAA,
                 0xFF,0xFF,0xDD,0xDD,0xFF,0xFF,0x55,0x55,0xFF,0xFF,0xDD,0xDD,0xFF,0xFF,0x55,0x55,
                 0xFF,0xFF,0xDD,0xDD,0xFF,0xFF,0x00,0x00,0xAA,0xAA,0x00,0x00,0x22,0x22,0x00,0x00,
                 0x00,0x00,0x22,0x22,0x00,0x00,0xAA,0xAA,0x00,0x00,0x22,0x22,0x00,0x00,0xAA,0xAA,
                 0x00,0x00,0x22,0x22,0x00,0x00,0xFF,0xFF,0x55,0x55,0xFF,0xFF,0xDD,0xDD,0xFF,0xFF,},
    /* 453 */ {0x55,0x55,0x9D,0x9D,0x55,0x55,0x55,0x55,0x55,0x55,0xDD,0xDC,0x55,0x54,0x55,0x55,
                 0x55,0x55,0xDD,0x9D,0x55,0x55,0xB5,0x55,0x95,0x55,0x33,0xDD,0x23,0x55,0xA9,0x55,
                 0xFF,0xFF,0xDD,0xDD,0xFF,0xFF,0x55,0x55,0xFF,0xFF,0xDD,0xDD,0xFF,0xFF,0x55,0x55,
                 0xFF,0xFF,0xDD,0xDD,0xFF,0xFF,0x15,0x55,0xBF,0xFF,0x11,0xDD,0x23,0xFF,0x01,0x55,
                 0x00,0x00,0x22,0x22,0x00,0x00,0xAA,0xAA,0x00,0x00,0x22,0x22,0x00,0x00,0xAA,0xAA,
                 0x00,0x00,0x22,0x22,0x00,0x00,0xEA,0xAA,0x40,0x00,0xEE,0x22,0xDC,0x00,0xFE,0xAA,},
    /* 454 */ {0x48,0x95,0xAA,0xFD,0x55,0x55,0x55,0x55,0x55,0x55,0xAE,0xAA,0xAA,0xEA,0x55,0x55,
                 0x55,0x55,0xDD,0x9D,0x55,0x55,0x55,0x55,0x55,0x55,0x5D,0xDD,0x55,0x55,0x55,0x55,
                 0xF7,0x7F,0xFF,0xBD,0xFF,0xFF,0x55,0x55,0xFF,0xFF,0xFB,0xFF,0x55,0x55,0x55,0x55,
                 0xFF,0xFF,0xDD,0xDD,0xFF,0xFF,0x55,0x55,0xFF,0xFF,0x5D,0xDD,0xFF,0xFF,0x55,0x55,
                 0x00,0x00,0x00,0x02,0x00,0x00,0xAA,0xAA,0x00,0x00,0x00,0x00,0x00,0x00,0xAA,0xAA,
                 0x00,0x00,0x22,0x22,0x00,0x00,0xAA,0xAA,0x00,0x00,0xA2,0x22,0x00,0x00,0xAA,0xAA,},
    /* 455 */ {0x55,0x55,0x9D,0x9D,0x55,0x55,0x55,0x55,0x55,0x55,0xAE,0xAA,0xAA,0xEA,0x55,0x55,
                 0x55,0x55,0xDD,0x9D,0x55,0x55,0x55,0x55,0x55,0x55,0x5D,0xDD,0x55,0x55,0x55,0x55,
                 0xFF,0xFF,0xDD,0xDD,0xFF,0xFF,0x55,0x55,0xFF,0xFF,0xFB,0xFF,0x55,0x55,0x55,0x55,
                 0xFF,0xFF,0xDD,0xDD,0xFF,0xFF,0x55,0x55,0xFF,0xFF,0x5D,0xDD,0xFF,0xFF,0x55,0x55,
                 0x00,0x00,0x22,0x22,0x00,0x00,0xAA,0xAA,0x00,0x00,0x00,0x00,0x00,0x00,0xAA,0xAA,
                 0x00,0x00,0x22,0x22,0x00,0x00,0xAA,0xAA,0x00,0x00,0xA2,0x22,0x00,0x00,0xAA,0xAA,},
    /* 456 */ {0x54,0x88,0x9E,0xEA,0x55,0x55,0x55,0x55,0x55,0x55,0xAE,0xAA,0xAA,0xEA,0x55,0x55,
                 0x55,0x55,0xDD,0x9D,0x55,0x55,0x55,0x55,0x55,0x55,0x5D,0xDD,0x55,0x55,0x55,0x55,
                 0xFF,0x77,0xDF,0xBF,0xFF,0xFF,0x55,0x55,0xFF,0xFF,0xFB,0xFF,0x55,0x55,0x55,0x55,
                 0xFF,0xFF,0xDD,0xDD,0xFF,0xFF,0x55,0x55,0xFF,0xFF,0x5D,0xDD,0xFF,0xFF,0x55,0x55,
                 0x00,0x00,0x20,0x00,0x00,0x00,0xAA,0xAA,0x00,0x00,0x00,0x00,0x00,0x00,0xAA,0xAA,
                 0x00,0x00,0x22,0x22,0x00,0x00,0xAA,0xAA,0x00,0x00,0xA2,0x22,0x00,0x00,0xAA,0xAA,},
    /* 457 */ {0x95,0x55,0xFD,0x9D,0x55,0x55,0x55,0x55,0x55,0x55,0xAE,0xAA,0xAA,0xEA,0x55,0x55,
                 0x55,0x55,0xDD,0x9D,0x55,0x55,0x55,0x55,0x55,0x55,0x5D,0xDD,0x55,0x55,0x55,0x55,
                 0x7F,0xFF,0xBD,0xDD,0xFF,0xFF,0x55,0x55,0xFF,0xFF,0xFB,0xFF,0x55,0x55,0x55,0x55,
                 0xFF,0xFF,0xDD,0xDD,0xFF,0xFF,0x55,0x55,0xFF,0xFF,0x5D,0xDD,0xFF,0xFF,0x55,0x55,
                 0x00,0x00,0x02,0x22,0x00,0x00,0xAA,0xAA,0x00,0x00,0x00,0x00,0x00,0x00,0xAA,0xAA,
                 0x00,0x00,0x22,0x22,0x00,0x00,0xAA,0xAA,0x00,0x00,0xA2,0x22,0x00,0x00,0xAA,0xAA,},
    /* 458 */ {0x55,0x52,0x9D,0x98,0x55,0x52,0x55,0x50,0x55,0x50,0xAE,0xA8,0xAA,0xE8,0x55,0x50,
                 0x55,0x50,0xDD,0x9A,0x55,0x50,0x55,0x52,0x55,0x50,0x5D,0xDE,0x55,0x56,0x55,0x52,
                 0xFF,0xFC,0xDD,0xDE,0xFF,0xFC,0x55,0x56,0xFF,0xFC,0xFB,0xFE,0x55,0x54,0x55,0x56,
                 0xFF,0xFC,0xDD,0xDE,0xFF,0xFC,0x55,0x56,0xFF,0xFC,0x5D,0xDE,0xFF,0xFC,0x55,0x56,
                 0x00,0x00,0x22,0x20,0x00,0x00,0xAA,0xA8,0x00,0x00,0x00,0x00,0x00,0x00,0xAA,0xA8,
                 0x00,0x00,0x22,0x20,0x00,0x00,0xAA,0xA8,0x00,0x00,0xA2,0x20,0x00,0x00,0xAA,0xA8,},
    /* 459 */ {0x55,0x55,0x7D,0x9D,0x75,0x55,0xD5,0x55,0x15,0x55,0x1D,0xDD,0x15,0x55,0x95,0x55,
                 0x15,0x55,0x5D,0x9D,0x15,0x55,0x95,0x55,0x15,0x55,0x8D,0xDD,0xC6,0x66,0x4A,0xAA,
                 0x3F,0xFF,0x3D,0xDD,0x1F,0xFF,0x15,0x55,0x7F,0xFF,0x5D,0xDD,0x7F,0xFF,0x55,0x55,
                 0x7F,0xFF,0x1D,0xDD,0x7F,0xFF,0x55,0x55,0x7F,0xFF,0x4D,0xDD,0x66,0x66,0xC0,0x00,
                 0x00,0x00,0x02,0x22,0x00,0x00,0x2A,0xAA,0x00,0x00,0x22,0x22,0x00,0x00,0x2A,0xAA,
                 0x00,0x00,0x22,0x22,0x00,0x00,0x2A,0xAA,0x00,0x00,0x32,0x22,0x19,0x99,0x3F,0xFF,},
    /* 460 */ {0x55,0x55,0x9D,0x9D,0x55,0x55,0x55,0x55,0x55,0x55,0xDD,0xDD,0x55,0x55,0x55,0x55,
                 0x55,0x55,0xDD,0x9D,0x55,0x55,0x55,0x55,0x55,0x55,0x5D,0xDC,0x66,0x66,0xAA,0xAA,
                 0xFF,0xFF,0xDD,0xDD,0xFF,0xFF,0x55,0x55,0xFF,0xFF,0xDD,0xDD,0xFF,0xFF,0x55,0x55,
                 0xFF,0xFF,0xDD,0xDD,0xFF,0xFF,0x55,0x55,0xFF,0xFF,0x5D,0xDC,0x66,0x66,0x00,0x00,
                 0x00,0x00,0x22,0x22,0x00,0x00,0xAA,0xAA,0x00,0x00,0x22,0x22,0x00,0x00,0xAA,0xAA,
                 0x00,0x00,0x22,0x22,0x00,0x00,0xAA,0xAA,0x00,0x00,0xA2,0x23,0x99,0x99,0xFF,0xFF,},
    /* 461 */ {0x55,0x55,0x9D,0x9D,0x55,0x55,0x51,0x11,0x51,0x11,0xDD,0xDD,0x56,0x66,0x56,0xAA,
                 0x54,0xAA,0xDC,0x22,0x55,0x55,0x55,0x55,0xAA,0xAA,0x22,0x22,0x22,0x22,0xAA,0xAA,
                 0xFF,0xFF,0xDD,0xDD,0xFF,0xFF,0x51,0x11,0xFB,0xBB,0xDD,0xDD,0xFE,0x66,0x54,0x00,
                 0xFE,0xAA,0xDC,0x00,0xFF,0xFF,0x55,0x55,0xAA,0xAA,0x00,0x00,0x22,0x22,0x00,0x00,
                 0x00,0x00,0x22,0x22,0x00,0x00,0xAE,0xEE,0x04,0x44,0x22,0x22,0x01,0x99,0xAB,0xFF,
                 0x01,0x55,0x23,0xFF,0x00,0x00,0xAA,0xAA,0x55,0x55,0xFF,0xFF,0xDD,0xDD,0xFF,0xFF,},
    /* 462 */ {0x55,0x54,0x9D,0x9D,0x55,0x55,0x11,0x2A,0x11,0x2A,0xDD,0xE2,0x66,0x62,0xAA,0xAA,
                 0xAA,0xAA,0x22,0x22,0x54,0xA2,0x56,0x8A,0xAA,0xAA,0x22,0x22,0x22,0x22,0xAA,0xAA,
                 0xFF,0xFE,0xDD,0xDD,0xFF,0xFF,0x11,0x00,0xBB,0xAA,0xDD,0xC0,0x66,0x62,0x00,0x00,
                 0xAA,0xAA,0x00,0x00,0xFE,0xA2,0x54,0x00,0xAA,0xAA,0x00,0x00,0x22,0x22,0x00,0x00,
                 0x00,0x01,0x22,0x22,0x00,0x00,0xEE,0xFF,0x44,0x55,0x22,0x3F,0x99,0x9D,0xFF,0xFF,
                 0x55,0x55,0xFF,0xFF,0x01,0x5D,0xAB,0xFF,0x55,0x55,0xFF,0xFF,0xDD,0xDD,0xFF,0xFF,},
    /* 463 */ {0xAA,0xAA,0x9E,0x22,0x56,0x22,0x8A,0xAA,0xAA,0xAA,0x22,0x22,0x22,0x22,0xAA,0xAA,
                 0xAA,0xAA,0x22,0x22,0x22,0xA2,0xAA,0x8A,0xAA,0xAA,0x22,0x22,0x22,0x22,0xAA,0x22,
                 0xAA,0xAA,0xDC,0x00,0xFE,0x22,0x00,0x00,0xAA,0xAA,0x00,0x00,0x22,0x22,0x00,0x00,
                 0xAA,0xAA,0x00,0x00,0x22,0xA2,0x00,0x00,0xAA,0xAA,0x00,0x00,0x22,0x22,0x00,0x88,
                 0x55,0x55,0x23,0xFF,0x01,0xDD,0xFF,0xFF,0x55,0x55,0xFF,0xFF,0xDD,0xDD,0xFF,0xFF,
                 0x55,0x55,0xFF,0xFF,0xDD,0x5D,0xFF,0xFF,0x55,0x55,0xFF,0xFF,0xDD,0xDD,0xFF,0xFF,},
    /* 464 */ {0xAA,0xAA,0x22,0x22,0xA2,0x22,0x8A,0xAA,0xAA,0xAA,0x22,0x22,0x22,0x22,0xAA,0xAA,
                 0xAA,0xAA,0x22,0x22,0x22,0xA2,0xAA,0x8A,0xAA,0xAA,0x22,0x22,0xDD,0xDD,0x55,0x55,
                 0xAA,0xAA,0x00,0x00,0xA2,0x22,0x00,0x00,0xAA,0xAA,0x00,0x00,0x22,0x22,0x00,0x00,
                 0xAA,0xAA,0x00,0x00,0x22,0xA2,0x00,0x00,0xAA,0xAA,0x00,0x00,0x00,0x00,0xAA,0xAA,
                 0x55,0x55,0xFF,0xFF,0x5D,0xDD,0xFF,0xFF,0x55,0x55,0xFF,0xFF,0xDD,0xDD,0xFF,0xFF,
                 0x55,0x55,0xFF,0xFF,0xDD,0x5D,0xFF,0xFF,0x55,0x55,0xFF,0xFF,0xFF,0xFF,0xFF,0xFF,},
    /* 465 */ {0xAA,0xAA,0x22,0x22,0xA2,0x22,0x8A,0xAA,0xAA,0xAA,0x22,0x22,0x22,0x22,0x22,0x22,
                 0xAA,0xAA,0x22,0x22,0x22,0xA2,0xAA,0x8A,0xEE,0xEE,0x44,0x44,0xDD,0xDD,0x55,0x55,
                 0xAA,0xAA,0x00,0x00,0xA2,0x22,0x00,0x00,0xAA,0xAA,0x00,0x00,0x22,0x22,0x88,0x88,
                 0xAA,0xAA,0x00,0x00,0x22,0xA2,0x00,0x00,0xAA,0xAA,0xAA,0xAA,0x00,0x00,0xAA,0xAA,
                 0x55,0x55,0xFF,0xFF,0x5D,0xDD,0xFF,0xFF,0x55,0x55,0xFF,0xFF,0xDD,0xDD,0xFF,0xFF,
                 0x55,0x55,0xFF,0xFF,0xDD,0x5D,0xFF,0xFF,0x55,0x55,0xFF,0xFF,0xFF,0xFF,0xFF,0xFF,},
    /* 466 */ {0xAA,0xAA,0x22,0x22,0xA2,0x22,0x8A,0xA9,0xAA,0xA9,0x22,0x22,0x22,0x23,0x22,0xBB,
                 0xAA,0xAA,0x22,0x22,0x22,0xA2,0xAA,0x8A,0xAA,0xAA,0x22,0x22,0xDC,0x5D,0x54,0xD5,
                 0xAA,0xAA,0x00,0x00,0xA2,0x22,0x00,0x02,0xAA,0xA8,0x00,0x00,0x22,0x22,0x88,0x00,
                 0xAA,0xAA,0x00,0x00,0x22,0xA2,0x00,0x00,0xAA,0xAA,0x00,0x00,0x00,0x00,0xAA,0x2A,
                 0x55,0x55,0xFF,0xFF,0x5D,0xDD,0xFF,0xFF,0x55,0x57,0xFF,0xFF,0xDD,0xDD,0xFF,0xFF,
                 0x55,0x55,0xFF,0xFF,0xDD,0x5D,0xFF,0xFF,0x55,0x55,0xFF,0xFF,0xFF,0xFF,0xFF,0xFF,},
    /* 467 */ {0xAA,0xAA,0x22,0x22,0xA2,0x22,0x55,0x55,0x55,0x55,0x22,0x22,0x33,0x33,0xBB,0xBB,
                 0xAA,0xAA,0x22,0x22,0x22,0xA2,0xAA,0x8A,0xAA,0xAA,0x22,0x22,0x33,0x33,0xBB,0xBB,
                 0xAA,0xAA,0x00,0x00,0xA2,0x22,0xAA,0xAA,0x00,0x00,0x00,0x00,0x22,0x22,0x00,0x00,
                 0xAA,0xAA,0x00,0x00,0x22,0xA2,0x00,0x00,0xAA,0xAA,0x00,0x00,0x22,0x22,0x00,0x00,
                 0x55,0x55,0xFF,0xFF,0x5D,0xDD,0xFF,0xFF,0xFF,0xFF,0xFF,0xFF,0xDD,0xDD,0xFF,0xFF,
                 0x55,0x55,0xFF,0xFF,0xDD,0x5D,0xFF,0xFF,0x55,0x55,0xFF,0xFF,0xDD,0xDD,0xFF,0xFF,},
    /* 468 */ {0xAA,0xAA,0x22,0x22,0xA2,0x22,0x55,0x52,0x55,0x52,0x2C,0x22,0x3D,0x32,0xB5,0xBB,
                 0xAA,0xAA,0x22,0x22,0x22,0xA2,0xAA,0x8A,0xAA,0xAA,0x22,0x22,0xDD,0xD3,0x55,0x5B,
                 0xAA,0xAA,0x00,0x00,0xA2,0x22,0xAA,0xA8,0x00,0x02,0x02,0x00,0x20,0x22,0x0A,0x00,
                 0xAA,0xAA,0x00,0x00,0x22,0xA2,0x00,0x00,0xAA,0xAA,0x00,0x00,0x00,0x02,0xAA,0xA0,
                 0x55,0x55,0xFF,0xFF,0x5D,0xDD,0xFF,0xFF,0xFF,0xFD,0xFF,0xFF,0xDF,0xDD,0xFF,0xFF,
                 0x55,0x55,0xFF,0xFF,0xDD,0x5D,0xFF,0xFF,0x55,0x55,0xFF,0xFF,0xFF,0xFD,0xFF,0xFF,},
    /* 469 */ {0xAA,0xAA,0x21,0x22,0xA2,0x22,0x8A,0xAA,0xAA,0xAA,0x22,0x22,0x22,0x22,0xAA,0xAA,
                 0xAA,0xAA,0x22,0x22,0x22,0xA2,0xAA,0x8A,0xAA,0xAA,0x22,0x22,0x22,0x22,0xAA,0xAA,
                 0xAA,0xAA,0x01,0x00,0xA2,0x22,0x00,0x00,0xAA,0xAA,0x00,0x00,0x22,0x22,0x00,0x00,
                 0xAA,0xAA,0x00,0x00,0x22,0xA2,0x00,0x00,0xAA,0xAA,0x00,0x00,0x22,0x22,0x00,0x00,
                 0x55,0x55,0xFE,0xFF,0x5D,0xDD,0xFF,0xFF,0x55,0x55,0xFF,0xFF,0xDD,0xDD,0xFF,0xFF,
                 0x55,0x55,0xFF,0xFF,0xDD,0x5D,0xFF,0xFF,0x55,0x55,0xFF,0xFF,0xDD,0xDD,0xFF,0xFF,},
    /* 470 */ {0xAA,0xAA,0x22,0x25,0xA2,0x25,0x8A,0xAA,0xAA,0xAA,0x22,0x22,0x22,0x22,0xAA,0xAA,
                 0xAA,0xAA,0x22,0x22,0x22,0xA2,0xAA,0x8A,0xAA,0xAA,0x22,0x22,0x22,0x22,0xAA,0xAA,
                 0xAA,0xAA,0x00,0x05,0xA2,0x27,0x00,0x00,0xAA,0xAA,0x00,0x00,0x22,0x22,0x00,0x00,
                 0xAA,0xAA,0x00,0x00,0x22,0xA2,0x00,0x00,0xAA,0xAA,0x00,0x00,0x22,0x22,0x00,0x00,
                 0x55,0x55,0xFF,0xFA,0x5D,0xD8,0xFF,0xFF,0x55,0x55,0xFF,0xFF,0xDD,0xDD,0xFF,0xFF,
                 0x55,0x55,0xFF,0xFF,0xDD,0x5D,0xFF,0xFF,0x55,0x55,0xFF,0xFF,0xDD,0xDD,0xFF,0xFF,},
    /* 471 */ {0xA9,0x55,0x9D,0x9D,0x55,0x55,0x8A,0xA4,0xAA,0xA4,0x22,0x3D,0x22,0x33,0xAA,0xAA,
                 0xAA,0xA9,0x22,0x21,0x25,0x55,0xAD,0x55,0xAA,0xAA,0x22,0x22,0x22,0x22,0xAA,0xAA,
                 0xAB,0xFF,0xDD,0xDD,0xFF,0xFF,0x00,0x04,0xAA,0xAE,0x00,0x1D,0x22,0x33,0x00,0x00,
                 0xAA,0xAB,0x00,0x01,0x27,0xFF,0x05,0x55,0xAA,0xAA,0x00,0x00,0x22,0x22,0x00,0x00,
                 0x54,0x00,0x22,0x22,0x00,0x00,0xFF,0xFB,0x55,0x51,0xFF,0xE2,0xDD,0xCC,0xFF,0xFF,
                 0x55,0x54,0xFF,0xFE,0xD8,0x00,0xFA,0xAA,0x55,0x55,0xFF,0xFF,0xDD,0xDD,0xFF,0xFF,},
    /* 472 */ {0x55,0x55,0x9D,0x9D,0x55,0x55,0x45,0x55,0x45,0x55,0xDD,0xDD,0x35,0x55,0xB5,0x55,
                 0x15,0x55,0xDD,0x9D,0x55,0x55,0x55,0x55,0xD5,0x55,0x19,0xDD,0x33,0x55,0xAB,0x55,
                 0xFF,0xFF,0xDD,0xDD,0xFF,0xFF,0x45,0x55,0xEF,0xFF,0xDD,0xDD,0x3F,0xFF,0x15,0x55,
                 0xBF,0xFF,0xDD,0xDD,0xFF,0xFF,0x55,0x55,0xFF,0xFF,0x19,0xDD,0x33,0xFF,0x01,0x55,
                 0x00,0x00,0x22,0x22,0x00,0x00,0xBA,0xAA,0x10,0x00,0x22,0x22,0xC0,0x00,0xEA,0xAA,
                 0x40,0x00,0x22,0x22,0x00,0x00,0xAA,0xAA,0x00,0x00,0xE6,0x22,0xCC,0x00,0xFE,0xAA,},
    /* 473 */ {0x55,0x55,0x9D,0x9D,0x55,0x55,0x55,0x55,0x55,0x55,0xDD,0xDD,0x55,0x55,0x55,0x55,
                 0x55,0x55,0xDD,0x9D,0x55,0x55,0x55,0x55,0x55,0x55,0x5D,0xDD,0x55,0x53,0x55,0x5A,
                 0xFF,0xFF,0xDD,0xDD,0xFF,0xFF,0x55,0x55,0xFF,0xFF,0xDD,0xDD,0xFF,0xFF,0x55,0x55,
                 0xFF,0xFF,0xDD,0xDD,0xFF,0xFF,0x55,0x55,0xFF,0xFF,0x5D,0xDD,0xFF,0xF3,0x55,0x50,
                 0x00,0x00,0x22,0x22,0x00,0x00,0xAA,0xAA,0x00,0x00,0x22,0x22,0x00,0x00,0xAA,0xAA,
                 0x00,0x00,0x22,0x22,0x00,0x00,0xAA,0xAA,0x00,0x00,0xA2,0x22,0x00,0x0C,0xAA,0xAF,},
    /* 474 */ {0x55,0x55,0x9D,0x9D,0x55,0x55,0x55,0x55,0x55,0x55,0xDD,0xDD,0x55,0x55,0x55,0x55,
                 0x55,0x55,0xDD,0x9D,0x55,0x55,0x55,0x55,0x55,0x55,0x5D,0xDD,0x33,0x33,0xAA,0xAA,
                 0xFF,0xFF,0xDD,0xDD,0xFF,0xFF,0x55,0x55,0xFF,0xFF,0xDD,0xDD,0xFF,0xFF,0x55,0x55,
                 0xFF,0xFF,0xDD,0xDD,0xFF,0xFF,0x55,0x55,0xFF,0xFF,0x5D,0xDD,0x33,0x33,0x00,0x00,
                 0x00,0x00,0x22,0x22,0x00,0x00,0xAA,0xAA,0x00,0x00,0x22,0x22,0x00,0x00,0xAA,0xAA,
                 0x00,0x00,0x22,0x22,0x00,0x00,0xAA,0xAA,0x00,0x00,0xA2,0x22,0xCC,0xCC,0xFF,0xFF,},
    /* 475 */ {0x55,0x56,0x9D,0x9E,0x55,0x56,0x55,0x56,0x55,0x56,0xDD,0xDE,0x55,0x56,0x55,0x56,
                 0x55,0x56,0xDD,0x9E,0x55,0x56,0x55,0x56,0x5A,0xA6,0x42,0x26,0x22,0x26,0xAA,0xAA,
                 0xFF,0xFC,0xDD,0xDE,0xFF,0xFC,0x55,0x56,0xFF,0xFC,0xDD,0xDE,0xFF,0xFC,0x55,0x56,
                 0xFF,0xFC,0xDD,0xDE,0xFF,0xFC,0x55,0x56,0xFA,0xAC,0x40,0x06,0x22,0x24,0x00,0x02,
                 0x00,0x00,0x22,0x20,0x00,0x00,0xAA,0xA8,0x00,0x00,0x22,0x20,0x00,0x00,0xAA,0xA8,
                 0x00,0x00,0x22,0x20,0x00,0x00,0xAA,0xA8,0x05,0x50,0xBF,0xF8,0xDD,0xD8,0xFF,0xFC,},
    /* 476 */ {0x0A,0xAA,0x02,0x22,0x02,0x22,0x95,0x55,0x15,0x55,0x02,0x22,0xE2,0x22,0x6A,0xAA,
                 0x6A,0xAA,0x62,0x22,0xE2,0xA2,0xAA,0x8A,0x6A,0xAA,0x62,0x22,0xE2,0x22,0x6A,0xAA,
                 0x6A,0xAA,0xC0,0x00,0x62,0x22,0x55,0x55,0x7F,0xFF,0xC0,0x00,0x62,0x22,0xC0,0x00,
                 0x6A,0xAA,0xC0,0x00,0x62,0xA2,0x40,0x00,0x6A,0xAA,0xC0,0x00,0x62,0x22,0xC0,0x00,
                 0x15,0x55,0x3F,0xFF,0x1D,0xDD,0x2A,0xAA,0x00,0x00,0x3F,0xFF,0x1D,0xDD,0x3F,0xFF,
                 0x15,0x55,0x3F,0xFF,0x1D,0x5D,0x3F,0xFF,0x15,0x55,0x3F,0xFF,0x1D,0xDD,0x3F,0xFF,},
    /* 477 */ {0xAA,0xAA,0x22,0x22,0xA2,0x22,0x55,0x55,0x55,0x55,0x22,0x22,0x22,0x22,0xAA,0xAA,
                 0xAA,0xAA,0x22,0x22,0x22,0xA2,0xAA,0x8A,0xAA,0xAA,0x22,0x22,0x22,0x22,0xAA,0xAA,
                 0xAA,0xAA,0x00,0x00,0xA2,0x22,0x55,0x55,0xFF,0xFF,0x00,0x00,0x22,0x22,0x00,0x00,
                 0xAA,0xAA,0x00,0x00,0x22,0xA2,0x00,0x00,0xAA,0xAA,0x00,0x00,0x22,0x22,0x00,0x00,
                 0x55,0x55,0xFF,0xFF,0x5D,0xDD,0xAA,0xAA,0x00,0x00,0xFF,0xFF,0xDD,0xDD,0xFF,0xFF,
                 0x55,0x55,0xFF,0xFF,0xDD,0x5D,0xFF,0xFF,0x55,0x55,0xFF,0xFF,0xDD,0xDD,0xFF,0xFF,},
    /* 478 */ {0xAA,0xAA,0x22,0x22,0xA2,0x22,0x56,0xAA,0x56,0xAA,0x22,0x22,0x22,0x22,0xAA,0xAA,
                 0xAA,0xAA,0x22,0x22,0x22,0xA2,0xAA,0x8A,0xAA,0xAA,0x22,0x22,0x22,0x22,0xAA,0xA2,
                 0xAA,0xAA,0x00,0x00,0xA2,0x22,0x54,0x00,0xFE,0xAA,0x00,0x00,0x22,0x22,0x00,0x00,
                 0xAA,0xAA,0x00,0x00,0x22,0xA2,0x00,0x00,0xAA,0xAA,0x00,0x00,0x22,0x22,0x00,0x08,
                 0x55,0x55,0xFF,0xFF,0x5D,0xDD,0xAB,0xFF,0x01,0x55,0xFF,0xFF,0xDD,0xDD,0xFF,0xFF,
                 0x55,0x55,0xFF,0xFF,0xDD,0x5D,0xFF,0xFF,0x55,0x55,0xFF,0xFF,0xDD,0xDD,0xFF,0xFF,},
    /* 479 */ {0xAA,0xAA,0x22,0x22,0xA2,0x22,0x8A,0xAA,0xAA,0xAA,0x22,0x22,0x22,0x22,0xAA,0x55,
                 0xA2,0x55,0x22,0xD5,0x22,0xDD,0xAA,0x91,0xAA,0xB1,0x26,0x55,0x2C,0xDD,0x55,0x55,
                 0xAA,0xAA,0x00,0x00,0xA2,0x22,0x00,0x00,0xAA,0xAA,0x00,0x00,0x22,0x22,0x00,0xAA,
                 0xA2,0x00,0x00,0x2A,0x22,0x80,0x00,0x0A,0xAA,0xA0,0x00,0x2A,0x20,0x00,0xAA,0xAA,
                 0x55,0x55,0xFF,0xFF,0x5D,0xDD,0xFF,0xFF,0x55,0x55,0xFF,0xFF,0xDD,0xDD,0xFF,0xFF,
                 0x5D,0xFF,0xFF,0xFF,0xDD,0x7F,0xFF,0xFF,0x55,0x5F,0xFF,0xFF,0xDF,0xFF,0xFF,0xFF,},
    /* 480 */ {0xAA,0xA2,0x22,0x55,0xA2,0x5D,0x8A,0xAA,0xAA,0xAA,0x22,0x66,0x22,0xCC,0x55,0x55,
                 0x55,0x55,0xD5,0xD5,0xDD,0xDD,0x11,0x11,0x31,0x11,0x55,0x55,0xDD,0xDD,0x55,0x55,
                 0xAA,0xA2,0x00,0x2A,0xA2,0x00,0x00,0x00,0xAA,0xAA,0x00,0x00,0x22,0x00,0xAA,0xAA,
                 0x00,0x00,0x2A,0x2A,0x00,0x00,0xAA,0xAA,0x00,0x00,0xAA,0xAA,0x00,0x00,0xAA,0xAA,
                 0x55,0x5D,0xFF,0xFF,0x5D,0xFF,0xFF,0xFF,0x55,0x55,0xFF,0xFF,0xDD,0xFF,0xFF,0xFF,
                 0xFF,0xFF,0xFF,0xFF,0xFF,0xFF,0xFF,0xFF,0xFF,0xFF,0xFF,0xFF,0xFF,0xFF,0xFF,0xFF,},
    /* 481 */ {0x55,0x55,0xD5,0xD5,0xDD,0xDD,0x91,0x11,0x91,0x11,0x5D,0x55,0xDD,0xDD,0x55,0x55,
                 0x55,0x55,0xD5,0xD5,0xDD,0xDD,0x55,0x55,0x75,0x55,0x55,0x55,0xDD,0xDD,0x55,0x55,
                 0x00,0x00,0x2A,0x2A,0x00,0x00,0x2A,0xAA,0x80,0x00,0x22,0xAA,0x00,0x00,0xAA,0xAA,
                 0x00,0x00,0x2A,0x2A,0x00,0x00,0xAA,0xAA,0x00,0x00,0xAA,0xAA,0x00,0x00,0xAA,0xAA,
                 0xFF,0xFF,0xFF,0xFF,0xFF,0xFF,0xFF,0xFF,0x7F,0xFF,0xFF,0xFF,0xFF,0xFF,0xFF,0xFF,
                 0xFF,0xFF,0xFF,0xFF,0xFF,0xFF,0xFF,0xFF,0xFF,0xFF,0xFF,0xFF,0xFF,0xFF,0xFF,0xFF,},
    /* 482 */ {0x55,0x55,0xD5,0xD5,0xDD,0xDD,0x11,0x11,0x11,0x11,0x5D,0x55,0xDD,0xDD,0x55,0x55,
                 0x55,0x55,0xD5,0xD5,0xDD,0xDD,0x55,0x55,0x75,0x55,0x55,0x55,0xDD,0xDD,0x55,0x55,
                 0x00,0x00,0x2A,0x2A,0x00,0x00,0xAA,0xAA,0x00,0x00,0xA2,0xAA,0x00,0x00,0xAA,0xAA,
                 0x00,0x00,0x2A,0x2A,0x00,0x00,0xAA,0xAA,0x00,0x00,0xAA,0xAA,0x00,0x00,0xAA,0xAA,
                 0xFF,0xFF,0xFF,0xFF,0xFF,0xFF,0xFF,0xFF,0xFF,0xFF,0xFF,0xFF,0xFF,0xFF,0xFF,0xFF,
                 0xFF,0xFF,0xFF,0xFF,0xFF,0xFF,0xFF,0xFF,0xFF,0xFF,0xFF,0xFF,0xFF,0xFF,0xFF,0xFF,},
    /* 483 */ {0x54,0xD4,0xD4,0x54,0xDC,0x5C,0x0A,0xAA,0xAA,0xAA,0x62,0x22,0xC2,0x22,0x54,0xDB,
                 0x55,0xDB,0xD4,0x22,0xDE,0xA2,0x1A,0x8A,0x3A,0xAA,0x56,0x22,0xDC,0xE2,0x55,0x55,
                 0x00,0x80,0x2A,0x2A,0x00,0x00,0x80,0x00,0xAA,0xAA,0x80,0x00,0x02,0x22,0xAA,0x20,
                 0x00,0x8A,0x2A,0x00,0x02,0xA2,0xA0,0x00,0x0A,0xAA,0xA8,0x00,0x00,0x22,0xAA,0xAA,
                 0xFF,0x7F,0xFF,0xFF,0xFF,0xFF,0xFF,0xFF,0x55,0x55,0xFF,0xFF,0xFD,0xDD,0xFF,0xFF,
                 0xFF,0x75,0xFF,0xFF,0xFD,0x5D,0xFF,0xFF,0xF5,0x55,0xFF,0xFF,0xFF,0xDD,0xFF,0xFF,},
    /* 484 */ {0xAA,0xAA,0x22,0x22,0xA2,0x22,0x8A,0xAA,0xAA,0xAA,0x22,0x22,0x22,0x22,0xBA,0xAB,
                 0xBA,0xAB,0x22,0x22,0x22,0xA2,0xAA,0x8A,0xAA,0xAA,0x22,0x22,0x22,0x22,0xBB,0xBB,
                 0xAA,0xAA,0x00,0x00,0xA2,0x22,0x00,0x00,0xAA,0xAA,0x00,0x00,0x22,0x22,0x00,0x00,
                 0xAA,0xAA,0x00,0x00,0x22,0xA2,0x00,0x00,0xAA,0xAA,0x00,0x00,0x22,0x22,0x00,0x00,
                 0x55,0x55,0xFF,0xFF,0x5D,0xDD,0xFF,0xFF,0x55,0x55,0xFF,0xFF,0xDD,0xDD,0xFF,0xFF,
                 0x55,0x55,0xFF,0xFF,0xDD,0x5D,0xFF,0xFF,0x55,0x55,0xFF,0xFF,0xDD,0xDD,0xFF,0xFF,},
    /* 485 */ {0xA4,0xAA,0x24,0x22,0xAC,0x22,0x8A,0xAA,0xAA,0xAA,0x22,0x22,0x22,0x22,0xBB,0xBA,
                 0xBB,0xBA,0x22,0x22,0x22,0xA2,0xAA,0x8A,0xAA,0xAA,0x22,0x22,0x22,0x22,0xBA,0xAA,
                 0xA0,0xAA,0x0A,0x00,0xA0,0x22,0x00,0x00,0xAA,0xAA,0x00,0x00,0x22,0x22,0x00,0x00,
                 0xAA,0xAA,0x00,0x00,0x22,0xA2,0x00,0x00,0xAA,0xAA,0x00,0x00,0x22,0x22,0x00,0x00,
                 0x5F,0x55,0xFF,0xFF,0x5F,0xDD,0xFF,0xFF,0x55,0x55,0xFF,0xFF,0xDD,0xDD,0xFF,0xFF,
                 0x55,0x55,0xFF,0xFF,0xDD,0x5D,0xFF,0xFF,0x55,0x55,0xFF,0xFF,0xDD,0xDD,0xFF,0xFF,},
    /* 486 */ {0xAA,0xAA,0x22,0x22,0xA2,0x22,0x8D,0x55,0xAD,0x55,0x22,0x25,0x22,0x21,0xAA,0xAB,
                 0xAA,0xAB,0x22,0x19,0x22,0x95,0xAD,0x55,0xAD,0x55,0x22,0x5D,0x22,0x11,0xAA,0xBB,
                 0xAA,0xAA,0x00,0x00,0xA2,0x22,0x05,0x55,0xAF,0xFF,0x00,0x05,0x22,0x23,0x00,0x01,
                 0xAA,0xAB,0x00,0x19,0x22,0xBF,0x05,0x55,0xAF,0xFF,0x00,0x5D,0x22,0x3B,0x00,0x11,
                 0x55,0x55,0xFF,0xFF,0x5D,0xDD,0xFA,0xAA,0x50,0x00,0xFF,0xFA,0xDD,0xDC,0xFF,0xFE,
                 0x55,0x54,0xFF,0xE6,0xDD,0x40,0xFA,0xAA,0x50,0x00,0xFF,0xA2,0xDD,0xC4,0xFF,0xEE,},
    /* 487 */ {0x91,0x55,0x19,0x9D,0x91,0x15,0x55,0x55,0x55,0x55,0xDD,0xDD,0x55,0x55,0x55,0x55,
                 0x55,0x55,0xDD,0x9D,0x55,0x55,0x55,0x55,0x55,0x55,0x5D,0xDD,0x55,0x55,0xB5,0x55,
                 0xBB,0xFF,0x19,0x9D,0xBB,0xBF,0x55,0x55,0xFF,0xFF,0xDD,0xDD,0xFF,0xFF,0x55,0x55,
                 0xFF,0xFF,0xDD,0xDD,0xFF,0xFF,0x55,0x55,0xFF,0xFF,0x5D,0xDD,0xFF,0xFF,0x15,0x55,
                 0x44,0x00,0xE6,0x62,0x44,0x40,0xAA,0xAA,0x00,0x00,0x22,0x22,0x00,0x00,0xAA,0xAA,
                 0x00,0x00,0x22,0x22,0x00,0x00,0xAA,0xAA,0x00,0x00,0xA2,0x22,0x00,0x00,0xEA,0xAA,},
    /* 488 */ {0x55,0x51,0x99,0x99,0x51,0x11,0x55,0x55,0x55,0x55,0xDD,0xDD,0x55,0x55,0x55,0x55,
                 0x55,0x55,0xDD,0x9D,0x55,0x55,0x55,0x55,0x55,0x55,0x5D,0xDD,0x55,0x55,0x55,0x5B,
                 0xFF,0xFB,0xD9,0x99,0xFB,0xBB,0x55,0x55,0xFF,0xFF,0xDD,0xDD,0xFF,0xFF,0x55,0x55,
                 0xFF,0xFF,0xDD,0xDD,0xFF,0xFF,0x55,0x55,0xFF,0xFF,0x5D,0xDD,0xFF,0xFF,0x55,0x51,
                 0x00,0x04,0x26,0x66,0x04,0x44,0xAA,0xAA,0x00,0x00,0x22,0x22,0x00,0x00,0xAA,0xAA,
                 0x00,0x00,0x22,0x22,0x00,0x00,0xAA,0xAA,0x00,0x00,0xA2,0x22,0x00,0x00,0xAA,0xAE,},
    /* 489 */ {0x11,0x12,0x99,0x9A,0x11,0x12,0x55,0x55,0x55,0x55,0xDD,0xE2,0x11,0x22,0xBB,0xAA,
                 0xAA,0xAA,0x9A,0x22,0x52,0xA2,0x55,0x5A,0x55,0x5A,0x62,0x22,0x22,0x22,0xAA,0xAA,
                 0xBB,0xBA,0x99,0x98,0xBB,0xBA,0x55,0x55,0xFF,0xFF,0xDD,0xC0,0xBB,0xA2,0x11,0x00,
                 0xAA,0xAA,0x98,0x00,0xFA,0xA2,0x55,0x50,0xFF,0xFA,0x40,0x00,0xA2,0x22,0x00,0x00,
                 0x44,0x45,0x66,0x67,0x44,0x45,0xAA,0xAA,0x00,0x00,0x22,0x3F,0x44,0x5D,0xEE,0xFF,
                 0x55,0x55,0x67,0xFF,0x05,0x5D,0xAA,0xAF,0x00,0x05,0xBF,0xFF,0x5D,0xDD,0xFF,0xFF,},
    /* 490 */ {0xAA,0xAA,0x22,0x22,0xA2,0x22,0x5A,0xAA,0x5A,0xAA,0x22,0x22,0x22,0x22,0xAA,0xAA,
                 0xAA,0xAA,0x22,0x22,0x22,0xA2,0xAA,0x8A,0xAA,0xAA,0x22,0x22,0x22,0x22,0xAA,0xA8,
                 0xAA,0xAA,0x00,0x00,0xA2,0x22,0x50,0x00,0xFA,0xAA,0x00,0x00,0x22,0x22,0x00,0x00,
                 0xAA,0xAA,0x00,0x00,0x22,0xA2,0x00,0x00,0xAA,0xAA,0x00,0x00,0x22,0x22,0x00,0x02,
                 0x55,0x55,0xFF,0xFF,0x5D,0xDD,0xAF,0xFF,0x05,0x55,0xFF,0xFF,0xDD,0xDD,0xFF,0xFF,
                 0x55,0x55,0xFF,0xFF,0xDD,0x5D,0xFF,0xFF,0x55,0x55,0xFF,0xFF,0xDD,0xDD,0xFF,0xFF,},
    /* 491 */ {0xAA,0xAA,0x22,0x22,0xA2,0x26,0x8A,0xA6,0xAA,0xA6,0x22,0x26,0x22,0x26,0xAA,0xAA,
                 0xAA,0xAA,0x22,0x21,0x22,0xA1,0xAA,0x89,0xAA,0xA9,0x22,0x21,0x22,0x21,0x88,0x8A,
                 0xAA,0xA8,0x00,0x02,0xA2,0x24,0x00,0x06,0xAA,0xAC,0x00,0x06,0x22,0x24,0x00,0x02,
                 0xAA,0xA8,0x00,0x00,0x22,0xA2,0x00,0x00,0xAA,0xAA,0x00,0x00,0x22,0x22,0x22,0x22,
                 0x55,0x54,0xFF,0xFC,0x5D,0xD8,0xFF,0xF8,0x55,0x50,0xFF,0xF8,0xDD,0xD8,0xFF,0xFC,
                 0x55,0x54,0xFF,0xFE,0xDD,0x5C,0xFF,0xFE,0x55,0x54,0xFF,0xFE,0xDD,0xDC,0xFF,0xFC,},
    /* 492 */ {0x6A,0xAA,0x22,0x22,0x62,0x22,0x4A,0xAA,0x2A,0xAA,0x62,0x22,0xE2,0x22,0x6A,0xAA,
                 0x6A,0xAA,0x62,0xA2,0xE2,0xA2,0x7A,0x8A,0x7A,0xAA,0x72,0x22,0xFD,0xDD,0x55,0x55,
                 0x6A,0xAA,0xC0,0x00,0x62,0x22,0xC0,0x00,0x6A,0xAA,0x40,0x00,0x62,0x22,0xC0,0x00,
                 0x6A,0xAA,0xC8,0x08,0x62,0xA2,0xC0,0x00,0x6A,0xAA,0xC8,0x00,0x60,0x00,0xEA,0xAA,
                 0x15,0x55,0x3F,0xFF,0x1D,0xDD,0x3F,0xFF,0x15,0x55,0x3F,0xFF,0x1D,0xDD,0x3F,0xFF,
                 0x15,0x55,0x3F,0xFF,0x1D,0x5D,0x3F,0xFF,0x15,0x55,0x3F,0xFF,0x1F,0xFF,0x3F,0xFF,},
    /* 493 */ {0xAA,0xAA,0x22,0x22,0xA2,0x22,0x8A,0xAA,0xAA,0xAA,0x22,0x22,0x22,0x22,0xAA,0xAA,
                 0xAA,0xAA,0xA2,0xA2,0x22,0xA2,0xAA,0x8A,0xAA,0xAA,0x22,0x22,0xDD,0xDD,0x55,0x55,
                 0xAA,0xAA,0x00,0x00,0xA2,0x22,0x00,0x00,0xAA,0xAA,0x00,0x00,0x22,0x22,0x00,0x00,
                 0xAA,0xAA,0x08,0x08,0x22,0xA2,0x00,0x00,0xAA,0xAA,0x00,0x00,0x00,0x00,0xAA,0xAA,
                 0x55,0x55,0xFF,0xFF,0x5D,0xDD,0xFF,0xFF,0x55,0x55,0xFF,0xFF,0xDD,0xDD,0xFF,0xFF,
                 0x55,0x55,0xFF,0xFF,0xDD,0x5D,0xFF,0xFF,0x55,0x55,0xFF,0xFF,0xFF,0xFF,0xFF,0xFF,},
    /* 494 */ {0xAA,0xB5,0x22,0x35,0xA2,0x22,0x8A,0xAA,0xAA,0xAA,0x22,0x22,0x22,0x26,0xAA,0xA4,
                 0x55,0x55,0xD5,0xD5,0xDD,0xDD,0xD5,0x55,0xB1,0x11,0x11,0x11,0xDD,0xDD,0x55,0x55,
                 0xAA,0xA0,0x00,0x0A,0xA2,0x22,0x00,0x00,0xAA,0xAA,0x00,0x00,0x22,0x22,0x00,0x0A,
                 0x00,0x00,0x2A,0x2A,0x00,0x00,0x2A,0xAA,0xA0,0x00,0x2A,0xAA,0x00,0x00,0xAA,0xAA,
                 0x55,0x5F,0xFF,0xFF,0x5D,0xDD,0xFF,0xFF,0x55,0x55,0xFF,0xFF,0xDD,0xDD,0xFF,0xFF,
                 0xFF,0xFF,0xFF,0xFF,0xFF,0xFF,0xFF,0xFF,0x5F,0xFF,0xFF,0xFF,0xFF,0xFF,0xFF,0xFF,},
    /* 495 */ {0x55,0x55,0xD5,0xD5,0xBD,0xDD,0x95,0x55,0xB1,0x15,0x39,0x15,0x5D,0xDD,0x55,0x55,
                 0x55,0x55,0xD5,0xD5,0xDD,0xDD,0x55,0x55,0x35,0x55,0x15,0x55,0xDD,0xDD,0x55,0x55,
                 0x00,0x00,0x2A,0x2A,0xA0,0x00,0x0A,0xAA,0xA0,0x00,0x02,0xAA,0x00,0x00,0xAA,0xAA,
                 0x00,0x00,0x2A,0x2A,0x00,0x00,0xAA,0xAA,0x00,0x00,0xAA,0xAA,0x00,0x00,0xAA,0xAA,
                 0xFF,0xFF,0xFF,0xFF,0x5F,0xFF,0xFF,0xFF,0x5F,0xFF,0xFF,0xFF,0xFF,0xFF,0xFF,0xFF,
                 0xFF,0xFF,0xFF,0xFF,0xFF,0xFF,0xFF,0xFF,0xFF,0xFF,0xFF,0xFF,0xFF,0xFF,0xFF,0xFF,},
    /* 496 */ {0x55,0x55,0xD5,0xD5,0xDD,0xDE,0x55,0x52,0x55,0xCA,0x5D,0x52,0xDD,0xDA,0x55,0x57,
                 0x55,0x55,0xD5,0xD5,0xDD,0xDD,0x55,0x55,0x75,0x55,0x55,0x55,0xDD,0xDD,0x55,0x55,
                 0x00,0x00,0x2A,0x2A,0x00,0x02,0xAA,0xA8,0x00,0x8A,0xA2,0x20,0x00,0x02,0xAA,0xA8,
                 0x00,0x00,0x2A,0x2A,0x00,0x00,0xAA,0xAA,0x00,0x00,0xAA,0xAA,0x00,0x00,0xAA,0xAA,
                 0xFF,0xFF,0xFF,0xFF,0xFF,0xFD,0xFF,0xFF,0xFF,0x75,0xFF,0xFF,0xFF,0xFD,0xFF,0xFF,
                 0xFF,0xFF,0xFF,0xFF,0xFF,0xFF,0xFF,0xFF,0xFF,0xFF,0xFF,0xFF,0xFF,0xFF,0xFF,0xFF,},
    /* 497 */ {0x55,0x55,0xD5,0xD5,0xA2,0x22,0x8A,0xAA,0xAA,0xAA,0x22,0x22,0xA2,0x22,0x6A,0xAA,
                 0x55,0x5B,0xD5,0xD3,0xDE,0xA2,0x52,0x8A,0xEA,0xAA,0x52,0x22,0xDD,0xDD,0x55,0x55,
                 0x00,0x00,0x2A,0x2A,0xA2,0x22,0x00,0x00,0xAA,0xAA,0x00,0x00,0x22,0x22,0x80,0x00,
                 0x00,0x0A,0x2A,0x20,0x02,0xA2,0xA8,0x00,0x8A,0xAA,0x20,0x00,0x00,0x00,0xAA,0xAA,
                 0xFF,0xFF,0xFF,0xFF,0x5D,0xDD,0xFF,0xFF,0x55,0x55,0xFF,0xFF,0xDD,0xDD,0xFF,0xFF,
                 0xFF,0xF5,0xFF,0xFF,0xFD,0x5D,0xFF,0xFF,0x75,0x55,0xFF,0xFF,0xFF,0xFF,0xFF,0xFF,},
    /* 498 */ {0x52,0xAA,0xD2,0x22,0xA2,0x22,0x8A,0xAA,0xAA,0xAA,0x22,0x22,0x22,0x22,0xAA,0xAA,
                 0xAA,0xAA,0x22,0x22,0x22,0xA2,0xAA,0x8A,0xAA,0xAA,0x22,0x22,0xA2,0x22,0x2A,0xAA,
                 0x02,0xAA,0x28,0x00,0xA2,0x22,0x00,0x00,0xAA,0xAA,0x00,0x00,0x22,0x22,0x00,0x00,
                 0xAA,0xAA,0x00,0x00,0x22,0xA2,0x00,0x00,0xAA,0xAA,0x00,0x00,0x22,0x22,0x80,0x00,
                 0xFD,0x55,0xFF,0xFF,0x5D,0xDD,0xFF,0xFF,0x55,0x55,0xFF,0xFF,0xDD,0xDD,0xFF,0xFF,
                 0x55,0x55,0xFF,0xFF,0xDD,0x5D,0xFF,0xFF,0x55,0x55,0xFF,0xFF,0xDD,0xDD,0xFF,0xFF,},
    /* 499 */ {0xA9,0xAA,0x22,0x22,0xA2,0x22,0x8A,0xAA,0xAA,0xAA,0x22,0x22,0x22,0x22,0xAA,0xAA,
                 0xAA,0xAA,0x22,0x22,0x22,0xA2,0xAA,0x8A,0xAA,0xAA,0x22,0x22,0x22,0x22,0xAA,0xAA,
                 0xA8,0xAA,0x00,0x00,0xA2,0x22,0x00,0x00,0xAA,0xAA,0x00,0x00,0x22,0x22,0x00,0x00,
                 0xAA,0xAA,0x00,0x00,0x22,0xA2,0x00,0x00,0xAA,0xAA,0x00,0x00,0x22,0x22,0x00,0x00,
                 0x57,0x55,0xFF,0xFF,0x5D,0xDD,0xFF,0xFF,0x55,0x55,0xFF,0xFF,0xDD,0xDD,0xFF,0xFF,
                 0x55,0x55,0xFF,0xFF,0xDD,0x5D,0xFF,0xFF,0x55,0x55,0xFF,0xFF,0xDD,0xDD,0xFF,0xFF,},
    /* 500 */ {0xAA,0xAA,0x22,0x22,0xA2,0x11,0x8A,0x95,0xD5,0x55,0x5D,0xDD,0x22,0x25,0xAA,0xA9,
                 0xAA,0xAB,0x22,0x22,0x22,0xA2,0xAA,0x8A,0xAD,0x55,0x25,0xDD,0x22,0x22,0xAA,0xAA,
                 0xAA,0xAA,0x00,0x00,0xA2,0x3B,0x00,0x15,0xFF,0xFF,0x5D,0xDD,0x22,0x27,0x00,0x01,
                 0xAA,0xAB,0x00,0x00,0x22,0xA2,0x00,0x00,0xAF,0xFF,0x05,0xDD,0x22,0x22,0x00,0x00,
                 0x55,0x55,0xFF,0xFF,0x5D,0xC4,0xFF,0xEA,0x00,0x00,0xA2,0x22,0xDD,0xD8,0xFF,0xFE,
                 0x55,0x54,0xFF,0xFF,0xDD,0x5D,0xFF,0xFF,0x50,0x00,0xFA,0x22,0xDD,0xDD,0xFF,0xFF,},
    /* 501 */ {0xAE,0xE4,0x2C,0x8C,0x15,0x55,0x55,0x55,0x55,0x55,0xDD,0xDD,0x55,0x55,0x11,0x55,
                 0xBB,0x55,0x23,0x9D,0x11,0x55,0x95,0x55,0x55,0x55,0x5D,0xDD,0x22,0x44,0xAA,0x44,
                 0xAE,0xEE,0x0C,0xCC,0xBF,0xFF,0x55,0x55,0xFF,0xFF,0xDD,0xDD,0xFF,0xFF,0x11,0x55,
                 0xBB,0xFF,0x01,0xDD,0x3B,0xFF,0x15,0x55,0xFF,0xFF,0x5D,0xDD,0x22,0xEE,0x00,0x44,
                 0x51,0x11,0xF3,0x33,0x40,0x00,0xAA,0xAA,0x00,0x00,0x22,0x22,0x00,0x00,0xEE,0xAA,
                 0x44,0x00,0xFE,0x22,0xC4,0x00,0xEA,0xAA,0x00,0x00,0xA2,0x22,0xDD,0x11,0xFF,0xBB,},
    /* 502 */ {0x44,0x4A,0x8C,0x82,0x55,0x52,0x55,0x52,0x55,0x55,0xDD,0xDD,0x55,0x56,0x55,0x52,
                 0x55,0xBA,0xDD,0x22,0x55,0x22,0x55,0x0A,0x55,0x55,0x5D,0xDD,0x42,0x22,0x4A,0xAA,
                 0xEE,0xEA,0xCC,0xC0,0xFF,0xFA,0x55,0x50,0xFF,0xFF,0xDD,0xDD,0xFF,0xFE,0x55,0x50,
                 0xFF,0xBA,0xDD,0x00,0xFF,0xA2,0x55,0x00,0xFF,0xFF,0x5D,0xDD,0xE2,0x22,0x40,0x00,
                 0x11,0x15,0x33,0x3F,0x00,0x05,0xAA,0xAF,0x00,0x00,0x22,0x22,0x00,0x01,0xAA,0xAF,
                 0x00,0x45,0x22,0xFF,0x00,0x5D,0xAA,0xFF,0x00,0x00,0xA2,0x22,0x1D,0xDD,0xBF,0xFF,},
    /* 503 */ {0xAA,0xAA,0x22,0x22,0xA2,0x22,0x8A,0xAA,0x5A,0xAA,0xD2,0x22,0x22,0x22,0xAA,0xAA,
                 0xAA,0xAA,0x22,0x22,0x22,0xA2,0xAA,0x8A,0xAA,0xAA,0x22,0x22,0x22,0x22,0xAA,0xAA,
                 0xAA,0xAA,0x00,0x00,0xA2,0x22,0x00,0x00,0xFA,0xAA,0xD0,0x00,0x22,0x22,0x00,0x00,
                 0xAA,0xAA,0x00,0x00,0x22,0xA2,0x00,0x00,0xAA,0xAA,0x00,0x00,0x22,0x22,0x00,0x00,
                 0x55,0x55,0xFF,0xFF,0x5D,0xDD,0xFF,0xFF,0x05,0x55,0x2F,0xFF,0xDD,0xDD,0xFF,0xFF,
                 0x55,0x55,0xFF,0xFF,0xDD,0x5D,0xFF,0xFF,0x55,0x55,0xFF,0xFF,0xDD,0xDD,0xFF,0xFF,},
    /* 504 */ {0xAA,0xAD,0x22,0x25,0xA2,0x22,0x8A,0xAA,0xAA,0xAA,0x22,0x22,0x22,0x22,0xAA,0xAA,
                 0xAA,0x95,0x20,0x15,0x22,0x9D,0xAA,0xD5,0xAA,0xC4,0x22,0x44,0x5D,0xDD,0xD5,0x55,
                 0xAA,0xA8,0x00,0x02,0xA2,0x22,0x00,0x00,0xAA,0xAA,0x00,0x00,0x22,0x22,0x00,0x00,
                 0xAA,0x80,0x02,0x2A,0x22,0x80,0x00,0x2A,0xAA,0x80,0x00,0xAA,0x00,0x00,0x2A,0xAA,
                 0x55,0x57,0xFF,0xFF,0x5D,0xDD,0xFF,0xFF,0x55,0x55,0xFF,0xFF,0xDD,0xDD,0xFF,0xFF,
                 0x55,0x7F,0xFF,0xFF,0xDD,0x7F,0xFF,0xFF,0x55,0x7F,0xFF,0xFF,0xFF,0xFF,0xFF,0xFF,},
    /* 505 */ {0x55,0x5A,0xD5,0xD0,0xA2,0x21,0x8A,0xA9,0xAA,0xA9,0x22,0x21,0x32,0x21,0x92,0xA9,
                 0x55,0x51,0xD5,0xD1,0xDD,0xD9,0x55,0x51,0x64,0x49,0x44,0x41,0xDD,0xDD,0x55,0x55,
                 0x00,0x08,0x2A,0x20,0xA2,0x22,0x00,0x00,0xAA,0xAA,0x00,0x00,0x22,0x22,0x28,0x00,
                 0x00,0x02,0x2A,0x28,0x00,0x02,0xAA,0xA8,0x00,0x0A,0xAA,0xA8,0x00,0x02,0xAA,0xA8,
                 0xFF,0xF4,0xFF,0xFE,0x5D,0xDC,0xFF,0xFE,0x55,0x54,0xFF,0xFE,0xDD,0xDC,0xFF,0xFE,
                 0xFF,0xFC,0xFF,0xFE,0xFF,0xFC,0xFF,0xFE,0xFF,0xF4,0xFF,0xFE,0xFF,0xFC,0xFF,0xFE,},
    /* 506 */ {0x55,0x55,0x15,0xD5,0x5D,0xDD,0x55,0x55,0x55,0x55,0x5D,0x55,0x9D,0xDD,0x55,0x55,
                 0x55,0x55,0x55,0xD5,0x9D,0xDD,0x15,0x55,0x35,0x55,0x15,0x55,0x9D,0xDD,0x15,0x55,
                 0x40,0x00,0xEA,0x2A,0x40,0x00,0xEA,0xAA,0x40,0x00,0xE2,0xAA,0x00,0x00,0xEA,0xAA,
                 0x40,0x00,0xEA,0x2A,0x00,0x00,0xAA,0xAA,0x00,0x00,0xAA,0xAA,0x00,0x00,0xAA,0xAA,
                 0x3F,0xFF,0x3F,0xFF,0x3F,0xFF,0x3F,0xFF,0x3F,0xFF,0x3F,0xFF,0x7F,0xFF,0x3F,0xFF,
                 0x3F,0xFF,0x3F,0xFF,0x7F,0xFF,0x7F,0xFF,0x7F,0xFF,0x7F,0xFF,0x7F,0xFF,0x7F,0xFF,},
    /* 507 */ {0x55,0x55,0xD5,0xD5,0xDD,0xDD,0x55,0x55,0x55,0x55,0x5D,0x55,0xDD,0xDD,0x55,0x55,
                 0x55,0x55,0xD5,0xD5,0xDD,0xDD,0x55,0x55,0x75,0x52,0x55,0x54,0xDD,0xDD,0x55,0x54,
                 0x00,0x00,0x2A,0x2A,0x00,0x00,0xAA,0xAA,0x00,0x00,0xA2,0xAA,0x00,0x00,0xAA,0xAA,
                 0x00,0x00,0x2A,0x2A,0x00,0x00,0xAA,0xAA,0x00,0x05,0xAA,0xAB,0x00,0x00,0xAA,0xAB,
                 0xFF,0xFF,0xFF,0xFF,0xFF,0xFF,0xFF,0xFF,0xFF,0xFF,0xFF,0xFF,0xFF,0xFF,0xFF,0xFF,
                 0xFF,0xFF,0xFF,0xFF,0xFF,0xFF,0xFF,0xFF,0xFF,0xFF,0xFF,0xFF,0xFF,0xFF,0xFF,0xFF,},
    /* 508 */ {0x55,0x55,0xD5,0xD5,0xDD,0xDD,0x55,0x55,0x55,0x55,0x5D,0x55,0xDD,0xDD,0x55,0x55,
                 0x55,0x55,0xD5,0xD5,0xDD,0xDC,0x55,0x54,0xAA,0xAA,0x00,0x00,0x5D,0x5C,0x00,0x00,
                 0x00,0x00,0x2A,0x2A,0x00,0x00,0xAA,0xAA,0x00,0x00,0xA2,0xAA,0x00,0x00,0xAA,0xAA,
                 0x00,0x00,0x2A,0x2A,0x00,0x01,0xAA,0xAB,0x55,0x55,0xFF,0xFF,0x80,0x81,0xFF,0xFF,
                 0xFF,0xFF,0xFF,0xFF,0xFF,0xFF,0xFF,0xFF,0xFF,0xFF,0xFF,0xFF,0xFF,0xFF,0xFF,0xFF,
                 0xFF,0xFF,0xFF,0xFF,0xFF,0xFF,0xFF,0xFF,0xFF,0xFF,0xFF,0xFF,0xFF,0xFF,0xFF,0xFF,},
    /* 509 */ {0x55,0x55,0xD5,0xD5,0xDA,0xAA,0x55,0x55,0x55,0xFD,0x5D,0x55,0xDD,0x7D,0x55,0x55,
                 0xFF,0xFF,0x55,0x55,0xAA,0xAA,0x00,0x00,0xAA,0xAA,0x00,0x00,0x2A,0x2A,0x00,0x00,
                 0x00,0x00,0x2A,0x2A,0x05,0x55,0xAA,0xAA,0x00,0x00,0xA2,0xAA,0x00,0x80,0xAA,0xAA,
                 0x00,0x00,0xAA,0xAA,0x55,0x55,0xFF,0xFF,0x55,0x55,0xFF,0xFF,0xD5,0xD5,0xFF,0xFF,
                 0xFF,0xFF,0xFF,0xFF,0xFF,0xFF,0xFF,0xFF,0xFF,0xFF,0xFF,0xFF,0xFF,0xFF,0xFF,0xFF,
                 0xFF,0xFF,0xFF,0xFF,0xFF,0xFF,0xFF,0xFF,0xFF,0xFF,0xFF,0xFF,0xFF,0xFF,0xFF,0xFF,},
    /* 510 */ {0x55,0x55,0xD5,0xD5,0xDD,0xDD,0x55,0x55,0x55,0x55,0x5D,0x55,0xDD,0xDD,0x55,0x55,
                 0xFD,0x55,0x55,0xD5,0xBD,0xDD,0x15,0x55,0xAA,0xA2,0x00,0x15,0x1D,0x5D,0x01,0x55,
                 0x00,0x00,0x2A,0x2A,0x00,0x00,0xAA,0xAA,0x00,0x00,0xA2,0xAA,0x00,0x00,0xAA,0xAA,
                 0x00,0x00,0xAA,0x2A,0x40,0x00,0xEA,0xAA,0x55,0x55,0xFF,0xEA,0xC0,0x80,0xFE,0xAA,
                 0xFF,0xFF,0xFF,0xFF,0xFF,0xFF,0xFF,0xFF,0xFF,0xFF,0xFF,0xFF,0xFF,0xFF,0xFF,0xFF,
                 0xFF,0xFF,0xFF,0xFF,0xFF,0xFF,0xFF,0xFF,0xFF,0xFF,0xFF,0xFF,0xFF,0xFF,0xFF,0xFF,},
    /* 511 */ {0x55,0x55,0xD5,0xD5,0xDD,0xDD,0x55,0x55,0x55,0x55,0x5D,0x55,0xDD,0xDD,0x55,0x55,
                 0x55,0x55,0xD5,0xD5,0xDD,0xDD,0x55,0x55,0x75,0x55,0x55,0x55,0xDD,0xDA,0x55,0x57,
                 0x00,0x00,0x2A,0x2A,0x00,0x00,0xAA,0xAA,0x00,0x00,0xA2,0xAA,0x00,0x00,0xAA,0xAA,
                 0x00,0x00,0x2A,0x2A,0x00,0x00,0xAA,0xAA,0x00,0x00,0xAA,0xAA,0x00,0x02,0xAA,0xA8,
                 0xFF,0xFF,0xFF,0xFF,0xFF,0xFF,0xFF,0xFF,0xFF,0xFF,0xFF,0xFF,0xFF,0xFF,0xFF,0xFF,
                 0xFF,0xFF,0xFF,0xFF,0xFF,0xFF,0xFF,0xFF,0xFF,0xFF,0xFF,0xFF,0xFF,0xFD,0xFF,0xFF,},
    /* 512 */ {0x55,0x4A,0xD5,0xD3,0xDD,0xD3,0x57,0x6A,0x57,0x6A,0x5A,0x22,0xDF,0xE2,0x77,0x6A,
                 0x77,0x6A,0xA2,0x22,0xFE,0xA2,0x76,0x8A,0x75,0x4A,0x55,0x42,0xA2,0x22,0x6A,0xAA,
                 0x00,0x0A,0x2A,0x20,0x00,0x02,0xA8,0x80,0x02,0x2A,0xA0,0x80,0x02,0x22,0x88,0x80,
                 0x22,0x2A,0x08,0x00,0x22,0xA2,0x88,0x00,0x00,0x0A,0xAA,0xA0,0x22,0x22,0x80,0x00,
                 0xFF,0xF5,0xFF,0xFF,0xFF,0xFD,0xFF,0xFF,0xFD,0xD5,0xFF,0xFF,0xFD,0xDD,0xFF,0xFF,
                 0xDD,0xD5,0xFF,0xFF,0xDD,0x5D,0xFF,0xFF,0xFF,0xF5,0xFF,0xFF,0xDD,0xDD,0xFF,0xFF,},
    /* 513 */ {0xAA,0xAB,0x22,0x23,0xA2,0x22,0x8A,0xAA,0xAA,0xAA,0x22,0x22,0x22,0x22,0xAA,0xAA,
                 0xAA,0xAA,0x22,0x22,0x22,0xA2,0xAA,0x8A,0xAA,0xAA,0x22,0x22,0x22,0x22,0xAA,0xAA,
                 0xAA,0xAB,0x00,0x01,0xA2,0x22,0x00,0x00,0xAA,0xAA,0x00,0x00,0x22,0x22,0x00,0x00,
                 0xAA,0xAA,0x00,0x00,0x22,0xA2,0x00,0x00,0xAA,0xAA,0x00,0x00,0x22,0x22,0x00,0x00,
                 0x55,0x54,0xFF,0xFE,0x5D,0xDD,0xFF,0xFF,0x55,0x55,0xFF,0xFF,0xDD,0xDD,0xFF,0xFF,
                 0x55,0x55,0xFF,0xFF,0xDD,0x5D,0xFF,0xFF,0x55,0x55,0xFF,0xFF,0xDD,0xDD,0xFF,0xFF,},
    /* 514 */ {0xBB,0x55,0x33,0x33,0xA2,0x22,0x91,0x12,0x91,0x12,0x1D,0xDA,0x22,0x22,0xAA,0xAA,
                 0xAA,0xAA,0x22,0x22,0x22,0xA2,0xAA,0x8A,0xAA,0xAA,0x22,0x22,0x22,0x22,0xAA,0xAA,
                 0xBB,0xFF,0x11,0x11,0xA2,0x22,0x11,0x10,0xBB,0xBA,0x1D,0xD8,0x22,0x22,0x00,0x00,
                 0xAA,0xAA,0x00,0x00,0x22,0xA2,0x00,0x00,0xAA,0xAA,0x00,0x00,0x22,0x22,0x00,0x00,
                 0x44,0x00,0xEE,0xEE,0x5D,0xDD,0xEE,0xEF,0x44,0x45,0xE2,0x27,0xDD,0xDD,0xFF,0xFF,
                 0x55,0x55,0xFF,0xFF,0xDD,0x5D,0xFF,0xFF,0x55,0x55,0xFF,0xFF,0xDD,0xDD,0xFF,0xFF,},
    /* 515 */ {0x5A,0xAA,0x32,0x22,0xA2,0x22,0x8A,0xAA,0xAA,0xAA,0x22,0x22,0x22,0x22,0xAA,0xAA,
                 0xAA,0xAA,0x22,0x22,0x22,0xA2,0xAA,0x8A,0xAA,0xAA,0x22,0x22,0x22,0x22,0xAA,0xAA,
                 0xFA,0xAA,0x10,0x00,0xA2,0x22,0x00,0x00,0xAA,0xAA,0x00,0x00,0x22,0x22,0x00,0x00,
                 0xAA,0xAA,0x00,0x00,0x22,0xA2,0x00,0x00,0xAA,0xAA,0x00,0x00,0x22,0x22,0x00,0x00,
                 0x05,0x55,0xEF,0xFF,0x5D,0xDD,0xFF,0xFF,0x55,0x55,0xFF,0xFF,0xDD,0xDD,0xFF,0xFF,
                 0x55,0x55,0xFF,0xFF,0xDD,0x5D,0xFF,0xFF,0x55,0x55,0xFF,0xFF,0xDD,0xDD,0xFF,0xFF,},
    /* 516 */ {0xAA,0xAA,0x22,0x22,0xA2,0x20,0x8A,0xAA,0xAA,0xAA,0x22,0x22,0x22,0x23,0xAA,0xA9,
                 0xAA,0xA5,0x22,0x25,0x21,0x9D,0xA9,0x55,0xB5,0x55,0x35,0x55,0x33,0xDD,0xB1,0x55,
                 0xAA,0xAA,0x00,0x00,0xA2,0x20,0x00,0x00,0xAA,0xAA,0x00,0x00,0x22,0x22,0x00,0x02,
                 0xAA,0xA0,0x00,0x0A,0x20,0x00,0x02,0xAA,0xA0,0x00,0x0A,0xAA,0x22,0x00,0x0A,0xAA,
                 0x55,0x55,0xFF,0xFF,0x5D,0xDF,0xFF,0xFF,0x55,0x55,0xFF,0xFF,0xDD,0xDD,0xFF,0xFF,
                 0x55,0x5F,0xFF,0xFF,0xDF,0xFF,0xFF,0xFF,0x5F,0xFF,0xFF,0xFF,0xDD,0xFF,0xFF,0xFF,},
    /* 517 */ {0xB5,0x55,0x15,0xD5,0x9D,0xDD,0x95,0x55,0x95,0x55,0x3D,0x55,0x9D,0xDD,0x15,0x55,
                 0x55,0x55,0xD5,0xD5,0xDD,0xDD,0x55,0x55,0x75,0x54,0x55,0x55,0xDD,0xDD,0x55,0x55,
                 0xA0,0x00,0x2A,0x2A,0x80,0x00,0x2A,0xAA,0x80,0x00,0x02,0xAA,0x00,0x00,0xAA,0xAA,
                 0x00,0x00,0x2A,0x2A,0x00,0x00,0xAA,0xAA,0x00,0x01,0xAA,0xAA,0x00,0x00,0xAA,0xAA,
                 0x5F,0xFF,0xFF,0xFF,0x7F,0xFF,0xFF,0xFF,0x7F,0xFF,0xFF,0xFF,0xFF,0xFF,0xFF,0xFF,
                 0xFF,0xFF,0xFF,0xFF,0xFF,0xFF,0xFF,0xFF,0xFF,0xFF,0xFF,0xFF,0xFF,0xFF,0xFF,0xFF,},
    /* 518 */ {0x55,0x55,0xD5,0xD5,0xDD,0xDD,0x55,0x55,0x55,0x55,0x5D,0x55,0xDD,0xDD,0x55,0x55,
                 0x55,0x55,0xD5,0xD5,0xDD,0xDD,0x55,0x55,0xAA,0x97,0x00,0x57,0xFF,0xDD,0x55,0x55,
                 0x00,0x02,0x2A,0x28,0x00,0x02,0xAA,0xA8,0x00,0x02,0xA2,0xA8,0x00,0x02,0xAA,0xA8,
                 0x00,0x02,0x2A,0x28,0x00,0x02,0xAA,0xA8,0x55,0x42,0xFF,0xA8,0x00,0x02,0xAA,0xA8,
                 0xFF,0xFC,0xFF,0xFE,0xFF,0xFC,0xFF,0xFE,0xFF,0xFC,0xFF,0xFE,0xFF,0xFC,0xFF,0xFE,
                 0xFF,0xFC,0xFF,0xFE,0xFF,0xFC,0xFF,0xFE,0xFF,0xFC,0xFF,0xFE,0xFF,0xFC,0xFF,0xFE,},
    /* 519 */ {0x15,0x55,0x15,0xD5,0x1D,0xDD,0x15,0x55,0x15,0x55,0x1D,0x55,0x9D,0xDD,0x15,0x55,
                 0x17,0x55,0x15,0xD5,0xDD,0xDD,0x55,0x55,0x35,0x55,0x15,0x55,0x9D,0xDD,0x15,0x55,
                 0x00,0x00,0xAA,0x2A,0x00,0x00,0xAA,0xAA,0x00,0x00,0xA2,0xAA,0x00,0x00,0xAA,0xAA,
                 0x00,0x00,0xAA,0x2A,0x40,0x00,0xEA,0xAA,0x00,0x00,0xAA,0xAA,0x00,0x00,0xAA,0xAA,
                 0x7F,0xFF,0x7F,0xFF,0x7F,0xFF,0x7F,0xFF,0x7F,0xFF,0x7F,0xFF,0x7F,0xFF,0x7F,0xFF,
                 0x7F,0xFF,0x7F,0xFF,0x3F,0xFF,0x3F,0xFF,0x7F,0xFF,0x7F,0xFF,0x7F,0xFF,0x7F,0xFF,},
    /* 520 */ {0x57,0x77,0xD5,0xD5,0xDD,0xDD,0x55,0x55,0x57,0x77,0x5D,0x55,0xDD,0xDD,0x55,0x55,
                 0x57,0x77,0xD5,0xD5,0xDD,0xDD,0x55,0x55,0x75,0x55,0x55,0x55,0xDD,0x7F,0x55,0x55,
                 0x00,0x00,0x2A,0x2A,0x00,0x00,0xAA,0xAA,0x00,0x00,0xA2,0xAA,0x00,0x00,0xAA,0xAA,
                 0x00,0x00,0x2A,0x2A,0x00,0x00,0xAA,0xAA,0x00,0x00,0xAA,0xAA,0x00,0x80,0xAA,0xAA,
                 0xFF,0xFF,0xFF,0xFF,0xFF,0xFF,0xFF,0xFF,0xFF,0xFF,0xFF,0xFF,0xFF,0xFF,0xFF,0xFF,
                 0xFF,0xFF,0xFF,0xFF,0xFF,0xFF,0xFF,0xFF,0xFF,0xFF,0xFF,0xFF,0xFF,0xFF,0xFF,0xFF,},
    /* 521 */ {0x77,0x76,0x55,0x54,0xDD,0xDD,0x55,0x40,0x77,0x6A,0x55,0x40,0x5D,0x58,0x54,0x00,
                 0x76,0xAA,0xD4,0x00,0xDD,0xDA,0x55,0x50,0x6A,0xAA,0x40,0x00,0x6A,0x2A,0x50,0x00,
                 0x00,0x01,0xAA,0xAB,0x00,0x00,0xAA,0xBF,0x00,0x15,0xAA,0xBF,0x80,0x85,0xAB,0xFF,
                 0x01,0x55,0x2B,0xFF,0x00,0x05,0xAA,0xAF,0x15,0x55,0xBF,0xFF,0x95,0xD5,0xAF,0xFF,
                 0xFF,0xFF,0xFF,0xFF,0xFF,0xFF,0xFF,0xFF,0xFF,0xFF,0xFF,0xFF,0xFF,0xFF,0xFF,0xFF,
                 0xFF,0xFF,0xFF,0xFF,0xFF,0xFF,0xFF,0xFF,0xFF,0xFF,0xFF,0xFF,0xFF,0xFF,0xFF,0xFF,},
    /* 522 */ {0xAA,0xAA,0x00,0x00,0x8A,0xAA,0x00,0x00,0xAA,0xAA,0x00,0x00,0x2A,0x2A,0x00,0x00,
                 0xAA,0xAA,0x00,0x00,0xAA,0xAA,0x00,0x00,0xAA,0xAA,0x00,0x00,0x2A,0x2A,0x00,0x00,
                 0x55,0x55,0xFF,0xFF,0x55,0x55,0xFF,0xFF,0x55,0x55,0xFF,0xFF,0xD5,0xD5,0xFF,0xFF,
                 0x55,0x55,0xFF,0xFF,0x55,0x55,0xFF,0xFF,0x55,0x55,0xFF,0xFF,0xD5,0xD5,0xFF,0xFF,
                 0xFF,0xFF,0xFF,0xFF,0xFF,0xFF,0xFF,0xFF,0xFF,0xFF,0xFF,0xFF,0xFF,0xFF,0xFF,0xFF,
                 0xFF,0xFF,0xFF,0xFF,0xFF,0xFF,0xFF,0xFF,0xFF,0xFF,0xFF,0xFF,0xFF,0xFF,0xFF,0xFF,},
    /* 523 */ {0xAB,0x77,0x01,0x55,0xAD,0xDD,0x00,0x15,0xAA,0xB7,0x00,0x15,0x2A,0x5D,0x00,0x15,
                 0xAA,0xB7,0x00,0x15,0xAA,0xDD,0x00,0x55,0xAA,0x95,0x00,0x15,0x2A,0x3D,0x00,0x55,
                 0x54,0x00,0xFE,0xAA,0x50,0x00,0xFF,0xEA,0x55,0x40,0xFF,0xEA,0xD5,0x80,0xFF,0xEA,
                 0x55,0x40,0xFF,0xEA,0x55,0x00,0xFF,0xAA,0x55,0x40,0xFF,0xEA,0xD5,0xC0,0xFF,0xAA,
                 0xFF,0xFF,0xFF,0xFF,0xFF,0xFF,0xFF,0xFF,0xFF,0xFF,0xFF,0xFF,0xFF,0xFF,0xFF,0xFF,
                 0xFF,0xFF,0xFF,0xFF,0xFF,0xFF,0xFF,0xFF,0xFF,0xFF,0xFF,0xFF,0xFF,0xFF,0xFF,0xFF,},
    /* 524 */ {0x54,0x77,0xD5,0xF7,0xDD,0x2A,0x55,0x76,0x54,0x76,0x5D,0x76,0xDD,0x22,0x55,0xEA,
                 0x54,0xEA,0xD6,0x22,0x92,0xA2,0x1A,0x8A,0x76,0xAA,0x54,0x22,0xDC,0x22,0x52,0xAA,
                 0x00,0x22,0x2A,0x08,0x00,0x22,0xAA,0x88,0x00,0x22,0xA2,0x88,0x00,0x22,0xAA,0x00,
                 0x00,0xAA,0x28,0x00,0x02,0xA2,0xA0,0x00,0x02,0xAA,0xAA,0x00,0x00,0x22,0xA8,0x00,
                 0xFF,0xDD,0xFF,0xFF,0xFF,0xDD,0xFF,0xFF,0xFF,0xDD,0xFF,0xFF,0xFF,0xDD,0xFF,0xFF,
                 0xFF,0x55,0xFF,0xFF,0xFD,0x5D,0xFF,0xFF,0xFD,0x55,0xFF,0xFF,0xFF,0xDD,0xFF,0xFF,},
    /* 525 */ {0x6A,0xAA,0xE2,0x22,0xA2,0x22,0x8A,0xAA,0xAA,0xAA,0x22,0x22,0x22,0x22,0xAA,0xAA,
                 0xAA,0xAA,0x22,0x22,0x22,0xA2,0xAA,0x8A,0xAA,0xAA,0x22,0x22,0x22,0x22,0xAA,0xAA,
                 0x2A,0xAA,0x00,0x00,0xA2,0x22,0x00,0x00,0xAA,0xAA,0x00,0x00,0x22,0x22,0x00,0x00,
                 0xAA,0xAA,0x00,0x00,0x22,0xA2,0x00,0x00,0xAA,0xAA,0x00,0x00,0x22,0x22,0x00,0x00,
                 0xD5,0x55,0xFF,0xFF,0x5D,0xDD,0xFF,0xFF,0x55,0x55,0xFF,0xFF,0xDD,0xDD,0xFF,0xFF,
                 0x55,0x55,0xFF,0xFF,0xDD,0x5D,0xFF,0xFF,0x55,0x55,0xFF,0xFF,0xDD,0xDD,0xFF,0xFF,},
    /* 526 */ {0xAA,0xAA,0x22,0x22,0xA2,0x22,0x8A,0xAA,0xAA,0xAA,0x22,0x22,0x22,0x22,0xAA,0xAA,
                 0xAA,0xAA,0x22,0x22,0x22,0x95,0xAA,0x95,0xAA,0xAA,0x22,0x22,0x22,0x22,0xAA,0xAA,
                 0xAA,0xAA,0x00,0x00,0xA2,0x22,0x00,0x00,0xAA,0xAA,0x00,0x00,0x22,0x22,0x00,0x00,
                 0xAA,0xAA,0x00,0x00,0x22,0xBF,0x00,0x15,0xAA,0xAA,0x00,0x00,0x22,0x22,0x00,0x00,
                 0x55,0x55,0xFF,0xFF,0x5D,0xDD,0xFF,0xFF,0x55,0x55,0xFF,0xFF,0xDD,0xDD,0xFF,0xFF,
                 0x55,0x55,0xFF,0xFF,0xDD,0x40,0xFF,0xEA,0x55,0x55,0xFF,0xFF,0xDD,0xDD,0xFF,0xFF,},
    /* 527 */ {0xAA,0xAA,0x22,0x22,0xA2,0x22,0x8A,0xAA,0xAA,0xAA,0x22,0x22,0x22,0x22,0xAA,0xAA,
                 0xAA,0xAA,0x22,0x22,0x55,0x55,0x55,0x55,0xAA,0xAA,0x22,0x22,0x22,0x22,0xAA,0xAA,
                 0xAA,0xAA,0x00,0x00,0xA2,0x22,0x00,0x00,0xAA,0xAA,0x00,0x00,0x22,0x22,0x00,0x00,
                 0xAA,0xAA,0x00,0x00,0xFF,0xFF,0x55,0x55,0xAA,0xAA,0x00,0x00,0x22,0x22,0x00,0x00,
                 0x55,0x55,0xFF,0xFF,0x5D,0xDD,0xFF,0xFF,0x55,0x55,0xFF,0xFF,0xDD,0xDD,0xFF,0xFF,
                 0x55,0x55,0xFF,0xFF,0x00,0x00,0xAA,0xAA,0x55,0x55,0xFF,0xFF,0xDD,0xDD,0xFF,0xFF,},
    /* 528 */ {0xAA,0xAA,0x22,0x22,0xA2,0x22,0x8A,0xAA,0xAA,0xAA,0x22,0x22,0x22,0x22,0xAA,0xAA,
                 0xAA,0xAA,0x22,0x22,0x52,0xA2,0x5A,0x8A,0xAA,0xAA,0x22,0x22,0x22,0x22,0xAA,0xAA,
                 0xAA,0xAA,0x00,0x00,0xA2,0x22,0x00,0x00,0xAA,0xAA,0x00,0x00,0x22,0x22,0x00,0x00,
                 0xAA,0xAA,0x00,0x00,0xF2,0xA2,0x50,0x00,0xAA,0xAA,0x00,0x00,0x22,0x22,0x00,0x00,
                 0x55,0x55,0xFF,0xFF,0x5D,0xDD,0xFF,0xFF,0x55,0x55,0xFF,0xFF,0xDD,0xDD,0xFF,0xFF,
                 0x55,0x55,0xFF,0xFF,0x0D,0x5D,0xAF,0xFF,0x55,0x55,0xFF,0xFF,0xDD,0xDD,0xFF,0xFF,},
    /* 529 */ {0xAA,0xAA,0x22,0x22,0xA2,0x22,0x8A,0xAB,0xAA,0xA9,0x22,0x21,0x22,0x23,0xAA,0xB1,
                 0xAA,0x91,0x22,0x35,0x22,0xA5,0xAA,0x85,0xAB,0xB5,0x21,0x15,0x2D,0xDD,0xA5,0x55,
                 0xAA,0xAA,0x00,0x00,0xA2,0x22,0x00,0x00,0xAA,0xA8,0x00,0x02,0x22,0x22,0x00,0x0A,
                 0xAA,0x80,0x00,0x0A,0x22,0xA0,0x00,0x0A,0xAA,0xA0,0x02,0xAA,0x20,0x00,0x0A,0xAA,
                 0x55,0x55,0xFF,0xFF,0x5D,0xDD,0xFF,0xFF,0x55,0x57,0xFF,0xFF,0xDD,0xDD,0xFF,0xFF,
                 0x55,0x7F,0xFF,0xFF,0xDD,0x5F,0xFF,0xFF,0x55,0x5F,0xFF,0xFF,0xDF,0xFF,0xFF,0xFF,},
    /* 530 */ {0x91,0x55,0x15,0xD5,0xBD,0xDD,0x15,0x55,0x15,0x55,0x5D,0x55,0xDD,0xDD,0x55,0x55,
                 0x55,0x55,0xD5,0xD5,0xDD,0xDD,0x55,0x55,0x75,0x55,0x55,0x55,0xDD,0xDF,0x55,0x55,
                 0x80,0x00,0x2A,0x2A,0xA0,0x00,0xAA,0xAA,0x00,0x00,0xA2,0xAA,0x00,0x00,0xAA,0xAA,
                 0x00,0x00,0x2A,0x2A,0x00,0x00,0xAA,0xAA,0x00,0x00,0xAA,0xAA,0x00,0x00,0xAA,0xAA,
                 0x7F,0xFF,0xFF,0xFF,0x5F,0xFF,0xFF,0xFF,0xFF,0xFF,0xFF,0xFF,0xFF,0xFF,0xFF,0xFF,
                 0xFF,0xFF,0xFF,0xFF,0xFF,0xFF,0xFF,0xFF,0xFF,0xFF,0xFF,0xFF,0xFF,0xFF,0xFF,0xFF,},
    /* 531 */ {0x55,0x5D,0xD5,0xD5,0xDD,0xFF,0x55,0x50,0x5D,0xDA,0x5D,0x50,0xDF,0xFE,0x50,0x00,
                 0xDA,0xAA,0xD0,0x00,0xFF,0xFF,0x55,0x55,0x72,0xAA,0x50,0x00,0x7A,0x2A,0x55,0x55,
                 0x00,0x00,0x2A,0x2A,0x00,0x00,0xAA,0xAF,0x00,0x05,0xA2,0xAF,0x00,0x01,0xAF,0xFF,
                 0x05,0x55,0x2F,0xFF,0x00,0x00,0xAA,0xAA,0x05,0x55,0xAF,0xFF,0x85,0xD5,0xAA,0xAA,
                 0xFF,0xFF,0xFF,0xFF,0xFF,0xFF,0xFF,0xFF,0xFF,0xFF,0xFF,0xFF,0xFF,0xFF,0xFF,0xFF,
                 0xFF,0xFF,0xFF,0xFF,0xFF,0xFF,0xFF,0xFF,0xFF,0xFF,0xFF,0xFF,0xFF,0xFF,0xFF,0xFF,},
    /* 532 */ {0xDD,0xD5,0x55,0x55,0xFF,0xFD,0x00,0x55,0xAA,0xD5,0x00,0x57,0xAB,0xFF,0x00,0x57,
                 0xAA,0xDF,0x00,0xD7,0xFF,0xFF,0x55,0x57,0xA5,0x57,0x05,0x55,0x2F,0x7D,0x55,0x55,
                 0x00,0x02,0xAA,0xA8,0x00,0x02,0xFF,0xA8,0x55,0x02,0xFF,0xA8,0x54,0x02,0xFF,0xA8,
                 0x55,0x02,0xFF,0x28,0x00,0x02,0xAA,0xA8,0x50,0x02,0xFA,0xA8,0xD0,0x82,0xAA,0xA8,
                 0xFF,0xFC,0xFF,0xFE,0xFF,0xFC,0xFF,0xFE,0xFF,0xFC,0xFF,0xFE,0xFF,0xFC,0xFF,0xFE,
                 0xFF,0xFC,0xFF,0xFE,0xFF,0xFC,0xFF,0xFE,0xFF,0xFC,0xFF,0xFE,0xFF,0xFC,0xFF,0xFE,},
    /* 533 */ {0x15,0x55,0x15,0xD5,0x1D,0xDD,0x15,0x55,0x15,0x55,0x1D,0x55,0x9D,0xDD,0x15,0x55,
                 0x15,0x55,0x15,0xD0,0x9D,0xDF,0x15,0x55,0x35,0x55,0x15,0x55,0x9D,0xDD,0x15,0x55,
                 0x00,0x00,0xAA,0x2A,0x00,0x00,0xAA,0xAA,0x00,0x00,0xA2,0xAA,0x00,0x00,0xAA,0xAA,
                 0x00,0x00,0xAA,0x2F,0x00,0x00,0xAA,0xAA,0x00,0x00,0xAA,0xAA,0x00,0x00,0xAA,0xAA,
                 0x7F,0xFF,0x7F,0xFF,0x7F,0xFF,0x7F,0xFF,0x7F,0xFF,0x7F,0xFF,0x7F,0xFF,0x7F,0xFF,
                 0x7F,0xFF,0x7F,0xFF,0x7F,0xFF,0x7F,0xFF,0x7F,0xFF,0x7F,0xFF,0x7F,0xFF,0x7F,0xFF,},
    /* 534 */ {0x55,0xFF,0xD5,0xD5,0xDF,0xFF,0x55,0x55,0x5F,0xFF,0x5D,0x55,0xDD,0xDD,0x55,0x55,
                 0x55,0x55,0x80,0x80,0xFF,0xFF,0x55,0x55,0x75,0x55,0x55,0x55,0xDD,0xDD,0x55,0x55,
                 0x00,0x00,0x2A,0x2A,0x00,0x00,0xAA,0xAA,0x00,0x00,0xA2,0xAA,0x00,0x00,0xAA,0xAA,
                 0x00,0x00,0x7F,0x7F,0x00,0x00,0xAA,0xAA,0x00,0x00,0xAA,0xAA,0x00,0x00,0xAA,0xAA,
                 0xFF,0xFF,0xFF,0xFF,0xFF,0xFF,0xFF,0xFF,0xFF,0xFF,0xFF,0xFF,0xFF,0xFF,0xFF,0xFF,
                 0xFF,0xFF,0xFF,0xFF,0xFF,0xFF,0xFF,0xFF,0xFF,0xFF,0xFF,0xFF,0xFF,0xFF,0xFF,0xFF,},
    /* 535 */ {0xEA,0xAA,0xC0,0x00,0xEA,0xAA,0x55,0x00,0xFE,0xAA,0x5C,0x00,0xDE,0x2A,0x55,0x54,
                 0x6A,0xAA,0x80,0x00,0xFF,0xFE,0x55,0x54,0x75,0x5D,0x55,0x55,0xDD,0xFF,0x55,0x55,
                 0x15,0x55,0x3F,0xFF,0x15,0x55,0xAA,0xFF,0x01,0x55,0xA3,0xFF,0x01,0xD5,0xAA,0xAB,
                 0x15,0x55,0x7F,0xFF,0x00,0x01,0xAA,0xAB,0x00,0x00,0xAA,0xAA,0x00,0x00,0xAA,0xAA,
                 0xFF,0xFF,0xFF,0xFF,0xFF,0xFF,0xFF,0xFF,0xFF,0xFF,0xFF,0xFF,0xFF,0xFF,0xFF,0xFF,
                 0xFF,0xFF,0xFF,0xFF,0xFF,0xFF,0xFF,0xFF,0xFF,0xFF,0xFF,0xFF,0xFF,0xFF,0xFF,0xFF,},
    /* 536 */ {0xAA,0xAA,0x00,0x00,0xAA,0xAA,0x00,0x00,0xAA,0xAA,0x00,0x00,0x2A,0x2A,0x00,0x01,
                 0xAA,0xAA,0x00,0x00,0xAA,0xAB,0x00,0x01,0xFD,0xDD,0x55,0x55,0xFF,0xFF,0x55,0x55,
                 0x55,0x55,0xFF,0xFF,0x55,0x55,0xFF,0xFF,0x55,0x55,0xFF,0xFF,0xD5,0xD5,0xFF,0xFE,
                 0x55,0x55,0xFF,0xFF,0x55,0x54,0xFF,0xFE,0x00,0x00,0xAA,0xAA,0x00,0x00,0xAA,0xAA,
                 0xFF,0xFF,0xFF,0xFF,0xFF,0xFF,0xFF,0xFF,0xFF,0xFF,0xFF,0xFF,0xFF,0xFF,0xFF,0xFF,
                 0xFF,0xFF,0xFF,0xFF,0xFF,0xFF,0xFF,0xFF,0xFF,0xFF,0xFF,0xFF,0xFF,0xFF,0xFF,0xFF,},
    /* 537 */ {0xAA,0xAA,0x00,0x00,0xAA,0xAA,0x00,0x00,0xAA,0xAA,0x00,0x00,0x2A,0x2A,0x55,0x55,
                 0xAA,0xAA,0x00,0x00,0xFF,0xFF,0x55,0x55,0xF5,0x55,0x55,0x55,0xFF,0xFD,0x55,0x55,
                 0x55,0x55,0xFF,0xFF,0x55,0x55,0xFF,0xFF,0x55,0x55,0xFF,0xFF,0xD5,0xD5,0xAA,0xAA,
                 0x55,0x55,0xFF,0xFF,0x00,0x00,0xAA,0xAA,0x00,0x00,0xAA,0xAA,0x00,0x00,0xAA,0xAA,
                 0xFF,0xFF,0xFF,0xFF,0xFF,0xFF,0xFF,0xFF,0xFF,0xFF,0xFF,0xFF,0xFF,0xFF,0xFF,0xFF,
                 0xFF,0xFF,0xFF,0xFF,0xFF,0xFF,0xFF,0xFF,0xFF,0xFF,0xFF,0xFF,0xFF,0xFF,0xFF,0xFF,},
    /* 538 */ {0xAA,0xBD,0x00,0x15,0xAA,0x9D,0x55,0x55,0xBF,0xD5,0x1D,0x55,0x1D,0xDD,0x55,0x55,
                 0xB5,0x55,0x05,0xD5,0xFD,0xDD,0x55,0x55,0x75,0x55,0x55,0x55,0xDD,0xDD,0x55,0x55,
                 0x55,0x40,0xFF,0xEA,0x55,0x40,0xAA,0xAA,0x40,0x00,0xE2,0xAA,0xC0,0x00,0xAA,0xAA,
                 0x40,0x00,0xFA,0x2A,0x00,0x00,0xAA,0xAA,0x00,0x00,0xAA,0xAA,0x00,0x00,0xAA,0xAA,
                 0xFF,0xFF,0xFF,0xFF,0xFF,0xFF,0xFF,0xFF,0xFF,0xFF,0xFF,0xFF,0xFF,0xFF,0xFF,0xFF,
                 0xFF,0xFF,0xFF,0xFF,0xFF,0xFF,0xFF,0xFF,0xFF,0xFF,0xFF,0xFF,0xFF,0xFF,0xFF,0xFF,},
    /* 539 */ {0x52,0xAA,0xC2,0x22,0xC2,0x22,0x4A,0xAA,0x4A,0xAA,0x42,0x22,0xC2,0x22,0x6A,0xAA,
                 0x54,0xAA,0xD4,0x22,0xC2,0xA2,0x4A,0x8A,0x6A,0xAA,0x44,0x22,0xCC,0x22,0x54,0xAA,
                 0x02,0xAA,0x20,0x00,0x02,0x22,0x80,0x00,0x0A,0xAA,0xA0,0x00,0x02,0x22,0x80,0x00,
                 0x00,0xAA,0x2A,0x00,0x02,0xA2,0xA0,0x00,0x2A,0xAA,0xAA,0x00,0x00,0x22,0xAA,0x00,
                 0xFD,0x55,0xFF,0xFF,0xFD,0xDD,0xFF,0xFF,0xF5,0x55,0xFF,0xFF,0xFD,0xDD,0xFF,0xFF,
                 0xFF,0x55,0xFF,0xFF,0xFD,0x5D,0xFF,0xFF,0xD5,0x55,0xFF,0xFF,0xFF,0xDD,0xFF,0xFF,},
    /* 540 */ {0xAA,0xAA,0x22,0x22,0xA2,0x22,0x8A,0xAA,0xAA,0xAA,0x22,0x22,0x22,0x22,0xAA,0xAA,
                 0xA9,0x55,0x21,0xD5,0x22,0xA2,0xAA,0x8A,0xAA,0xAA,0x22,0x22,0x22,0x22,0xAA,0xAA,
                 0xAA,0xAA,0x00,0x00,0xA2,0x22,0x00,0x00,0xAA,0xAA,0x00,0x00,0x22,0x22,0x00,0x00,
                 0xA8,0x00,0x02,0x2A,0x22,0xA2,0x00,0x00,0xAA,0xAA,0x00,0x00,0x22,0x22,0x00,0x00,
                 0x55,0x55,0xFF,0xFF,0x5D,0xDD,0xFF,0xFF,0x55,0x55,0xFF,0xFF,0xDD,0xDD,0xFF,0xFF,
                 0x57,0xFF,0xFF,0xFF,0xDD,0x5D,0xFF,0xFF,0x55,0x55,0xFF,0xFF,0xDD,0xDD,0xFF,0xFF,},
    /* 541 */ {0xAA,0xAA,0x22,0x22,0xA2,0x22,0x8A,0xAA,0xAA,0xAA,0x22,0x22,0x22,0x22,0xAA,0xAA,
                 0x55,0x55,0xD5,0xD5,0x22,0xA2,0xAA,0x8A,0xAA,0xAA,0x22,0x22,0x22,0x22,0xAA,0xAA,
                 0xAA,0xAA,0x00,0x00,0xA2,0x22,0x00,0x00,0xAA,0xAA,0x00,0x00,0x22,0x22,0x00,0x00,
                 0x00,0x00,0x2A,0x2A,0x22,0xA2,0x00,0x00,0xAA,0xAA,0x00,0x00,0x22,0x22,0x00,0x00,
                 0x55,0x55,0xFF,0xFF,0x5D,0xDD,0xFF,0xFF,0x55,0x55,0xFF,0xFF,0xDD,0xDD,0xFF,0xFF,
                 0xFF,0xFF,0xFF,0xFF,0xDD,0x5D,0xFF,0xFF,0x55,0x55,0xFF,0xFF,0xDD,0xDD,0xFF,0xFF,},
    /* 542 */ {0xAA,0xAA,0x22,0x22,0xA2,0x22,0x8A,0xAA,0xAA,0xAA,0x22,0x22,0x22,0x22,0xAA,0xAA,
                 0x2A,0xAA,0xA2,0x22,0x22,0xA2,0xAA,0x8A,0xAA,0xAA,0x22,0x22,0x22,0x22,0xAA,0xAA,
                 0xAA,0xAA,0x00,0x00,0xA2,0x22,0x00,0x00,0xAA,0xAA,0x00,0x00,0x22,0x22,0x00,0x00,
                 0x2A,0xAA,0x00,0x00,0x22,0xA2,0x00,0x00,0xAA,0xAA,0x00,0x00,0x22,0x22,0x00,0x00,
                 0x55,0x55,0xFF,0xFF,0x5D,0xDD,0xFF,0xFF,0x55,0x55,0xFF,0xFF,0xDD,0xDD,0xFF,0xFF,
                 0xD5,0x55,0xFF,0xFF,0xDD,0x5D,0xFF,0xFF,0x55,0x55,0xFF,0xFF,0xDD,0xDD,0xFF,0xFF,},
    /* 543 */ {0xAA,0xAA,0x22,0x22,0xA2,0x22,0x8A,0xAA,0xAA,0xAB,0x22,0x21,0x22,0x2D,0xAA,0xA5,
                 0xAD,0x55,0x25,0xD5,0x22,0xDD,0xAA,0x55,0xAA,0x55,0x23,0x55,0x21,0xDD,0xA5,0x55,
                 0xAA,0xAA,0x00,0x00,0xA2,0x22,0x00,0x00,0xAA,0xAA,0x00,0x02,0x22,0x20,0x00,0x0A,
                 0xA8,0x00,0x02,0x2A,0x22,0x80,0x00,0xAA,0xAA,0x00,0x00,0xAA,0x20,0x00,0x0A,0xAA,
                 0x55,0x55,0xFF,0xFF,0x5D,0xDD,0xFF,0xFF,0x55,0x55,0xFF,0xFF,0xDD,0xDF,0xFF,0xFF,
                 0x57,0xFF,0xFF,0xFF,0xDD,0x7F,0xFF,0xFF,0x55,0xFF,0xFF,0xFF,0xDF,0xFF,0xFF,0xFF,},
    /* 544 */ {0xB5,0x55,0x15,0xD5,0xDD,0xDD,0x55,0x55,0x55,0x55,0x5D,0x55,0xDD,0xDD,0x55,0x55,
                 0x55,0x55,0xD5,0xD5,0xDD,0xDD,0x55,0x55,0x75,0x55,0x55,0x55,0xDD,0xDD,0x55,0x55,
                 0xA0,0x00,0x2A,0x2A,0x00,0x00,0xAA,0xAA,0x00,0x00,0xA2,0xAA,0x00,0x00,0xAA,0xAA,
                 0x00,0x00,0x2A,0x2A,0x00,0x00,0xAA,0xAA,0x00,0x00,0xAA,0xAA,0x00,0x00,0xAA,0xAA,
                 0x5F,0xFF,0xFF,0xFF,0xFF,0xFF,0xFF,0xFF,0xFF,0xFF,0xFF,0xFF,0xFF,0xFF,0xFF,0xFF,
                 0xFF,0xFF,0xFF,0xFF,0xFF,0xFF,0xFF,0xFF,0xFF,0xFF,0xFF,0xFF,0xFF,0xFF,0xFF,0xFF,},
    /* 545 */ {0x55,0x57,0xD5,0x55,0xDD,0xDD,0x55,0x55,0x55,0x55,0x5D,0x55,0xDD,0xDD,0x55,0x55,
                 0x55,0x55,0xD4,0x00,0xDD,0xDD,0x55,0x55,0x75,0x55,0x55,0x55,0x5D,0x5D,0x55,0x55,
                 0x00,0x00,0x2A,0xAA,0x00,0x00,0xAA,0xAA,0x00,0x00,0xA2,0xAA,0x00,0x00,0xAA,0xAA,
                 0x00,0x00,0x2B,0xFF,0x00,0x00,0xAA,0xAA,0x00,0x00,0xAA,0xAA,0x80,0x80,0xAA,0xAA,
                 0xFF,0xFF,0xFF,0xFF,0xFF,0xFF,0xFF,0xFF,0xFF,0xFF,0xFF,0xFF,0xFF,0xFF,0xFF,0xFF,
                 0xFF,0xFF,0xFF,0xFF,0xFF,0xFF,0xFF,0xFF,0xFF,0xFF,0xFF,0xFF,0xFF,0xFF,0xFF,0xFF,},
    /* 546 */ {0xFA,0xFF,0x50,0x55,0xFA,0xFF,0x55,0x55,0x7F,0xFF,0x55,0x55,0xDD,0xDD,0x55,0x55,
                 0x55,0x55,0x00,0x00,0xDD,0xDD,0x55,0x55,0x75,0x55,0x55,0x55,0xDD,0xDD,0x55,0x55,
                 0x05,0x00,0xAF,0xAA,0x05,0x00,0xAA,0xAA,0x00,0x00,0xAA,0xAA,0x00,0x00,0xAA,0xAA,
                 0x00,0x00,0xFF,0xFF,0x00,0x00,0xAA,0xAA,0x00,0x00,0xAA,0xAA,0x00,0x00,0xAA,0xAA,
                 0xFF,0xFF,0xFF,0xFF,0xFF,0xFF,0xFF,0xFF,0xFF,0xFF,0xFF,0xFF,0xFF,0xFF,0xFF,0xFF,
                 0xFF,0xFF,0xFF,0xFF,0xFF,0xFF,0xFF,0xFF,0xFF,0xFF,0xFF,0xFF,0xFF,0xFF,0xFF,0xFF,},
    /* 547 */ {0xFF,0xF5,0x55,0x55,0xDD,0xDD,0x55,0x55,0x55,0x55,0x55,0x55,0xDD,0xDD,0x55,0x55,
                 0x55,0x57,0x15,0xD7,0xDD,0xDD,0x55,0x55,0x75,0x55,0x55,0x55,0xDD,0xDD,0x55,0x55,
                 0x00,0x02,0xAA,0xA8,0x00,0x02,0xAA,0xA8,0x00,0x02,0xAA,0xA8,0x00,0x02,0xAA,0xA8,
                 0x00,0x02,0xEA,0x28,0x00,0x02,0xAA,0xA8,0x00,0x02,0xAA,0xA8,0x00,0x02,0xAA,0xA8,
                 0xFF,0xFC,0xFF,0xFE,0xFF,0xFC,0xFF,0xFE,0xFF,0xFC,0xFF,0xFE,0xFF,0xFC,0xFF,0xFE,
                 0xFF,0xFC,0xFF,0xFE,0xFF,0xFC,0xFF,0xFE,0xFF,0xFC,0xFF,0xFE,0xFF,0xFC,0xFF,0xFE,},
    /* 548 */ {0x15,0x55,0x15,0xD5,0x5D,0xDD,0x55,0x55,0x55,0x55,0x1D,0x55,0xDD,0xDD,0x55,0x55,
                 0x05,0x55,0x05,0xD5,0x9D,0xDD,0x55,0x55,0x75,0x55,0x55,0x55,0xDD,0xDD,0x55,0x55,
                 0x00,0x00,0xAA,0x2A,0x40,0x00,0xEA,0xAA,0x40,0x00,0xA2,0xAA,0x40,0x00,0xEA,0xAA,
                 0x10,0x00,0xBA,0x2A,0x00,0x00,0xEA,0xAA,0x40,0x00,0xEA,0xAA,0x40,0x00,0xEA,0xAA,
                 0x7F,0xFF,0x7F,0xFF,0x3F,0xFF,0x3F,0xFF,0x3F,0xFF,0x7F,0xFF,0x3F,0xFF,0x3F,0xFF,
                 0x7F,0xFF,0x7F,0xFF,0x7F,0xFF,0x3F,0xFF,0x3F,0xFF,0x3F,0xFF,0x3F,0xFF,0x3F,0xFF,},
    /* 549 */ {0x55,0x55,0xD5,0xD5,0xDD,0xDD,0x55,0x55,0x55,0x55,0x5D,0x55,0xDD,0xDD,0x55,0x55,
                 0x55,0x54,0xD5,0xD4,0xDD,0xDD,0x55,0x55,0x75,0x55,0x55,0x55,0xDD,0xDD,0x55,0x55,
                 0x00,0x00,0x2A,0x2A,0x00,0x00,0xAA,0xAA,0x00,0x00,0xA2,0xAA,0x00,0x00,0xAA,0xAA,
                 0x00,0x01,0x2A,0x2B,0x00,0x00,0xAA,0xAA,0x00,0x00,0xAA,0xAA,0x00,0x00,0xAA,0xAA,
                 0xFF,0xFF,0xFF,0xFF,0xFF,0xFF,0xFF,0xFF,0xFF,0xFF,0xFF,0xFF,0xFF,0xFF,0xFF,0xFF,
                 0xFF,0xFF,0xFF,0xFF,0xFF,0xFF,0xFF,0xFF,0xFF,0xFF,0xFF,0xFF,0xFF,0xFF,0xFF,0xFF,},
    /* 550 */ {0x55,0xD5,0xD5,0x55,0xFF,0xFF,0x55,0x55,0x55,0x55,0x5D,0x55,0xDD,0xDD,0x55,0x55,
                 0xAA,0xAA,0x00,0x00,0xDD,0xDD,0x55,0x55,0x75,0x55,0x55,0x55,0xDD,0xDD,0x55,0x55,
                 0x00,0x00,0x2A,0xAA,0x00,0x00,0xAA,0xAA,0x00,0x00,0xA2,0xAA,0x00,0x00,0xAA,0xAA,
                 0x55,0x55,0xFF,0xFF,0x00,0x00,0xAA,0xAA,0x00,0x00,0xAA,0xAA,0x00,0x00,0xAA,0xAA,
                 0xFF,0xFF,0xFF,0xFF,0xFF,0xFF,0xFF,0xFF,0xFF,0xFF,0xFF,0xFF,0xFF,0xFF,0xFF,0xFF,
                 0xFF,0xFF,0xFF,0xFF,0xFF,0xFF,0xFF,0xFF,0xFF,0xFF,0xFF,0xFF,0xFF,0xFF,0xFF,0xFF,},
    /* 551 */ {0x55,0x55,0xD5,0xD5,0xDD,0xDD,0x55,0x55,0x55,0x55,0x5D,0x55,0xDD,0xDD,0x55,0x55,
                 0x44,0x45,0xC4,0xC5,0xDD,0xDD,0x55,0x55,0x75,0x55,0x55,0x55,0xDD,0xDD,0x55,0x55,
                 0x00,0x00,0x2A,0x2A,0x00,0x00,0xAA,0xAA,0x00,0x00,0xA2,0xAA,0x00,0x00,0xAA,0xAA,
                 0x11,0x10,0x3B,0x3A,0x00,0x00,0xAA,0xAA,0x00,0x00,0xAA,0xAA,0x00,0x00,0xAA,0xAA,
                 0xFF,0xFF,0xFF,0xFF,0xFF,0xFF,0xFF,0xFF,0xFF,0xFF,0xFF,0xFF,0xFF,0xFF,0xFF,0xFF,
                 0xFF,0xFF,0xFF,0xFF,0xFF,0xFF,0xFF,0xFF,0xFF,0xFF,0xFF,0xFF,0xFF,0xFF,0xFF,0xFF,},
    /* 552 */ {0x56,0xAA,0xD4,0x77,0xDC,0x7F,0x55,0x57,0x55,0xD2,0x5D,0x57,0xDD,0xDD,0x55,0x55,
                 0x55,0x55,0xD5,0xD5,0xDD,0xDD,0x55,0x55,0x75,0x55,0x55,0x55,0xDD,0xDD,0x55,0x55,
                 0x02,0xAA,0x2A,0x08,0x00,0x22,0xAA,0xA8,0x00,0x82,0xA2,0xA8,0x00,0x00,0xAA,0xAA,
                 0x00,0x00,0x2A,0x2A,0x00,0x00,0xAA,0xAA,0x00,0x00,0xAA,0xAA,0x00,0x00,0xAA,0xAA,
                 0xFD,0x55,0xFF,0xFF,0xFF,0xDD,0xFF,0xFF,0xFF,0x7D,0xFF,0xFF,0xFF,0xFF,0xFF,0xFF,
                 0xFF,0xFF,0xFF,0xFF,0xFF,0xFF,0xFF,0xFF,0xFF,0xFF,0xFF,0xFF,0xFF,0xFF,0xFF,0xFF,},
    /* 553 */ {0xAA,0xAA,0xA2,0x22,0xE2,0x22,0x4A,0xAA,0x2A,0xAA,0x7F,0x62,0xDD,0xE2,0x55,0x55,
                 0x55,0x55,0xD5,0xD5,0xDD,0xDD,0x55,0x55,0x75,0x55,0x55,0x55,0xDD,0xDD,0x55,0x55,
                 0xAA,0xAA,0x00,0x00,0x22,0x22,0x80,0x00,0x2A,0xAA,0x80,0x80,0x00,0x22,0xAA,0xAA,
                 0x00,0x00,0x2A,0x2A,0x00,0x00,0xAA,0xAA,0x00,0x00,0xAA,0xAA,0x00,0x00,0xAA,0xAA,
                 0x55,0x55,0xFF,0xFF,0xDD,0xDD,0xFF,0xFF,0xD5,0x55,0xFF,0xFF,0xFF,0xDD,0xFF,0xFF,
                 0xFF,0xFF,0xFF,0xFF,0xFF,0xFF,0xFF,0xFF,0xFF,0xFF,0xFF,0xFF,0xFF,0xFF,0xFF,0xFF,},
    /* 554 */ {0xAA,0xAA,0x22,0x37,0xA2,0x3F,0x8A,0xB7,0xAA,0xA2,0x3F,0x77,0x3D,0xDD,0x55,0x55,
                 0x55,0x55,0xD5,0xD5,0xDD,0xDD,0x55,0x55,0x75,0x55,0x55,0x55,0xDD,0xDD,0x55,0x55,
                 0xAA,0xAA,0x00,0x08,0xA2,0x22,0x00,0x08,0xAA,0xA2,0x00,0x88,0x20,0x00,0xAA,0xAA,
                 0x00,0x00,0x2A,0x2A,0x00,0x00,0xAA,0xAA,0x00,0x00,0xAA,0xAA,0x00,0x00,0xAA,0xAA,
                 0x55,0x55,0xFF,0xFF,0x5D,0xDD,0xFF,0xFF,0x55,0x5D,0xFF,0xFF,0xDF,0xFF,0xFF,0xFF,
                 0xFF,0xFF,0xFF,0xFF,0xFF,0xFF,0xFF,0xFF,0xFF,0xFF,0xFF,0xFF,0xFF,0xFF,0xFF,0xFF,},
    /* 555 */ {0xAA,0xAA,0xF7,0xF7,0xFF,0xFF,0x57,0x77,0x22,0x22,0x7F,0x77,0xDD,0xDD,0x55,0x55,
                 0x55,0x55,0xD5,0xD5,0xDD,0xDD,0x55,0x55,0x75,0x55,0x55,0x55,0xDD,0xDD,0x55,0x55,
                 0xAA,0xAA,0x08,0x08,0x22,0x22,0x88,0x88,0x22,0x22,0x80,0x88,0x00,0x00,0xAA,0xAA,
                 0x00,0x00,0x2A,0x2A,0x00,0x00,0xAA,0xAA,0x00,0x00,0xAA,0xAA,0x00,0x00,0xAA,0xAA,
                 0x55,0x55,0xFF,0xFF,0xDD,0xDD,0xFF,0xFF,0xDD,0xDD,0xFF,0xFF,0xFF,0xFF,0xFF,0xFF,
                 0xFF,0xFF,0xFF,0xFF,0xFF,0xFF,0xFF,0xFF,0xFF,0xFF,0xFF,0xFF,0xFF,0xFF,0xFF,0xFF,},
    /* 556 */ {0xAA,0xAA,0xE2,0x22,0xE2,0x22,0x4A,0xAA,0x2A,0xAA,0x7F,0x76,0xDD,0xDE,0x55,0x55,
                 0x55,0x55,0xD5,0xD5,0xDD,0xDD,0x55,0x55,0x75,0x55,0x55,0x55,0xDD,0xDD,0x55,0x55,
                 0xAA,0xAA,0x00,0x00,0x22,0x22,0x80,0x00,0x2A,0xAA,0x80,0x88,0x00,0x02,0xAA,0xAA,
                 0x00,0x00,0x2A,0x2A,0x00,0x00,0xAA,0xAA,0x00,0x00,0xAA,0xAA,0x00,0x00,0xAA,0xAA,
                 0x55,0x55,0xFF,0xFF,0xDD,0xDD,0xFF,0xFF,0xD5,0x55,0xFF,0xFF,0xFF,0xFD,0xFF,0xFF,
                 0xFF,0xFF,0xFF,0xFF,0xFF,0xFF,0xFF,0xFF,0xFF,0xFF,0xFF,0xFF,0xFF,0xFF,0xFF,0xFF,},
    /* 557 */ {0xAA,0xAA,0x22,0x22,0xA2,0x22,0x8A,0xAA,0xAA,0xAA,0x22,0x22,0x22,0x22,0x55,0x55,
                 0x55,0x55,0xD5,0xD5,0xDD,0xDD,0x55,0x55,0x75,0x55,0x54,0x55,0xDD,0xDD,0x55,0x55,
                 0xAA,0xAA,0x00,0x00,0xA2,0x22,0x00,0x00,0xAA,0xAA,0x00,0x00,0x22,0x22,0xAA,0xAA,
                 0x00,0x00,0x2A,0x2A,0x00,0x00,0xAA,0xAA,0x00,0x00,0xAA,0xAA,0x00,0x00,0xAA,0xAA,
                 0x55,0x55,0xFF,0xFF,0x5D,0xDD,0xFF,0xFF,0x55,0x55,0xFF,0xFF,0xDD,0xDD,0xFF,0xFF,
                 0xFF,0xFF,0xFF,0xFF,0xFF,0xFF,0xFF,0xFF,0xFF,0xFF,0xFF,0xFF,0xFF,0xFF,0xFF,0xFF,},
    /* 558 */ {0xAA,0xAA,0x22,0x22,0xA2,0x22,0x8A,0xAA,0xAA,0xAA,0x22,0x22,0x22,0x22,0x55,0x55,
                 0x55,0x55,0xD5,0xD5,0xDD,0xDD,0x55,0x55,0x75,0x55,0x55,0x55,0xDD,0xDD,0x55,0x55,
                 0xAA,0xAA,0x00,0x00,0xA2,0x22,0x00,0x00,0xAA,0xAA,0x00,0x00,0x22,0x22,0xAA,0xAA,
                 0x00,0x00,0x2A,0x2A,0x00,0x00,0xAA,0xAA,0x00,0x00,0xAA,0xAA,0x00,0x00,0xAA,0xAA,
                 0x55,0x55,0xFF,0xFF,0x5D,0xDD,0xFF,0xFF,0x55,0x55,0xFF,0xFF,0xDD,0xDD,0xFF,0xFF,
                 0xFF,0xFF,0xFF,0xFF,0xFF,0xFF,0xFF,0xFF,0xFF,0xFF,0xFF,0xFF,0xFF,0xFF,0xFF,0xFF,},
    /* 559 */ {0xAA,0xAA,0x22,0x23,0xA2,0x21,0x8A,0xA5,0xAA,0xA5,0x21,0x15,0x21,0xDD,0x55,0x55,
                 0x55,0x55,0xD5,0xD5,0xDD,0xDD,0x55,0x55,0x75,0x55,0x55,0x55,0xDD,0xDD,0x55,0x55,
                 0xAA,0xAA,0x00,0x00,0xA2,0x20,0x00,0x0A,0xAA,0xA0,0x02,0xAA,0x20,0x00,0xAA,0xAA,
                 0x00,0x00,0x2A,0x2A,0x00,0x00,0xAA,0xAA,0x00,0x00,0xAA,0xAA,0x00,0x00,0xAA,0xAA,
                 0x55,0x55,0xFF,0xFF,0x5D,0xDF,0xFF,0xFF,0x55,0x5F,0xFF,0xFF,0xDF,0xFF,0xFF,0xFF,
                 0xFF,0xFF,0xFF,0xFF,0xFF,0xFF,0xFF,0xFF,0xFF,0xFF,0xFF,0xFF,0xFF,0xFF,0xFF,0xFF,},
    /* 560 */ {0xA5,0x55,0x95,0xD5,0x9D,0xDD,0x55,0x55,0x55,0x55,0x5D,0x55,0xDD,0xDD,0x55,0x55,
                 0x55,0x51,0xD5,0xD1,0xDD,0xDD,0x55,0x55,0x75,0x55,0x55,0x55,0xDD,0xDD,0x55,0x55,
                 0xA0,0x00,0x2A,0x2A,0x00,0x00,0xAA,0xAA,0x00,0x00,0xA2,0xAA,0x00,0x00,0xAA,0xAA,
                 0x00,0x04,0x2A,0x2E,0x00,0x00,0xAA,0xAA,0x00,0x00,0xAA,0xAA,0x00,0x00,0xAA,0xAA,
                 0x5F,0xFF,0xFF,0xFF,0xFF,0xFF,0xFF,0xFF,0xFF,0xFF,0xFF,0xFF,0xFF,0xFF,0xFF,0xFF,
                 0xFF,0xFF,0xFF,0xFF,0xFF,0xFF,0xFF,0xFF,0xFF,0xFF,0xFF,0xFF,0xFF,0xFF,0xFF,0xFF,},
    /* 561 */ {0x55,0x55,0xD5,0xD5,0xDD,0xDD,0x55,0x55,0x55,0x55,0x5D,0x55,0xDD,0xDD,0x55,0x40,
                 0x2A,0xAA,0x80,0x00,0xDE,0xAA,0x55,0x55,0x75,0x55,0x55,0x55,0xDD,0xDD,0x55,0x55,
                 0x00,0x00,0x2A,0x2A,0x00,0x00,0xAA,0xAA,0x00,0x00,0xA2,0xAA,0x00,0x00,0xAA,0xBF,
                 0x55,0x55,0x7F,0xFF,0x01,0x55,0xAA,0xAA,0x00,0x00,0xAA,0xAA,0x00,0x00,0xAA,0xAA,
                 0xFF,0xFF,0xFF,0xFF,0xFF,0xFF,0xFF,0xFF,0xFF,0xFF,0xFF,0xFF,0xFF,0xFF,0xFF,0xFF,
                 0xFF,0xFF,0xFF,0xFF,0xFF,0xFF,0xFF,0xFF,0xFF,0xFF,0xFF,0xFF,0xFF,0xFF,0xFF,0xFF,},
    /* 562 */ {0x55,0x55,0xD5,0xD5,0xDD,0xDD,0x55,0x55,0x77,0x55,0x55,0x55,0x5D,0x5D,0x00,0x01,
                 0xAA,0xAA,0x00,0x00,0xAA,0xAA,0x55,0x55,0x75,0x55,0x55,0x55,0xDD,0xDD,0x55,0x55,
                 0x00,0x00,0x2A,0x2A,0x00,0x00,0xAA,0xAA,0x00,0x00,0xAA,0xAA,0x80,0x80,0xFF,0xFE,
                 0x55,0x55,0xFF,0xFF,0x55,0x55,0xAA,0xAA,0x00,0x00,0xAA,0xAA,0x00,0x00,0xAA,0xAA,
                 0xFF,0xFF,0xFF,0xFF,0xFF,0xFF,0xFF,0xFF,0xFF,0xFF,0xFF,0xFF,0xFF,0xFF,0xFF,0xFF,
                 0xFF,0xFF,0xFF,0xFF,0xFF,0xFF,0xFF,0xFF,0xFF,0xFF,0xFF,0xFF,0xFF,0xFF,0xFF,0xFF,},
    /* 563 */ {0x55,0x55,0xD5,0xD5,0xDD,0xDD,0x55,0x55,0x55,0x55,0x5D,0x55,0xDD,0xDD,0x55,0x55,
                 0xAA,0x91,0x00,0x11,0xBD,0xDD,0x55,0x55,0x75,0x55,0x55,0x55,0xDD,0xDD,0x55,0x55,
                 0x00,0x00,0x2A,0x2A,0x00,0x00,0xAA,0xAA,0x00,0x00,0xA2,0xAA,0x00,0x00,0xAA,0xAA,
                 0x55,0x44,0xFF,0xEE,0x40,0x00,0xAA,0xAA,0x00,0x00,0xAA,0xAA,0x00,0x00,0xAA,0xAA,
                 0xFF,0xFF,0xFF,0xFF,0xFF,0xFF,0xFF,0xFF,0xFF,0xFF,0xFF,0xFF,0xFF,0xFF,0xFF,0xFF,
                 0xFF,0xFF,0xFF,0xFF,0xFF,0xFF,0xFF,0xFF,0xFF,0xFF,0xFF,0xFF,0xFF,0xFF,0xFF,0xFF,},
    /* 564 */ {0x55,0x55,0xD5,0xD5,0xDD,0xDD,0x55,0x55,0x55,0x55,0x5D,0x55,0xDD,0xDD,0x55,0x57,
                 0x11,0x17,0x91,0x97,0xDD,0xDF,0x55,0x55,0x75,0x55,0x55,0x55,0xDD,0xDD,0x55,0x55,
                 0x00,0x02,0x2A,0x28,0x00,0x02,0xAA,0xA8,0x00,0x02,0xA2,0xA8,0x00,0x02,0xAA,0xA8,
                 0x44,0x42,0x6E,0x68,0x00,0x02,0xAA,0xA8,0x00,0x02,0xAA,0xA8,0x00,0x02,0xAA,0xA8,
                 0xFF,0xFC,0xFF,0xFE,0xFF,0xFC,0xFF,0xFE,0xFF,0xFC,0xFF,0xFE,0xFF,0xFC,0xFF,0xFE,
                 0xFF,0xFC,0xFF,0xFE,0xFF,0xFC,0xFF,0xFE,0xFF,0xFC,0xFF,0xFE,0xFF,0xFC,0xFF,0xFE,},
    /* 565 */ {0x55,0x55,0x15,0xD5,0x1D,0xDD,0x55,0x55,0x55,0x55,0x5D,0x11,0xDD,0x9B,0x55,0x55,
                 0x55,0x55,0x55,0xD5,0x9D,0xDD,0x15,0x55,0x75,0x55,0x55,0x55,0xDD,0xDD,0x55,0x55,
                 0x40,0x00,0xAA,0x2A,0x00,0x00,0xEA,0xAA,0x40,0x00,0xE2,0xAA,0x40,0x02,0xEA,0xAA,
                 0x40,0x00,0xEA,0x2A,0x00,0x00,0xAA,0xAA,0x40,0x00,0xEA,0xAA,0x40,0x00,0xEA,0xAA,
                 0x3F,0xFF,0x7F,0xFF,0x7F,0xFF,0x3F,0xFF,0x3F,0xFF,0x3F,0xFF,0x3F,0xFD,0x3F,0xFF,
                 0x3F,0xFF,0x3F,0xFF,0x7F,0xFF,0x7F,0xFF,0x3F,0xFF,0x3F,0xFF,0x3F,0xFF,0x3F,0xFF,},
    /* 566 */ {0x55,0x55,0xD5,0xD5,0xDD,0xDD,0x55,0x55,0x55,0x55,0x19,0x11,0x33,0x33,0x55,0x55,
                 0x55,0x55,0xD5,0xD5,0xDD,0xDD,0x55,0x55,0x75,0x55,0x55,0x55,0xDD,0xDD,0x55,0x55,
                 0x00,0x00,0x2A,0x2A,0x00,0x00,0xAA,0xAA,0x00,0x00,0xA2,0xAA,0x22,0x22,0xAA,0xAA,
                 0x00,0x00,0x2A,0x2A,0x00,0x00,0xAA,0xAA,0x00,0x00,0xAA,0xAA,0x00,0x00,0xAA,0xAA,
                 0xFF,0xFF,0xFF,0xFF,0xFF,0xFF,0xFF,0xFF,0xFF,0xFF,0xFF,0xFF,0xDD,0xDD,0xFF,0xFF,
                 0xFF,0xFF,0xFF,0xFF,0xFF,0xFF,0xFF,0xFF,0xFF,0xFF,0xFF,0xFF,0xFF,0xFF,0xFF,0xFF,},
    /* 567 */ {0x55,0x55,0xD5,0xD5,0xDD,0xDD,0x55,0x55,0x55,0x55,0x19,0x11,0x33,0x31,0x55,0x55,
                 0x55,0x55,0xD5,0xD5,0xDD,0xDD,0x55,0x55,0x75,0x55,0x55,0x55,0xDD,0xDD,0x55,0x55,
                 0x00,0x00,0x2A,0x2A,0x00,0x00,0xAA,0xAA,0x00,0x00,0xA2,0xAA,0x22,0x20,0xAA,0xAA,
                 0x00,0x00,0x2A,0x2A,0x00,0x00,0xAA,0xAA,0x00,0x00,0xAA,0xAA,0x00,0x00,0xAA,0xAA,
                 0xFF,0xFF,0xFF,0xFF,0xFF,0xFF,0xFF,0xFF,0xFF,0xFF,0xFF,0xFF,0xDD,0xDF,0xFF,0xFF,
                 0xFF,0xFF,0xFF,0xFF,0xFF,0xFF,0xFF,0xFF,0xFF,0xFF,0xFF,0xFF,0xFF,0xFF,0xFF,0xFF,},
    /* 568 */ {0x55,0x55,0xD5,0xD5,0xDD,0xDD,0x55,0x55,0x55,0x55,0x19,0x15,0x99,0x9D,0x55,0x55,
                 0x55,0x55,0xD5,0xD5,0xDD,0xDD,0x55,0x55,0x75,0x55,0x55,0x55,0xDD,0xDD,0x55,0x55,
                 0x00,0x00,0x2A,0x2A,0x00,0x00,0xAA,0xAA,0x00,0x00,0xA2,0xAA,0x00,0x00,0xAA,0xAA,
                 0x00,0x00,0x2A,0x2A,0x00,0x00,0xAA,0xAA,0x00,0x00,0xAA,0xAA,0x00,0x00,0xAA,0xAA,
                 0xFF,0xFF,0xFF,0xFF,0xFF,0xFF,0xFF,0xFF,0xFF,0xFF,0xFF,0xFF,0xFF,0xFF,0xFF,0xFF,
                 0xFF,0xFF,0xFF,0xFF,0xFF,0xFF,0xFF,0xFF,0xFF,0xFF,0xFF,0xFF,0xFF,0xFF,0xFF,0xFF,},
    /* 569 */ {0x55,0x55,0xD5,0xD5,0xDD,0xDD,0x55,0x55,0x55,0x55,0x19,0x11,0x9B,0x33,0x55,0x55,
                 0x55,0x55,0xD5,0xD5,0xDD,0xDD,0x55,0x55,0x75,0x55,0x55,0x55,0xDD,0xDD,0x55,0x55,
                 0x00,0x00,0x2A,0x2A,0x00,0x00,0xAA,0xAA,0x00,0x00,0xA2,0xAA,0x02,0x22,0xAA,0xAA,
                 0x00,0x00,0x2A,0x2A,0x00,0x00,0xAA,0xAA,0x00,0x00,0xAA,0xAA,0x00,0x00,0xAA,0xAA,
                 0xFF,0xFF,0xFF,0xFF,0xFF,0xFF,0xFF,0xFF,0xFF,0xFF,0xFF,0xFF,0xFD,0xDD,0xFF,0xFF,
                 0xFF,0xFF,0xFF,0xFF,0xFF,0xFF,0xFF,0xFF,0xFF,0xFF,0xFF,0xFF,0xFF,0xFF,0xFF,0xFF,},
    /* 570 */ {0x55,0x55,0xD5,0xD5,0xDD,0xDD,0x55,0x55,0x55,0x55,0x19,0x11,0x33,0x19,0x55,0x55,
                 0x55,0x55,0xD5,0xD5,0xDD,0xDD,0x55,0x55,0x75,0x55,0x55,0x55,0xDD,0xDD,0x55,0x55,
                 0x00,0x00,0x2A,0x2A,0x00,0x00,0xAA,0xAA,0x00,0x00,0xA2,0xAA,0x22,0x00,0xAA,0xAA,
                 0x00,0x00,0x2A,0x2A,0x00,0x00,0xAA,0xAA,0x00,0x00,0xAA,0xAA,0x00,0x00,0xAA,0xAA,
                 0xFF,0xFF,0xFF,0xFF,0xFF,0xFF,0xFF,0xFF,0xFF,0xFF,0xFF,0xFF,0xDD,0xFF,0xFF,0xFF,
                 0xFF,0xFF,0xFF,0xFF,0xFF,0xFF,0xFF,0xFF,0xFF,0xFF,0xFF,0xFF,0xFF,0xFF,0xFF,0xFF,},
    /* 571 */ {0x55,0x55,0xD5,0xD5,0xDD,0xDD,0x55,0x55,0x55,0x55,0x19,0x55,0x99,0xDD,0x55,0x55,
                 0x55,0x55,0xD5,0xD5,0xDD,0xDD,0x55,0x55,0x75,0x55,0x55,0x55,0xDD,0xDD,0x55,0x55,
                 0x00,0x00,0x2A,0x2A,0x00,0x00,0xAA,0xAA,0x00,0x00,0xA2,0xAA,0x00,0x00,0xAA,0xAA,
                 0x00,0x00,0x2A,0x2A,0x00,0x00,0xAA,0xAA,0x00,0x00,0xAA,0xAA,0x00,0x00,0xAA,0xAA,
                 0xFF,0xFF,0xFF,0xFF,0xFF,0xFF,0xFF,0xFF,0xFF,0xFF,0xFF,0xFF,0xFF,0xFF,0xFF,0xFF,
                 0xFF,0xFF,0xFF,0xFF,0xFF,0xFF,0xFF,0xFF,0xFF,0xFF,0xFF,0xFF,0xFF,0xFF,0xFF,0xFF,},
    /* 572 */ {0x55,0x55,0xD5,0xD5,0xDD,0xDD,0x55,0x55,0x55,0x55,0x55,0x55,0x55,0xDD,0x55,0x55,
                 0x55,0x55,0xD5,0xD5,0xDD,0xDD,0x55,0x55,0x75,0x55,0x55,0x55,0xDD,0xDD,0x55,0x55,
                 0x00,0x00,0x2A,0x2A,0x00,0x00,0xAA,0xAA,0x00,0x00,0x22,0xAA,0x00,0x00,0xAA,0xAA,
                 0x00,0x00,0x2A,0x2A,0x00,0x00,0xAA,0xAA,0x00,0x00,0xAA,0xAA,0x00,0x00,0xAA,0xAA,
                 0xFF,0xFF,0xFF,0xFF,0xFF,0xFF,0xFF,0xFF,0xFF,0xFF,0xFF,0xFF,0xFF,0xFF,0xFF,0xFF,
                 0xFF,0xFF,0xFF,0xFF,0xFF,0xFF,0xFF,0xFF,0xFF,0xFF,0xFF,0xFF,0xFF,0xFF,0xFF,0xFF,},
    /* 573 */ {0x55,0x55,0xD5,0xD5,0xDD,0xDC,0x55,0x55,0x55,0x55,0x5D,0x55,0xDD,0xDD,0x55,0x55,
                 0x55,0x55,0xD5,0xD5,0xDD,0xDD,0x55,0x55,0x75,0x55,0x55,0x55,0xDD,0xDD,0x55,0x55,
                 0x00,0x00,0x2A,0x2A,0x00,0x01,0xAA,0xAA,0x00,0x00,0xA2,0xAA,0x00,0x00,0xAA,0xAA,
                 0x00,0x00,0x2A,0x2A,0x00,0x00,0xAA,0xAA,0x00,0x00,0xAA,0xAA,0x00,0x00,0xAA,0xAA,
                 0xFF,0xFF,0xFF,0xFF,0xFF,0xFF,0xFF,0xFF,0xFF,0xFF,0xFF,0xFF,0xFF,0xFF,0xFF,0xFF,
                 0xFF,0xFF,0xFF,0xFF,0xFF,0xFF,0xFF,0xFF,0xFF,0xFF,0xFF,0xFF,0xFF,0xFF,0xFF,0xFF,},
    /* 574 */ {0x55,0x77,0xD5,0x00,0x88,0xAA,0x55,0x50,0x55,0x52,0x5D,0x55,0xDD,0xDF,0x55,0x54,
                 0x55,0x52,0xD5,0xD5,0xDD,0xAA,0x40,0x00,0x7D,0xDD,0x55,0x55,0xDD,0xDD,0x55,0x55,
                 0x00,0x00,0x2A,0xFF,0x55,0x55,0xAA,0xAF,0x00,0x05,0xA2,0xAA,0x00,0x00,0xAA,0xAB,
                 0x00,0x05,0x2A,0x2A,0x00,0x55,0xBF,0xFF,0x00,0x00,0xAA,0xAA,0x00,0x00,0xAA,0xAA,
                 0xFF,0xFF,0xFF,0xFF,0xFF,0xFF,0xFF,0xFF,0xFF,0xFF,0xFF,0xFF,0xFF,0xFF,0xFF,0xFF,
                 0xFF,0xFF,0xFF,0xFF,0xFF,0xFF,0xFF,0xFF,0xFF,0xFF,0xFF,0xFF,0xFF,0xFF,0xFF,0xFF,},
    /* 575 */ {0x77,0x75,0x00,0x05,0xAA,0xA8,0x00,0x55,0xAA,0x55,0x5D,0x55,0xFF,0xDD,0x01,0x55,
                 0xAA,0x55,0xD5,0xD5,0xAA,0xAA,0x00,0x00,0xFD,0xDD,0x55,0x55,0xDD,0xDD,0x55,0x55,
                 0x00,0x00,0xFF,0xFA,0x55,0x55,0xFF,0xAA,0x55,0x00,0xA2,0xAA,0x00,0x00,0xFE,0xAA,
                 0x55,0x00,0x2A,0x2A,0x55,0x55,0xFF,0xFF,0x00,0x00,0xAA,0xAA,0x00,0x00,0xAA,0xAA,
                 0xFF,0xFF,0xFF,0xFF,0xFF,0xFF,0xFF,0xFF,0xFF,0xFF,0xFF,0xFF,0xFF,0xFF,0xFF,0xFF,
                 0xFF,0xFF,0xFF,0xFF,0xFF,0xFF,0xFF,0xFF,0xFF,0xFF,0xFF,0xFF,0xFF,0xFF,0xFF,0xFF,},
    /* 576 */ {0x55,0x55,0xD5,0xD5,0x89,0xDD,0x55,0x55,0x55,0x55,0x5D,0x55,0xDD,0xDD,0x55,0x55,
                 0x55,0x55,0xD5,0xD5,0xDD,0xDD,0x00,0x15,0xFD,0xD5,0x55,0x55,0xDD,0xDD,0x55,0x55,
                 0x00,0x00,0x2A,0x2A,0x54,0x00,0xAA,0xAA,0x00,0x00,0xA2,0xAA,0x00,0x00,0xAA,0xAA,
                 0x00,0x00,0x2A,0x2A,0x00,0x00,0xFF,0xEA,0x00,0x00,0xAA,0xAA,0x00,0x00,0xAA,0xAA,
                 0xFF,0xFF,0xFF,0xFF,0xFF,0xFF,0xFF,0xFF,0xFF,0xFF,0xFF,0xFF,0xFF,0xFF,0xFF,0xFF,
                 0xFF,0xFF,0xFF,0xFF,0xFF,0xFF,0xFF,0xFF,0xFF,0xFF,0xFF,0xFF,0xFF,0xFF,0xFF,0xFF,},
    /* 577 */ {0x55,0x55,0xD5,0xD5,0xDD,0xDD,0x55,0x55,0x55,0x55,0x5D,0x55,0xDD,0xDD,0x55,0x55,
                 0x55,0x55,0xD5,0xD5,0xDD,0xDD,0x55,0x55,0x75,0x55,0x55,0x55,0xDD,0xDD,0x55,0x55,
                 0x00,0x02,0x2A,0x28,0x00,0x02,0xAA,0xA8,0x00,0x02,0xA2,0xA8,0x00,0x02,0xAA,0xA8,
                 0x00,0x02,0x2A,0x28,0x00,0x02,0xAA,0xA8,0x00,0x02,0xAA,0xA8,0x00,0x02,0xAA,0xA8,
                 0xFF,0xFC,0xFF,0xFE,0xFF,0xFC,0xFF,0xFE,0xFF,0xFC,0xFF,0xFE,0xFF,0xFC,0xFF,0xFE,
                 0xFF,0xFC,0xFF,0xFE,0xFF,0xFC,0xFF,0xFE,0xFF,0xFC,0xFF,0xFE,0xFF,0xFC,0xFF,0xFE,},
    /* 578 */ {0x55,0x55,0x15,0xD5,0x1D,0xDD,0x15,0x55,0x15,0x55,0x5D,0x55,0xDD,0xDD,0x55,0x55,
                 0x55,0x55,0x55,0xD5,0xDD,0xDD,0x15,0x55,0x35,0x55,0x55,0x55,0xDD,0xDD,0x55,0x55,
                 0x40,0x00,0xEA,0x2A,0x00,0x00,0xAA,0xAA,0x00,0x00,0xE2,0xAA,0x40,0x00,0xEA,0xAA,
                 0x40,0x00,0xEA,0x2A,0x40,0x00,0xAA,0xAA,0x00,0x00,0xEA,0xAA,0x40,0x00,0xEA,0xAA,
                 0x3F,0xFF,0x3F,0xFF,0x7F,0xFF,0x7F,0xFF,0x7F,0xFF,0x3F,0xFF,0x3F,0xFF,0x3F,0xFF,
                 0x3F,0xFF,0x3F,0xFF,0x3F,0xFF,0x7F,0xFF,0x7F,0xFF,0x3F,0xFF,0x3F,0xFF,0x3F,0xFF,},
    /* 579 */ {0x55,0x55,0xD5,0xD5,0xDD,0xDD,0x55,0x54,0x55,0x55,0x5D,0x55,0xDD,0xDD,0x55,0x55,
                 0x55,0x55,0xD5,0xD5,0xDD,0xDD,0x54,0x55,0x74,0xD5,0x55,0x55,0xDD,0xDD,0x55,0x55,
                 0x00,0x00,0x2A,0x2A,0x00,0x00,0xAA,0xAB,0x00,0x00,0xA2,0xAA,0x00,0x00,0xAA,0xAA,
                 0x00,0x00,0x2A,0x2A,0x00,0x00,0xAB,0xAA,0x01,0x00,0xAA,0xAA,0x00,0x00,0xAA,0xAA,
                 0xFF,0xFF,0xFF,0xFF,0xFF,0xFF,0xFF,0xFF,0xFF,0xFF,0xFF,0xFF,0xFF,0xFF,0xFF,0xFF,
                 0xFF,0xFF,0xFF,0xFF,0xFF,0xFF,0xFF,0xFF,0xFF,0xFF,0xFF,0xFF,0xFF,0xFF,0xFF,0xFF,},
    /* 580 */ {0x55,0x55,0xD5,0xD5,0xDD,0xDD,0x00,0x00,0x55,0x55,0x5D,0x55,0xDD,0xDD,0x55,0x55,
                 0x55,0x55,0xD5,0xD5,0xDD,0xDD,0x55,0x55,0xBB,0x55,0x11,0x55,0xDD,0xDD,0x55,0x55,
                 0x00,0x00,0x2A,0x2A,0x00,0x00,0xFF,0xFF,0x00,0x00,0xA2,0xAA,0x00,0x00,0xAA,0xAA,
                 0x00,0x00,0x2A,0x2A,0x00,0x00,0xAA,0xAA,0x44,0x00,0xEE,0xAA,0x00,0x00,0xAA,0xAA,
                 0xFF,0xFF,0xFF,0xFF,0xFF,0xFF,0xFF,0xFF,0xFF,0xFF,0xFF,0xFF,0xFF,0xFF,0xFF,0xFF,
                 0xFF,0xFF,0xFF,0xFF,0xFF,0xFF,0xFF,0xFF,0xFF,0xFF,0xFF,0xFF,0xFF,0xFF,0xFF,0xFF,},
    /* 581 */ {0x55,0x55,0xD5,0xD5,0xDD,0xDD,0x00,0x01,0x55,0x55,0x5D,0x55,0xDD,0xDD,0x55,0x55,
                 0x55,0x55,0xD5,0xD5,0xDD,0xDD,0x55,0x55,0x75,0xB5,0x55,0x15,0xDD,0xDD,0x55,0x55,
                 0x00,0x00,0x2A,0x2A,0x00,0x00,0xFF,0xFE,0x00,0x00,0xA2,0xAA,0x00,0x00,0xAA,0xAA,
                 0x00,0x00,0x2A,0x2A,0x00,0x00,0xAA,0xAA,0x00,0x40,0xAA,0xEA,0x00,0x00,0xAA,0xAA,
                 0xFF,0xFF,0xFF,0xFF,0xFF,0xFF,0xFF,0xFF,0xFF,0xFF,0xFF,0xFF,0xFF,0xFF,0xFF,0xFF,
                 0xFF,0xFF,0xFF,0xFF,0xFF,0xFF,0xFF,0xFF,0xFF,0xFF,0xFF,0xFF,0xFF,0xFF,0xFF,0xFF,},
    /* 582 */ {0x55,0x55,0xD5,0xD5,0xDD,0xDD,0x55,0x51,0x55,0x55,0x5D,0x55,0xDD,0xDD,0x55,0x55,
                 0x55,0x55,0xD5,0xD5,0xDD,0xDD,0x55,0x55,0x75,0x54,0x55,0x55,0xDD,0xDD,0x55,0x55,
                 0x00,0x00,0x2A,0x2A,0x00,0x00,0xAA,0xAE,0x00,0x00,0xA2,0xAA,0x00,0x00,0xAA,0xAA,
                 0x00,0x00,0x2A,0x2A,0x00,0x00,0xAA,0xAA,0x00,0x01,0xAA,0xAA,0x00,0x00,0xAA,0xAA,
                 0xFF,0xFF,0xFF,0xFF,0xFF,0xFF,0xFF,0xFF,0xFF,0xFF,0xFF,0xFF,0xFF,0xFF,0xFF,0xFF,
                 0xFF,0xFF,0xFF,0xFF,0xFF,0xFF,0xFF,0xFF,0xFF,0xFF,0xFF,0xFF,0xFF,0xFF,0xFF,0xFF,},
    /* 583 */ {0x55,0x55,0xD5,0xD5,0xDD,0xDD,0x55,0x00,0x55,0x55,0x5D,0x55,0xDD,0xDD,0x55,0x55,
                 0x55,0x55,0xD5,0xD5,0xDD,0xDD,0x55,0x55,0xA8,0x89,0x55,0x55,0xDD,0xDD,0x55,0x55,
                 0x00,0x00,0x2A,0x2A,0x00,0x00,0xAA,0xFF,0x00,0x00,0xA2,0xAA,0x00,0x00,0xAA,0xAA,
                 0x00,0x00,0x2A,0x2A,0x00,0x00,0xAA,0xAA,0x55,0x54,0xAA,0xAA,0x00,0x00,0xAA,0xAA,
                 0xFF,0xFF,0xFF,0xFF,0xFF,0xFF,0xFF,0xFF,0xFF,0xFF,0xFF,0xFF,0xFF,0xFF,0xFF,0xFF,
                 0xFF,0xFF,0xFF,0xFF,0xFF,0xFF,0xFF,0xFF,0xFF,0xFF,0xFF,0xFF,0xFF,0xFF,0xFF,0xFF,},
    /* 584 */ {0x55,0x55,0xD5,0xD5,0xDD,0xDD,0x00,0x00,0x55,0x55,0x5D,0x55,0xDD,0xDD,0x55,0x55,
                 0x55,0x55,0xD5,0xD5,0xDD,0xDD,0x55,0x55,0x75,0x55,0x55,0x55,0xDD,0xDD,0x55,0x55,
                 0x00,0x00,0x2A,0x2A,0x00,0x00,0xFF,0xFF,0x00,0x00,0xA2,0xAA,0x00,0x00,0xAA,0xAA,
                 0x00,0x00,0x2A,0x2A,0x00,0x00,0xAA,0xAA,0x00,0x00,0xAA,0xAA,0x00,0x00,0xAA,0xAA,
                 0xFF,0xFF,0xFF,0xFF,0xFF,0xFF,0xFF,0xFF,0xFF,0xFF,0xFF,0xFF,0xFF,0xFF,0xFF,0xFF,
                 0xFF,0xFF,0xFF,0xFF,0xFF,0xFF,0xFF,0xFF,0xFF,0xFF,0xFF,0xFF,0xFF,0xFF,0xFF,0xFF,},
    /* 585 */ {0x55,0x55,0xD5,0xD5,0xDD,0xDD,0x00,0x00,0x6A,0xAA,0x55,0x55,0xDD,0xDD,0x55,0x55,
                 0x55,0x55,0xD5,0xD5,0xDD,0xDD,0x55,0x55,0x75,0x48,0x55,0x55,0xDD,0xDD,0x55,0x55,
                 0x00,0x00,0x2A,0x2A,0x00,0x00,0xFF,0xFF,0x15,0x55,0xAA,0xAA,0x00,0x00,0xAA,0xAA,
                 0x00,0x00,0x2A,0x2A,0x00,0x00,0xAA,0xAA,0x00,0x15,0xAA,0xAA,0x00,0x00,0xAA,0xAA,
                 0xFF,0xFF,0xFF,0xFF,0xFF,0xFF,0xFF,0xFF,0xFF,0xFF,0xFF,0xFF,0xFF,0xFF,0xFF,0xFF,
                 0xFF,0xFF,0xFF,0xFF,0xFF,0xFF,0xFF,0xFF,0xFF,0xFF,0xFF,0xFF,0xFF,0xFF,0xFF,0xFF,},
    /* 586 */ {0x55,0x55,0xD5,0xD5,0xDD,0xDD,0x00,0x00,0xAA,0xAA,0x55,0x55,0xDD,0xDD,0x55,0x55,
                 0x55,0x55,0xD5,0xD5,0xDD,0xDD,0x55,0x55,0xA8,0x95,0x55,0x55,0xDD,0xDD,0x55,0x55,
                 0x00,0x00,0x2A,0x2A,0x00,0x00,0xFF,0xFF,0x55,0x55,0xAA,0xAA,0x00,0x00,0xAA,0xAA,
                 0x00,0x00,0x2A,0x2A,0x00,0x00,0xAA,0xAA,0x55,0x40,0xAA,0xAA,0x00,0x00,0xAA,0xAA,
                 0xFF,0xFF,0xFF,0xFF,0xFF,0xFF,0xFF,0xFF,0xFF,0xFF,0xFF,0xFF,0xFF,0xFF,0xFF,0xFF,
                 0xFF,0xFF,0xFF,0xFF,0xFF,0xFF,0xFF,0xFF,0xFF,0xFF,0xFF,0xFF,0xFF,0xFF,0xFF,0xFF,},
    /* 587 */ {0x55,0x55,0xD5,0xD5,0xDD,0xDD,0x00,0x00,0xB5,0x55,0x5D,0x55,0xDD,0xDD,0x55,0x55,
                 0x55,0x55,0xD5,0xD5,0xDD,0xDD,0x55,0x55,0x75,0x55,0x55,0x55,0xDD,0xDD,0x55,0x55,
                 0x00,0x00,0x2A,0x2A,0x00,0x00,0xFF,0xFF,0x40,0x00,0xA2,0xAA,0x00,0x00,0xAA,0xAA,
                 0x00,0x00,0x2A,0x2A,0x00,0x00,0xAA,0xAA,0x00,0x00,0xAA,0xAA,0x00,0x00,0xAA,0xAA,
                 0xFF,0xFF,0xFF,0xFF,0xFF,0xFF,0xFF,0xFF,0xFF,0xFF,0xFF,0xFF,0xFF,0xFF,0xFF,0xFF,
                 0xFF,0xFF,0xFF,0xFF,0xFF,0xFF,0xFF,0xFF,0xFF,0xFF,0xFF,0xFF,0xFF,0xFF,0xFF,0xFF,},
    /* 588 */ {0x55,0x55,0xD5,0xD5,0xDD,0xDD,0x15,0x55,0x55,0x55,0x5D,0x55,0xDD,0xDD,0x55,0x55,
                 0x55,0x55,0xD5,0xD5,0xDD,0xDD,0x55,0x55,0x75,0x55,0x55,0x55,0xDD,0xDD,0x55,0x55,
                 0x00,0x02,0x2A,0x28,0x00,0x02,0xEA,0xA8,0x00,0x02,0xA2,0xA8,0x00,0x02,0xAA,0xA8,
                 0x00,0x02,0x2A,0x28,0x00,0x02,0xAA,0xA8,0x00,0x02,0xAA,0xA8,0x00,0x02,0xAA,0xA8,
                 0xFF,0xFC,0xFF,0xFE,0xFF,0xFC,0xFF,0xFE,0xFF,0xFC,0xFF,0xFE,0xFF,0xFC,0xFF,0xFE,
                 0xFF,0xFC,0xFF,0xFE,0xFF,0xFC,0xFF,0xFE,0xFF,0xFC,0xFF,0xFE,0xFF,0xFC,0xFF,0xFE,},
    /* 589 */ {0x55,0x55,0x15,0xD5,0x5D,0xDD,0x55,0x55,0x15,0x55,0x1D,0x55,0xDD,0xDD,0x55,0x55,
                 0x55,0x55,0x55,0xD5,0x9D,0xDD,0x15,0x55,0x35,0x55,0x00,0x55,0x9F,0xDD,0x00,0x55,
                 0x40,0x00,0xEA,0x2A,0x40,0x00,0xEA,0xAA,0x00,0x00,0xA2,0xAA,0x40,0x00,0xEA,0xAA,
                 0x40,0x00,0xEA,0x2A,0x00,0x00,0xAA,0xAA,0x00,0x00,0xBF,0xAA,0x00,0x00,0xBF,0xAA,
                 0x3F,0xFF,0x3F,0xFF,0x3F,0xFF,0x3F,0xFF,0x7F,0xFF,0x7F,0xFF,0x3F,0xFF,0x3F,0xFF,
                 0x3F,0xFF,0x3F,0xFF,0x7F,0xFF,0x7F,0xFF,0x7F,0xFF,0x7F,0xFF,0x7F,0xFF,0x7F,0xFF,},
    /* 590 */ {0x55,0x55,0xD5,0xD5,0xDD,0xDD,0x55,0x55,0x55,0x55,0x5D,0x55,0xDD,0xDD,0x55,0x55,
                 0x55,0x55,0xD5,0xD5,0xDD,0xDD,0x55,0x55,0x75,0x55,0x50,0x00,0xDF,0xFF,0x50,0x00,
                 0x00,0x00,0x2A,0x2A,0x00,0x00,0xAA,0xAA,0x00,0x00,0xA2,0xAA,0x00,0x00,0xAA,0xAA,
                 0x00,0x00,0x2A,0x2A,0x00,0x00,0xAA,0xAA,0x00,0x00,0xAF,0xFF,0x00,0x00,0xAF,0xFF,
                 0xFF,0xFF,0xFF,0xFF,0xFF,0xFF,0xFF,0xFF,0xFF,0xFF,0xFF,0xFF,0xFF,0xFF,0xFF,0xFF,
                 0xFF,0xFF,0xFF,0xFF,0xFF,0xFF,0xFF,0xFF,0xFF,0xFF,0xFF,0xFF,0xFF,0xFF,0xFF,0xFF,},
    /* 591 */ {0x55,0x55,0xD5,0xD5,0xDD,0xDD,0x55,0x55,0x55,0x55,0x08,0x05,0xFF,0xFD,0x55,0x55,
                 0x55,0x55,0xD5,0xD5,0xDD,0xDD,0x55,0x55,0x76,0xAA,0x00,0x00,0xFF,0xFF,0x00,0x00,
                 0x00,0x00,0x2A,0x2A,0x00,0x00,0xAA,0xAA,0x00,0x00,0xF7,0xFA,0x00,0x00,0xAA,0xAA,
                 0x00,0x00,0x2A,0x2A,0x00,0x00,0xAA,0xAA,0x01,0x55,0xFF,0xFF,0x00,0x00,0xFF,0xFF,
                 0xFF,0xFF,0xFF,0xFF,0xFF,0xFF,0xFF,0xFF,0xFF,0xFF,0xFF,0xFF,0xFF,0xFF,0xFF,0xFF,
                 0xFF,0xFF,0xFF,0xFF,0xFF,0xFF,0xFF,0xFF,0xFF,0xFF,0xFF,0xFF,0xFF,0xFF,0xFF,0xFF,},
    /* 592 */ {0x55,0x55,0xD5,0xD5,0xDD,0xDD,0x55,0x55,0x55,0x55,0x5D,0x55,0xDD,0xDD,0x55,0x55,
                 0x55,0x55,0xD5,0xD5,0xDD,0xDD,0x55,0x55,0xB5,0x55,0x00,0x00,0xFF,0xFF,0x00,0x00,
                 0x00,0x00,0x2A,0x2A,0x00,0x00,0xAA,0xAA,0x00,0x00,0xA2,0xAA,0x00,0x00,0xAA,0xAA,
                 0x00,0x00,0x2A,0x2A,0x00,0x00,0xAA,0xAA,0x40,0x00,0xFF,0xFF,0x00,0x00,0xFF,0xFF,
                 0xFF,0xFF,0xFF,0xFF,0xFF,0xFF,0xFF,0xFF,0xFF,0xFF,0xFF,0xFF,0xFF,0xFF,0xFF,0xFF,
                 0xFF,0xFF,0xFF,0xFF,0xFF,0xFF,0xFF,0xFF,0xFF,0xFF,0xFF,0xFF,0xFF,0xFF,0xFF,0xFF,},
    /* 593 */ {0x55,0x55,0xD5,0xD5,0xDD,0xDD,0x55,0x55,0x55,0x55,0x5D,0x55,0xDD,0xDD,0x55,0x55,
                 0x55,0x55,0xD5,0xD5,0xDD,0xDD,0x55,0x55,0x6A,0xAA,0x00,0x00,0xEA,0x2A,0x00,0x00,
                 0x00,0x00,0x2A,0x2A,0x00,0x00,0xAA,0xAA,0x00,0x00,0xA2,0xAA,0x00,0x00,0xAA,0xAA,
                 0x00,0x00,0x2A,0x2A,0x00,0x00,0xAA,0xAA,0x15,0x55,0xFF,0xFF,0x15,0xD5,0xFF,0xFF,
                 0xFF,0xFF,0xFF,0xFF,0xFF,0xFF,0xFF,0xFF,0xFF,0xFF,0xFF,0xFF,0xFF,0xFF,0xFF,0xFF,
                 0xFF,0xFF,0xFF,0xFF,0xFF,0xFF,0xFF,0xFF,0xFF,0xFF,0xFF,0xFF,0xFF,0xFF,0xFF,0xFF,},
    /* 594 */ {0x55,0x55,0xD4,0x51,0xDC,0xDD,0x55,0x55,0x54,0x95,0x5C,0x11,0xDC,0x19,0x55,0x55,
                 0x55,0x55,0xD5,0xD5,0xDD,0xDD,0x54,0x44,0xAA,0xAA,0x00,0x00,0x2A,0x2A,0x00,0x00,
                 0x00,0x00,0x2B,0xAE,0x01,0x00,0xAA,0xAA,0x01,0x40,0xA3,0xEE,0x01,0xC4,0xAA,0xAA,
                 0x00,0x00,0x2A,0x2A,0x00,0x00,0xAB,0xBB,0x55,0x55,0xFF,0xFF,0xD5,0xD5,0xFF,0xFF,
                 0xFF,0xFF,0xFF,0xFF,0xFF,0xFF,0xFF,0xFF,0xFF,0xFF,0xFF,0xFF,0xFF,0xFF,0xFF,0xFF,
                 0xFF,0xFF,0xFF,0xFF,0xFF,0xFF,0xFF,0xFF,0xFF,0xFF,0xFF,0xFF,0xFF,0xFF,0xFF,0xFF,},
    /* 595 */ {0x55,0x55,0x81,0x91,0xA9,0xDD,0x45,0x55,0x29,0x55,0x01,0x11,0x99,0x99,0x40,0x55,
                 0x44,0x55,0xC0,0x55,0xEA,0xDD,0x44,0x44,0xAA,0xAA,0x00,0x00,0x2A,0x2A,0x00,0x00,
                 0x00,0x00,0x7E,0x6E,0x54,0x00,0xBA,0xAA,0x54,0x00,0xFE,0xEE,0x44,0x44,0xBF,0xAA,
                 0x11,0x00,0x3F,0xAA,0x15,0x00,0xBB,0xBB,0x55,0x55,0xFF,0xFF,0xD5,0xD5,0xFF,0xFF,
                 0xFF,0xFF,0xFF,0xFF,0xFF,0xFF,0xFF,0xFF,0xFF,0xFF,0xFF,0xFF,0xFF,0xFF,0xFF,0xFF,
                 0xFF,0xFF,0xFF,0xFF,0xFF,0xFF,0xFF,0xFF,0xFF,0xFF,0xFF,0xFF,0xFF,0xFF,0xFF,0xFF,},
    /* 596 */ {0x55,0x55,0x91,0x91,0xDD,0xDD,0x55,0x55,0x55,0x55,0x11,0x11,0x99,0x99,0x55,0x55,
                 0x55,0x55,0xD5,0xD5,0xDD,0xDD,0x44,0x44,0xAA,0xAA,0x00,0x00,0x2A,0x2A,0x00,0x00,
                 0x00,0x00,0x6E,0x6E,0x00,0x00,0xAA,0xAA,0x00,0x00,0xEE,0xEE,0x44,0x44,0xAA,0xAA,
                 0x00,0x00,0x2A,0x2A,0x00,0x00,0xBB,0xBB,0x55,0x55,0xFF,0xFF,0xD5,0xD5,0xFF,0xFF,
                 0xFF,0xFF,0xFF,0xFF,0xFF,0xFF,0xFF,0xFF,0xFF,0xFF,0xFF,0xFF,0xFF,0xFF,0xFF,0xFF,
                 0xFF,0xFF,0xFF,0xFF,0xFF,0xFF,0xFF,0xFF,0xFF,0xFF,0xFF,0xFF,0xFF,0xFF,0xFF,0xFF,},
    /* 597 */ {0x55,0x55,0xD5,0xD5,0xDD,0xDD,0x55,0x55,0x55,0x55,0x5D,0x55,0xDD,0xDD,0x55,0x55,
                 0x55,0x55,0xD5,0xD5,0xDD,0xDD,0x55,0x55,0xB5,0x55,0x11,0x15,0x19,0x9D,0x00,0x15,
                 0x00,0x00,0x2A,0x2A,0x00,0x00,0xAA,0xAA,0x00,0x00,0xA2,0xAA,0x00,0x00,0xAA,0xAA,
                 0x00,0x00,0x2A,0x2A,0x00,0x00,0xAA,0xAA,0x40,0x00,0xEE,0xEA,0xC4,0x40,0xFF,0xEA,
                 0xFF,0xFF,0xFF,0xFF,0xFF,0xFF,0xFF,0xFF,0xFF,0xFF,0xFF,0xFF,0xFF,0xFF,0xFF,0xFF,
                 0xFF,0xFF,0xFF,0xFF,0xFF,0xFF,0xFF,0xFF,0xFF,0xFF,0xFF,0xFF,0xFF,0xFF,0xFF,0xFF,},
    /* 598 */ {0x55,0x55,0xD5,0xD5,0xDD,0xDD,0x55,0x55,0x56,0x55,0x5C,0x54,0xDD,0xDD,0x55,0x55,
                 0x55,0x55,0xD5,0xD5,0xDD,0xDD,0x54,0x55,0x72,0xDA,0x10,0x00,0x9A,0x5D,0x00,0x00,
                 0x00,0x00,0x2A,0x2A,0x00,0x00,0xAA,0xAA,0x01,0x00,0xA3,0xAB,0x00,0x00,0xAA,0xAA,
                 0x00,0x00,0x2A,0x2A,0x00,0x00,0xAB,0xAA,0x05,0x05,0xEF,0xFF,0x45,0x80,0xFF,0xFF,
                 0xFF,0xFF,0xFF,0xFF,0xFF,0xFF,0xFF,0xFF,0xFF,0xFF,0xFF,0xFF,0xFF,0xFF,0xFF,0xFF,
                 0xFF,0xFF,0xFF,0xFF,0xFF,0xFF,0xFF,0xFF,0xFF,0xFF,0xFF,0xFF,0xFF,0xFF,0xFF,0xFF,},
    /* 599 */ {0x55,0x55,0xD5,0x55,0xDD,0xAA,0x55,0x55,0x55,0xAA,0x00,0x00,0x5D,0x5A,0x55,0x50,
                 0x57,0x77,0xD0,0x00,0xDA,0xAA,0x55,0x40,0xAA,0xAA,0x00,0x00,0x5A,0x2A,0x00,0x00,
                 0x00,0x00,0x2A,0xAA,0x00,0x55,0xAA,0xAA,0x00,0x55,0xFF,0xFF,0x80,0x85,0xAA,0xAF,
                 0x00,0x00,0x2F,0xFF,0x05,0x55,0xAA,0xBF,0x55,0x55,0xFF,0xFF,0x85,0xD5,0xFF,0xFF,
                 0xFF,0xFF,0xFF,0xFF,0xFF,0xFF,0xFF,0xFF,0xFF,0xFF,0xFF,0xFF,0xFF,0xFF,0xFF,0xFF,
                 0xFF,0xFF,0xFF,0xFF,0xFF,0xFF,0xFF,0xFF,0xFF,0xFF,0xFF,0xFF,0xFF,0xFF,0xFF,0xFF,},
    /* 600 */ {0x55,0x55,0x55,0x55,0xAA,0xDD,0x55,0x55,0xAA,0xD5,0x00,0x01,0x5D,0x5D,0x55,0x55,
                 0x75,0x55,0x05,0xD5,0xAD,0xDD,0x15,0x55,0xAA,0xAD,0x00,0x00,0x2A,0x5D,0x00,0x00,
                 0x00,0x00,0xAA,0xAA,0x55,0x00,0xAA,0xAA,0x55,0x00,0xFF,0xFE,0x80,0x80,0xAA,0xAA,
                 0x00,0x00,0xFA,0x2A,0x50,0x00,0xEA,0xAA,0x55,0x50,0xFF,0xFF,0xD5,0x80,0xFF,0xFF,
                 0xFF,0xFF,0xFF,0xFF,0xFF,0xFF,0xFF,0xFF,0xFF,0xFF,0xFF,0xFF,0xFF,0xFF,0xFF,0xFF,
                 0xFF,0xFF,0xFF,0xFF,0xFF,0xFF,0xFF,0xFF,0xFF,0xFF,0xFF,0xFF,0xFF,0xFF,0xFF,0xFF,},
    /* 601 */ {0x55,0x55,0xD5,0xD5,0xDD,0xDD,0x55,0x55,0x55,0x55,0x5D,0x55,0xDD,0xDD,0x55,0x55,
                 0x55,0x55,0xD5,0xD5,0xDD,0xDD,0x55,0x55,0x75,0x5A,0x00,0x00,0x5D,0x5D,0x00,0x00,
                 0x00,0x00,0x2A,0x2A,0x00,0x00,0xAA,0xAA,0x00,0x00,0xA2,0xAA,0x00,0x00,0xAA,0xAA,
                 0x00,0x00,0x2A,0x2A,0x00,0x00,0xAA,0xAA,0x00,0x05,0xFF,0xFF,0x80,0x80,0xFF,0xFF,
                 0xFF,0xFF,0xFF,0xFF,0xFF,0xFF,0xFF,0xFF,0xFF,0xFF,0xFF,0xFF,0xFF,0xFF,0xFF,0xFF,
                 0xFF,0xFF,0xFF,0xFF,0xFF,0xFF,0xFF,0xFF,0xFF,0xFF,0xFF,0xFF,0xFF,0xFF,0xFF,0xFF,},
    /* 602 */ {0x55,0x55,0xD5,0x55,0xDD,0xDA,0x55,0x55,0x55,0x5A,0x40,0x00,0xDD,0x5D,0x55,0x55,
                 0x55,0x55,0xD5,0xD5,0xDD,0xDD,0x55,0x55,0xAA,0xAA,0x00,0x00,0x5A,0x2A,0x00,0x00,
                 0x00,0x00,0x2A,0xAA,0x00,0x05,0xAA,0xAA,0x00,0x05,0xBF,0xFF,0x00,0x80,0xAA,0xAA,
                 0x00,0x00,0x2A,0x2A,0x00,0x00,0xAA,0xAA,0x55,0x55,0xFF,0xFF,0x85,0xD5,0xFF,0xFF,
                 0xFF,0xFF,0xFF,0xFF,0xFF,0xFF,0xFF,0xFF,0xFF,0xFF,0xFF,0xFF,0xFF,0xFF,0xFF,0xFF,
                 0xFF,0xFF,0xFF,0xFF,0xFF,0xFF,0xFF,0xFF,0xFF,0xFF,0xFF,0xFF,0xFF,0xFF,0xFF,0xFF,},
    /* 603 */ {0x55,0x55,0x55,0x55,0xDD,0xDD,0x55,0x55,0xD5,0x55,0x00,0x00,0x5D,0x5D,0x55,0x55,
                 0x55,0x57,0xD5,0xD0,0xDD,0xDA,0x55,0x54,0xAA,0xAA,0x00,0x00,0x2A,0x2A,0x00,0x00,
                 0x00,0x00,0xAA,0xAA,0x00,0x00,0xAA,0xAA,0x00,0x00,0xFF,0xFF,0x80,0x80,0xAA,0xAA,
                 0x00,0x00,0x2A,0x2F,0x00,0x05,0xAA,0xAB,0x55,0x55,0xFF,0xFF,0xD5,0xD5,0xFF,0xFF,
                 0xFF,0xFF,0xFF,0xFF,0xFF,0xFF,0xFF,0xFF,0xFF,0xFF,0xFF,0xFF,0xFF,0xFF,0xFF,0xFF,
                 0xFF,0xFF,0xFF,0xFF,0xFF,0xFF,0xFF,0xFF,0xFF,0xFF,0xFF,0xFF,0xFF,0xFF,0xFF,0xFF,},
    /* 604 */ {0x55,0x55,0xD5,0x55,0xDD,0xDD,0x55,0x55,0x55,0x55,0x00,0x00,0x5D,0x5D,0x55,0x55,
                 0x77,0x77,0x00,0x00,0xAA,0xAA,0x00,0x00,0xAA,0xAA,0x00,0x00,0x2A,0x2A,0x00,0x00,
                 0x00,0x00,0x2A,0xAA,0x00,0x00,0xAA,0xAA,0x00,0x00,0xFF,0xFF,0x80,0x80,0xAA,0xAA,
                 0x00,0x00,0xFF,0xFF,0x55,0x55,0xFF,0xFF,0x55,0x55,0xFF,0xFF,0xD5,0xD5,0xFF,0xFF,
                 0xFF,0xFF,0xFF,0xFF,0xFF,0xFF,0xFF,0xFF,0xFF,0xFF,0xFF,0xFF,0xFF,0xFF,0xFF,0xFF,
                 0xFF,0xFF,0xFF,0xFF,0xFF,0xFF,0xFF,0xFF,0xFF,0xFF,0xFF,0xFF,0xFF,0xFF,0xFF,0xFF,},
    /* 605 */ {0x55,0x55,0xD5,0xD5,0xDD,0xDF,0x55,0x55,0x55,0x57,0x01,0x57,0x5D,0xDD,0x55,0x55,
                 0x75,0x55,0x05,0xD5,0xAD,0xDD,0x01,0x55,0xAA,0xA7,0x00,0x07,0x2A,0x2D,0x00,0x07,
                 0x00,0x02,0x2A,0x28,0x00,0x02,0xAA,0xA8,0x00,0x02,0xFE,0xA8,0x80,0x02,0xAA,0xA8,
                 0x00,0x02,0xFA,0x28,0x50,0x02,0xFE,0xA8,0x55,0x52,0xFF,0xF8,0xD5,0xD2,0xFF,0xF8,
                 0xFF,0xFC,0xFF,0xFE,0xFF,0xFC,0xFF,0xFE,0xFF,0xFC,0xFF,0xFE,0xFF,0xFC,0xFF,0xFE,
                 0xFF,0xFC,0xFF,0xFE,0xFF,0xFC,0xFF,0xFE,0xFF,0xFC,0xFF,0xFE,0xFF,0xFC,0xFF,0xFE,},
};

static const UWORD bg_tilemap[BG_MAP_TOTAL] = {
    0x0000,0x0001,0x0002,0x0003,0x0004,0x0004,0x0005,0x0006,0x0004,0x0004,0x0007,0x0008,0x0009,0x000A,0x0004,0x0004,
    0x0004,0x000B,0x000B,0x000C,0x000D,0x000E,0x000F,0x0010,0x0010,0x0010,0x0010,0x0010,0x0010,0x0010,0x0010,0x0011,
    0x0012,0x0010,0x0010,0x0010,0x0010,0x0010,0x0010,0x0013,0x0014,0x0015,0x0016,0x0010,0x0010,0x0010,0x0010,0x0010,
    0x0010,0x0010,0x0010,0x0010,0x0017,0x0010,0x0010,0x0010,0x0010,0x0010,0x0010,0x0018,0x0019,0x001A,0x001B,0x001C,
    0x001D,0x0010,0x0010,0x0010,0x0010,0x0010,0x0010,0x0010,0x0010,0x0010,0x0010,0x0010,0x0010,0x0010,0x0010,0x001E,
    0x001F,0x0020,0x0021,0x0022,0x0023,0x0024,0x0025,0x0026,0x0010,0x0010,0x0010,0x0010,0x0010,0x0010,0x0010,0x0010,
    0x0010,0x0010,0x0010,0x0027,0x0028,0x0029,0x002A,0x002B,0x002C,0x002D,0x002E,0x002F,0x0030,0x0031,0x0032,0x0033,
    0x0010,0x0010,0x0010,0x0010,0x0010,0x0034,0x0035,0x0036,0x0037,0x0038,0x0039,0x003A,0x003B,0x003C,0x003D,0x003E,
    0x003F,0x0040,0x0041,0x0042,0x0043,0x0044,0x0045,0x0010,0x0046,0x0047,0x0048,0x0049,0x004A,0x003B,0x004B,0x004C,
    0x004D,0x004E,0x003B,0x003B,0x003B,0x003B,0x004F,0x0050,0x0021,0x0051,0x0052,0x0053,0x0054,0x0055,0x0056,0x0057,
    0x0058,0x0059,0x005A,0x005B,0x005C,0x005D,0x005E,0x005F,0x0060,0x0061,0x003B,0x0062,0x0063,0x0064,0x0065,0x0066,
    0x0067,0x0068,0x0069,0x006A,0x006B,0x006C,0x006D,0x006E,0x006F,0x0070,0x0070,0x0071,0x0072,0x0073,0x0074,0x0075,
    0x0076,0x0077,0x0078,0x0079,0x007A,0x007B,0x007C,0x007D,0x007E,0x007F,0x0080,0x0081,0x0082,0x0083,0x0084,0x0085,
    0x0086,0x0087,0x0088,0x0089,0x008A,0x008B,0x008C,0x008D,0x008E,0x008F,0x0090,0x0091,0x0092,0x0093,0x0094,0x0095,
    0x0096,0x0097,0x0098,0x0099,0x009A,0x009B,0x009C,0x009D,0x009E,0x005B,0x005B,0x009F,0x00A0,0x005B,0x00A1,0x00A2,
    0x00A3,0x00A4,0x00A5,0x00A6,0x00A7,0x00A8,0x00A9,0x00AA,0x00A6,0x00AB,0x00AC,0x00AD,0x00AE,0x00AF,0x00B0,0x005B,
    0x005B,0x00B1,0x00B2,0x00B3,0x00B4,0x00B5,0x00A6,0x00B6,0x00B7,0x00B8,0x00B9,0x00BA,0x00BB,0x00BC,0x00BD,0x00BE,
    0x00BF,0x00C0,0x00C1,0x00C2,0x00C3,0x00C4,0x00C5,0x00C6,0x00C7,0x00C8,0x00A6,0x00A6,0x00C9,0x00CA,0x00CB,0x00CC,
    0x00A6,0x00CD,0x00CE,0x00CF,0x00D0,0x00D1,0x005B,0x005B,0x00D2,0x00D3,0x00D4,0x00D5,0x00D6,0x00D7,0x00D8,0x00A6,
    0x00D9,0x00DA,0x00DB,0x00A6,0x00DC,0x00DD,0x00DE,0x00DF,0x00E0,0x00E1,0x005B,0x00E2,0x00E3,0x00E4,0x00E5,0x00E6,
    0x00E7,0x00E8,0x00E9,0x00EA,0x00EB,0x00EC,0x00ED,0x00EE,0x00EF,0x00F0,0x00F1,0x00F2,0x00F3,0x00F4,0x00F5,0x00F6,
    0x00F7,0x00F8,0x00F9,0x00FA,0x00FB,0x00FC,0x00FD,0x00FE,0x00B9,0x00B9,0x00B9,0x00FF,0x0100,0x0101,0x0102,0x0103,
    0x0104,0x0105,0x0106,0x0107,0x0108,0x0109,0x010A,0x010B,0x010C,0x010D,0x010E,0x010F,0x0110,0x0111,0x0112,0x0113,
    0x0114,0x0115,0x0116,0x0117,0x0118,0x0119,0x011A,0x011B,0x011C,0x011D,0x011E,0x011F,0x0120,0x00A6,0x00A6,0x0121,
    0x0122,0x0123,0x0124,0x0125,0x0126,0x0127,0x0128,0x0129,0x012A,0x012B,0x012C,0x012D,0x012E,0x00A6,0x00A6,0x012F,
    0x0130,0x00A6,0x00A6,0x00A6,0x00A6,0x00A6,0x0131,0x0132,0x0133,0x0134,0x0135,0x0136,0x0137,0x0138,0x0139,0x013A,
    0x013B,0x00A6,0x00A6,0x012F,0x013C,0x00A6,0x00A6,0x00A6,0x00A6,0x00A6,0x00A6,0x013D,0x013E,0x013F,0x0140,0x00A6,
    0x0141,0x0142,0x0143,0x00A6,0x0144,0x0145,0x0146,0x012F,0x0147,0x0148,0x00A6,0x0149,0x00A6,0x00A6,0x014A,0x014B,
    0x014C,0x014D,0x014E,0x014F,0x00A6,0x00A6,0x00A6,0x0150,0x0151,0x0152,0x0153,0x0154,0x0155,0x0156,0x0157,0x0158,
    0x0159,0x015A,0x015B,0x015C,0x015D,0x015E,0x015F,0x0160,0x0161,0x0162,0x0163,0x0164,0x0165,0x0166,0x0167,0x0168,
    0x0169,0x016A,0x016B,0x016C,0x0133,0x016D,0x016E,0x016F,0x0170,0x0171,0x0172,0x0173,0x0174,0x0175,0x0133,0x0176,
    0x0177,0x0178,0x0179,0x017A,0x017B,0x017C,0x017D,0x017E,0x017F,0x0180,0x0181,0x0182,0x0183,0x0184,0x0185,0x00A6,
    0x0186,0x0187,0x0188,0x0189,0x018A,0x018B,0x018C,0x018D,0x018E,0x005B,0x005B,0x005B,0x005B,0x018F,0x0190,0x0191,
    0x0192,0x0193,0x0194,0x00A6,0x0195,0x0196,0x0197,0x0198,0x0199,0x019A,0x019B,0x019C,0x019D,0x005B,0x005B,0x005B,
    0x005B,0x005B,0x005B,0x019E,0x019F,0x01A0,0x01A1,0x01A2,0x01A3,0x01A4,0x01A5,0x01A6,0x01A7,0x005B,0x005B,0x01A8,
    0x01A9,0x005B,0x005B,0x005B,0x01AA,0x01AB,0x01AC,0x01AD,0x01AE,0x01AF,0x01B0,0x01B1,0x01B2,0x01B3,0x01B4,0x01B5,
    0x01B6,0x01B7,0x01B8,0x01B9,0x01BA,0x01BB,0x005B,0x01BC,0x01BD,0x01BE,0x01BF,0x01C0,0x003B,0x003B,0x01C1,0x01C2,
    0x01C3,0x01C4,0x01C5,0x01C6,0x01C7,0x01C8,0x01C9,0x01CA,0x01CB,0x01CC,0x01CD,0x01CE,0x01CF,0x01D0,0x01D1,0x01D2,
    0x01D3,0x01D4,0x003B,0x003B,0x01D5,0x01D6,0x01D7,0x01D8,0x01D9,0x01DA,0x01DA,0x01DB,0x01DC,0x01DD,0x01DE,0x01DF,
    0x01E0,0x01E1,0x01E2,0x01E3,0x01E4,0x01E5,0x003B,0x003B,0x003B,0x003B,0x01E6,0x01E7,0x01E8,0x01E9,0x01EA,0x01EB,
    0x01EC,0x01ED,0x01EE,0x01EF,0x0021,0x0021,0x0021,0x01F0,0x01F1,0x01F2,0x003B,0x003B,0x01F3,0x003B,0x01F4,0x01F5,
    0x01F6,0x01F7,0x01F8,0x01F9,0x01FA,0x0021,0x01FB,0x01FC,0x01FD,0x01FE,0x0021,0x01FF,0x0200,0x003B,0x003B,0x003B,
    0x003B,0x003B,0x0201,0x0202,0x0203,0x0204,0x0205,0x0206,0x0207,0x0208,0x0209,0x020A,0x0010,0x020B,0x0021,0x020C,
    0x020D,0x003B,0x003B,0x020E,0x020F,0x020F,0x020F,0x0210,0x0211,0x0212,0x0213,0x0214,0x0215,0x0216,0x0217,0x0218,
    0x0219,0x021A,0x0021,0x021B,0x003B,0x021C,0x021D,0x021E,0x003B,0x003B,0x003B,0x021F,0x0220,0x0221,0x0222,0x0223,
    0x0224,0x0021,0x0225,0x0226,0x0227,0x0021,0x0021,0x0228,0x0229,0x022A,0x022B,0x022C,0x022D,0x022E,0x022F,0x0230,
    0x0231,0x0232,0x0233,0x0234,0x0235,0x0236,0x0237,0x0238,0x0021,0x0239,0x023A,0x023B,0x0021,0x0021,0x0021,0x0021,
    0x023C,0x0021,0x0021,0x023D,0x023E,0x023F,0x0240,0x0241,0x0242,0x0021,0x0021,0x0021,0x0021,0x0021,0x0021,0x0243,
    0x0244,0x0245,0x0021,0x0021,0x0021,0x0246,0x0247,0x0248,0x0249,0x024A,0x024B,0x024C,0x024D,0x0021,0x0021,0x024E,
    0x024F,0x0250,0x0251,0x0252,0x0253,0x0254,0x0255,0x0021,0x0256,0x0257,0x0258,0x0259,0x025A,0x025B,0x025C,0x025D,
};

// PF1 bitplane -> screen_mem plane offset (PF1=3 PF2=3)
static const int bg_pf1_plane_screen[3] = { 0, 2, 4 };
